video_name,frame_number,timestamp_ms,valid_deteccion,sphere_center_x,sphere_center_y,sphere_center_z,pupil_center_x,pupil_center_y,gaze_x,gaze_y,gaze_z,ellipse_width,ellipse_height,ellipse_angle
grabacion_experimento_ESP32CAM_4_ROI_640x480.mp4,1,33.333,True,320.000,240.000,0.000,431.000,211.000,0.432045,0.112877,0.894760,68.322,116.369,8.989
grabacion_experimento_ESP32CAM_4_ROI_640x480.mp4,2,66.667,True,320.000,240.000,0.000,430.000,212.000,0.427659,0.108859,0.897362,68.562,117.563,7.903
grabacion_experimento_ESP32CAM_4_ROI_640x480.mp4,3,100.000,True,320.000,240.000,0.000,430.000,213.000,0.427561,0.104947,0.897874,68.807,118.363,8.938
grabacion_experimento_ESP32CAM_4_ROI_640x480.mp4,4,133.333,True,320.000,240.000,0.000,430.000,213.000,0.427561,0.104947,0.897874,69.816,118.367,8.708
grabacion_experimento_ESP32CAM_4_ROI_640x480.mp4,5,166.667,True,320.000,240.000,0.000,430.000,213.000,0.427561,0.104947,0.897874,70.424,119.485,9.166
grabacion_experimento_ESP32CAM_4_ROI_640x480.mp4,6,200.000,True,320.000,240.000,0.000,430.000,214.000,0.427468,0.101038,0.898367,71.581,120.649,8.776
grabacion_experimento_ESP32CAM_4_ROI_640x480.mp4,7,233.333,True,320.000,240.000,0.000,429.000,214.000,0.423200,0.100947,0.900395,71.332,120.277,9.725
grabacion_experimento_ESP32CAM_4_ROI_640x480.mp4,8,266.667,True,320.000,240.000,0.000,429.000,214.000,0.423200,0.100947,0.900395,71.092,120.136,9.494
grabacion_experimento_ESP32CAM_4_ROI_640x480.mp4,9,300.000,True,320.000,240.000,0.000,429.000,214.000,0.423200,0.100947,0.900395,71.098,118.542,9.922
grabacion_experimento_ESP32CAM_4_ROI_640x480.mp4,10,333.333,True,320.000,240.000,0.000,429.000,214.000,0.423200,0.100947,0.900395,71.020,117.672,9.741
grabacion_experimento_ESP32CAM_4_ROI_640x480.mp4,11,366.667,True,320.000,240.000,0.000,429.000,214.000,0.423200,0.100947,0.900395,70.857,118.187,8.915
grabacion_experimento_ESP32CAM_4_ROI_640x480.mp4,12,400.000,True,320.000,240.000,0.000,429.000,214.000,0.423200,0.100947,0.900395,70.180,117.898,9.719
grabacion_experimento_ESP32CAM_4_ROI_640x480.mp4,13,433.333,True,320.000,240.000,0.000,429.000,215.000,0.423112,0.097044,0.900866,69.759,114.847,11.142
grabacion_experimento_ESP32CAM_4_ROI_640x480.mp4,14,466.667,True,320.000,240.000,0.000,429.000,215.000,0.423112,0.097044,0.900866,68.890,115.649,10.421
grabacion_experimento_ESP32CAM_4_ROI_640x480.mp4,15,500.000,True,320.000,240.000,0.000,429.000,215.000,0.423112,0.097044,0.900866,68.783,113.720,10.198
grabacion_experimento_ESP32CAM_4_ROI_640x480.mp4,16,533.333,True,320.000,240.000,0.000,429.000,216.000,0.423027,0.093143,0.901317,69.255,114.141,11.130
grabacion_experimento_ESP32CAM_4_ROI_640x480.mp4,17,566.667,True,320.000,240.000,0.000,429.000,216.000,0.423027,0.093143,0.901317,69.379,116.168,11.002
grabacion_experimento_ESP32CAM_4_ROI_640x480.mp4,18,600.000,True,320.000,240.000,0.000,429.000,216.000,0.423027,0.093143,0.901317,70.407,115.834,10.636
grabacion_experimento_ESP32CAM_4_ROI_640x480.mp4,19,633.333,True,320.000,240.000,0.000,429.000,217.000,0.422945,0.089245,0.901750,70.050,116.051,10.133
grabacion_experimento_ESP32CAM_4_ROI_640x480.mp4,20,666.667,True,320.000,240.000,0.000,430.000,217.000,0.427209,0.089326,0.899730,70.909,116.912,10.514
grabacion_experimento_ESP32CAM_4_ROI_640x480.mp4,21,700.000,True,320.000,240.000,0.000,430.000,217.000,0.427209,0.089326,0.899730,70.483,117.267,10.351
grabacion_experimento_ESP32CAM_4_ROI_640x480.mp4,22,733.333,True,320.000,240.000,0.000,430.000,217.000,0.427209,0.089326,0.899730,71.368,118.775,10.323
grabacion_experimento_ESP32CAM_4_ROI_640x480.mp4,23,766.667,True,320.000,240.000,0.000,430.000,217.000,0.427209,0.089326,0.899730,70.951,118.905,10.564
grabacion_experimento_ESP32CAM_4_ROI_640x480.mp4,24,800.000,True,320.000,240.000,0.000,430.000,218.000,0.427130,0.085426,0.900146,70.441,120.151,10.617
grabacion_experimento_ESP32CAM_4_ROI_640x480.mp4,25,833.333,True,320.000,240.000,0.000,430.000,218.000,0.427130,0.085426,0.900146,70.575,116.694,10.702
grabacion_experimento_ESP32CAM_4_ROI_640x480.mp4,26,866.667,True,320.000,240.000,0.000,431.000,218.000,0.431406,0.085504,0.898097,71.153,116.579,10.311
grabacion_experimento_ESP32CAM_4_ROI_640x480.mp4,27,900.000,True,331.000,199.000,0.000,431.000,219.000,0.375440,-0.187790,0.907623,70.894,115.912,11.426
grabacion_experimento_ESP32CAM_4_ROI_640x480.mp4,28,933.333,True,342.000,201.000,0.000,431.000,219.000,0.316596,-0.175555,0.932173,70.799,116.873,10.773
grabacion_experimento_ESP32CAM_4_ROI_640x480.mp4,29,966.667,True,346.000,201.000,0.000,431.000,219.000,0.295602,-0.175803,0.938996,70.465,116.991,11.042
grabacion_experimento_ESP32CAM_4_ROI_640x480.mp4,30,1000.000,True,348.000,202.000,0.000,431.000,219.000,0.284901,-0.169402,0.943469,70.623,116.899,11.437
grabacion_experimento_ESP32CAM_4_ROI_640x480.mp4,31,1033.333,True,349.000,202.000,0.000,431.000,219.000,0.279682,-0.169458,0.945019,70.873,116.832,10.451
grabacion_experimento_ESP32CAM_4_ROI_640x480.mp4,32,1066.667,True,350.000,202.000,0.000,431.000,219.000,0.274470,-0.169513,0.946537,71.388,117.608,11.333
grabacion_experimento_ESP32CAM_4_ROI_640x480.mp4,33,1100.000,True,350.000,202.000,0.000,431.000,219.000,0.274470,-0.169513,0.946537,71.384,118.294,10.568
grabacion_experimento_ESP32CAM_4_ROI_640x480.mp4,34,1133.333,True,351.000,202.000,0.000,431.000,220.000,0.269402,-0.173343,0.947299,71.946,118.499,11.314
grabacion_experimento_ESP32CAM_4_ROI_640x480.mp4,35,1166.667,True,351.000,202.000,0.000,431.000,220.000,0.269402,-0.173343,0.947299,72.064,118.534,10.900
grabacion_experimento_ESP32CAM_4_ROI_640x480.mp4,36,1200.000,True,351.000,202.000,0.000,431.000,220.000,0.269402,-0.173343,0.947299,72.692,118.476,11.000
grabacion_experimento_ESP32CAM_4_ROI_640x480.mp4,37,1233.333,True,350.000,202.000,0.000,431.000,220.000,0.274608,-0.173291,0.945812,73.021,118.618,10.968
grabacion_experimento_ESP32CAM_4_ROI_640x480.mp4,38,1266.667,True,349.000,202.000,0.000,431.000,220.000,0.279821,-0.173239,0.944293,73.046,119.954,10.822
grabacion_experimento_ESP32CAM_4_ROI_640x480.mp4,39,1300.000,True,349.000,202.000,0.000,431.000,220.000,0.279821,-0.173239,0.944293,72.895,119.703,10.187
grabacion_experimento_ESP32CAM_4_ROI_640x480.mp4,40,1333.333,True,348.000,202.000,0.000,431.000,220.000,0.285041,-0.173185,0.942740,73.052,119.751,10.531
grabacion_experimento_ESP32CAM_4_ROI_640x480.mp4,41,1366.667,True,348.000,201.000,0.000,431.000,220.000,0.285289,-0.179703,0.941444,72.208,120.316,11.158
grabacion_experimento_ESP32CAM_4_ROI_640x480.mp4,42,1400.000,True,348.000,201.000,0.000,431.000,220.000,0.285289,-0.179703,0.941444,72.451,121.478,10.699
grabacion_experimento_ESP32CAM_4_ROI_640x480.mp4,43,1433.333,True,348.000,201.000,0.000,431.000,220.000,0.285289,-0.179703,0.941444,72.684,121.083,11.722
grabacion_experimento_ESP32CAM_4_ROI_640x480.mp4,44,1466.667,True,348.000,201.000,0.000,431.000,220.000,0.285289,-0.179703,0.941444,73.807,120.849,10.212
grabacion_experimento_ESP32CAM_4_ROI_640x480.mp4,45,1500.000,True,348.000,201.000,0.000,431.000,221.000,0.285437,-0.183489,0.940668,73.607,121.580,11.248
grabacion_experimento_ESP32CAM_4_ROI_640x480.mp4,46,1533.333,True,347.000,201.000,0.000,431.000,221.000,0.290664,-0.183437,0.939077,74.128,120.980,10.992
grabacion_experimento_ESP32CAM_4_ROI_640x480.mp4,47,1566.667,True,347.000,201.000,0.000,431.000,222.000,0.290817,-0.187228,0.938281,73.964,121.925,10.325
grabacion_experimento_ESP32CAM_4_ROI_640x480.mp4,48,1600.000,True,347.000,201.000,0.000,431.000,222.000,0.290817,-0.187228,0.938281,74.350,120.878,11.577
grabacion_experimento_ESP32CAM_4_ROI_640x480.mp4,49,1633.333,True,347.000,201.000,0.000,431.000,223.000,0.290973,-0.191022,0.937468,73.404,120.257,11.869
grabacion_experimento_ESP32CAM_4_ROI_640x480.mp4,50,1666.667,True,347.000,201.000,0.000,430.000,223.000,0.286918,-0.191058,0.938709,73.467,116.422,13.584
grabacion_experimento_ESP32CAM_4_ROI_640x480.mp4,51,1700.000,True,347.000,201.000,0.000,428.000,222.000,0.278684,-0.187342,0.941933,85.636,100.132,166.582
grabacion_experimento_ESP32CAM_4_ROI_640x480.mp4,52,1733.333,True,347.000,201.000,0.000,426.000,219.000,0.270216,-0.176077,0.946562,89.008,116.668,178.433
grabacion_experimento_ESP32CAM_4_ROI_640x480.mp4,53,1766.667,True,347.000,201.000,0.000,426.000,217.000,0.269951,-0.168529,0.948011,74.688,131.428,12.554
grabacion_experimento_ESP32CAM_4_ROI_640x480.mp4,54,1800.000,True,347.000,201.000,0.000,424.000,215.000,0.261704,-0.161083,0.951611,73.179,125.111,11.153
grabacion_experimento_ESP32CAM_4_ROI_640x480.mp4,55,1833.333,True,347.000,201.000,0.000,424.000,214.000,0.261585,-0.157319,0.952273,73.249,121.089,8.924
grabacion_experimento_ESP32CAM_4_ROI_640x480.mp4,56,1866.667,True,346.000,201.000,0.000,424.000,214.000,0.266763,-0.157255,0.950846,72.489,121.009,9.652
grabacion_experimento_ESP32CAM_4_ROI_640x480.mp4,57,1900.000,True,346.000,201.000,0.000,425.000,215.000,0.270883,-0.160973,0.949058,71.589,121.647,9.970
grabacion_experimento_ESP32CAM_4_ROI_640x480.mp4,58,1933.333,True,346.000,201.000,0.000,425.000,217.000,0.271133,-0.168515,0.947676,72.494,121.116,8.951
grabacion_experimento_ESP32CAM_4_ROI_640x480.mp4,59,1966.667,True,346.000,201.000,0.000,425.000,218.000,0.271263,-0.172289,0.946960,72.319,119.890,8.565
grabacion_experimento_ESP32CAM_4_ROI_640x480.mp4,60,2000.000,True,346.000,201.000,0.000,425.000,220.000,0.271531,-0.179842,0.945477,72.669,119.783,8.585
grabacion_experimento_ESP32CAM_4_ROI_640x480.mp4,61,2033.333,True,346.000,201.000,0.000,427.000,221.000,0.279714,-0.183545,0.942375,73.159,118.851,10.552
grabacion_experimento_ESP32CAM_4_ROI_640x480.mp4,62,2066.667,True,346.000,201.000,0.000,429.000,222.000,0.287938,-0.187256,0.939163,72.538,118.555,9.356
grabacion_experimento_ESP32CAM_4_ROI_640x480.mp4,63,2100.000,True,346.000,201.000,0.000,430.000,223.000,0.292145,-0.191011,0.937105,70.765,117.955,10.691
grabacion_experimento_ESP32CAM_4_ROI_640x480.mp4,64,2133.333,True,347.000,201.000,0.000,432.000,224.000,0.295196,-0.194782,0.935371,66.856,115.342,13.447
grabacion_experimento_ESP32CAM_4_ROI_640x480.mp4,65,2166.667,True,347.000,201.000,0.000,434.000,225.000,0.303521,-0.198515,0.931916,65.430,112.998,13.850
grabacion_experimento_ESP32CAM_4_ROI_640x480.mp4,66,2200.000,True,347.000,201.000,0.000,434.000,225.000,0.303521,-0.198515,0.931916,66.026,113.607,13.576
grabacion_experimento_ESP32CAM_4_ROI_640x480.mp4,67,2233.333,True,347.000,201.000,0.000,438.000,226.000,0.320130,-0.202189,0.925546,58.557,117.563,6.388
grabacion_experimento_ESP32CAM_4_ROI_640x480.mp4,68,2266.667,True,347.000,201.000,0.000,446.000,226.000,0.353487,-0.201896,0.913392,51.919,119.432,2.759
grabacion_experimento_ESP32CAM_4_ROI_640x480.mp4,69,2300.000,True,347.000,201.000,0.000,455.000,224.000,0.391451,-0.193793,0.899561,51.263,119.793,1.133
grabacion_experimento_ESP32CAM_4_ROI_640x480.mp4,70,2333.333,True,347.000,201.000,0.000,465.000,222.000,0.434891,-0.185454,0.881179,51.474,117.314,0.972
grabacion_experimento_ESP32CAM_4_ROI_640x480.mp4,71,2366.667,True,347.000,201.000,0.000,474.000,220.000,0.475266,-0.176956,0.861863,47.954,113.606,1.960
grabacion_experimento_ESP32CAM_4_ROI_640x480.mp4,72,2400.000,True,347.000,201.000,0.000,480.000,218.000,0.502848,-0.168523,0.847788,47.425,109.470,1.998
grabacion_experimento_ESP32CAM_4_ROI_640x480.mp4,73,2433.333,True,347.000,201.000,0.000,482.000,216.000,0.511866,-0.160418,0.843954,43.984,103.913,1.903
grabacion_experimento_ESP32CAM_4_ROI_640x480.mp4,74,2466.667,True,347.000,201.000,0.000,483.000,217.000,0.516923,-0.164246,0.840127,40.849,99.356,1.555
grabacion_experimento_ESP32CAM_4_ROI_640x480.mp4,75,2500.000,True,347.000,201.000,0.000,483.000,217.000,0.516923,-0.164246,0.840127,40.945,95.320,0.972
grabacion_experimento_ESP32CAM_4_ROI_640x480.mp4,76,2533.333,True,347.000,201.000,0.000,482.000,217.000,0.512122,-0.164362,0.843040,39.015,94.922,1.086
grabacion_experimento_ESP32CAM_4_ROI_640x480.mp4,77,2566.667,True,346.000,201.000,0.000,482.000,217.000,0.518051,-0.164219,0.839438,41.029,92.928,1.391
grabacion_experimento_ESP32CAM_4_ROI_640x480.mp4,78,2600.000,True,346.000,201.000,0.000,482.000,217.000,0.518051,-0.164219,0.839438,39.536,92.042,1.073
grabacion_experimento_ESP32CAM_4_ROI_640x480.mp4,79,2633.333,True,346.000,201.000,0.000,482.000,216.000,0.517793,-0.160269,0.840359,38.213,92.501,1.228
grabacion_experimento_ESP32CAM_4_ROI_640x480.mp4,80,2666.667,True,346.000,201.000,0.000,482.000,217.000,0.518051,-0.164219,0.839438,38.444,90.732,0.743
grabacion_experimento_ESP32CAM_4_ROI_640x480.mp4,81,2700.000,True,346.000,201.000,0.000,482.000,217.000,0.518051,-0.164219,0.839438,37.448,89.897,0.742
grabacion_experimento_ESP32CAM_4_ROI_640x480.mp4,82,2733.333,True,346.000,201.000,0.000,483.000,217.000,0.522875,-0.164101,0.836464,38.105,91.156,0.326
grabacion_experimento_ESP32CAM_4_ROI_640x480.mp4,83,2766.667,True,346.000,201.000,0.000,483.000,217.000,0.522875,-0.164101,0.836464,38.140,91.465,0.994
grabacion_experimento_ESP32CAM_4_ROI_640x480.mp4,84,2800.000,True,346.000,201.000,0.000,483.000,217.000,0.522875,-0.164101,0.836464,37.452,92.548,0.438
grabacion_experimento_ESP32CAM_4_ROI_640x480.mp4,85,2833.333,True,346.000,201.000,0.000,483.000,217.000,0.522875,-0.164101,0.836464,39.235,89.373,1.262
grabacion_experimento_ESP32CAM_4_ROI_640x480.mp4,86,2866.667,True,346.000,201.000,0.000,483.000,217.000,0.522875,-0.164101,0.836464,39.214,90.376,1.091
grabacion_experimento_ESP32CAM_4_ROI_640x480.mp4,87,2900.000,True,345.000,201.000,0.000,483.000,217.000,0.528848,-0.163952,0.832730,39.010,91.067,1.256
grabacion_experimento_ESP32CAM_4_ROI_640x480.mp4,88,2933.333,True,345.000,201.000,0.000,483.000,218.000,0.529118,-0.167915,0.831768,39.572,91.614,1.497
grabacion_experimento_ESP32CAM_4_ROI_640x480.mp4,89,2966.667,True,345.000,201.000,0.000,483.000,218.000,0.529118,-0.167915,0.831768,39.614,91.328,1.681
grabacion_experimento_ESP32CAM_4_ROI_640x480.mp4,90,3000.000,True,345.000,201.000,0.000,483.000,218.000,0.529118,-0.167915,0.831768,39.312,94.139,0.949
grabacion_experimento_ESP32CAM_4_ROI_640x480.mp4,91,3033.333,True,345.000,201.000,0.000,483.000,217.000,0.528848,-0.163952,0.832730,39.616,94.166,1.115
grabacion_experimento_ESP32CAM_4_ROI_640x480.mp4,92,3066.667,True,345.000,201.000,0.000,483.000,217.000,0.528848,-0.163952,0.832730,40.335,93.011,1.648
grabacion_experimento_ESP32CAM_4_ROI_640x480.mp4,93,3100.000,True,345.000,201.000,0.000,483.000,217.000,0.528848,-0.163952,0.832730,41.798,91.633,1.996
grabacion_experimento_ESP32CAM_4_ROI_640x480.mp4,94,3133.333,True,345.000,201.000,0.000,483.000,218.000,0.529118,-0.167915,0.831768,41.025,93.707,2.017
grabacion_experimento_ESP32CAM_4_ROI_640x480.mp4,95,3166.667,True,345.000,201.000,0.000,482.000,218.000,0.524266,-0.168031,0.834812,40.592,93.051,1.754
grabacion_experimento_ESP32CAM_4_ROI_640x480.mp4,96,3200.000,True,345.000,201.000,0.000,482.000,218.000,0.524266,-0.168031,0.834812,40.032,95.348,0.993
grabacion_experimento_ESP32CAM_4_ROI_640x480.mp4,97,3233.333,True,345.000,201.000,0.000,482.000,218.000,0.524266,-0.168031,0.834812,40.647,94.764,1.764
grabacion_experimento_ESP32CAM_4_ROI_640x480.mp4,98,3266.667,True,345.000,201.000,0.000,483.000,219.000,0.529396,-0.171880,0.830781,40.794,94.506,1.174
grabacion_experimento_ESP32CAM_4_ROI_640x480.mp4,99,3300.000,True,345.000,201.000,0.000,483.000,219.000,0.529396,-0.171880,0.830781,40.584,93.802,1.012
grabacion_experimento_ESP32CAM_4_ROI_640x480.mp4,100,3333.333,True,345.000,201.000,0.000,483.000,219.000,0.529396,-0.171880,0.830781,40.476,96.207,1.598
grabacion_experimento_ESP32CAM_4_ROI_640x480.mp4,101,3366.667,True,345.000,201.000,0.000,483.000,218.000,0.529118,-0.167915,0.831768,40.828,95.464,1.073
grabacion_experimento_ESP32CAM_4_ROI_640x480.mp4,102,3400.000,True,345.000,201.000,0.000,482.000,218.000,0.524266,-0.168031,0.834812,41.986,94.988,1.591
grabacion_experimento_ESP32CAM_4_ROI_640x480.mp4,103,3433.333,True,345.000,201.000,0.000,482.000,218.000,0.524266,-0.168031,0.834812,41.241,95.066,1.759
grabacion_experimento_ESP32CAM_4_ROI_640x480.mp4,104,3466.667,True,345.000,201.000,0.000,482.000,218.000,0.524266,-0.168031,0.834812,41.274,96.916,1.137
grabacion_experimento_ESP32CAM_4_ROI_640x480.mp4,105,3500.000,True,345.000,201.000,0.000,482.000,219.000,0.524540,-0.171991,0.833833,40.269,98.019,1.318
grabacion_experimento_ESP32CAM_4_ROI_640x480.mp4,106,3533.333,True,345.000,201.000,0.000,482.000,219.000,0.524540,-0.171991,0.833833,41.519,98.704,1.577
grabacion_experimento_ESP32CAM_4_ROI_640x480.mp4,107,3566.667,True,345.000,201.000,0.000,482.000,219.000,0.524540,-0.171991,0.833833,42.146,97.939,1.974
grabacion_experimento_ESP32CAM_4_ROI_640x480.mp4,108,3600.000,True,345.000,201.000,0.000,482.000,219.000,0.524540,-0.171991,0.833833,42.390,102.462,1.688
grabacion_experimento_ESP32CAM_4_ROI_640x480.mp4,109,3633.333,True,345.000,201.000,0.000,482.000,220.000,0.524821,-0.175954,0.832829,43.444,100.517,1.989
grabacion_experimento_ESP32CAM_4_ROI_640x480.mp4,110,3666.667,True,345.000,201.000,0.000,482.000,220.000,0.524821,-0.175954,0.832829,43.899,104.036,2.516
grabacion_experimento_ESP32CAM_4_ROI_640x480.mp4,111,3700.000,True,345.000,201.000,0.000,480.000,218.000,0.514639,-0.168256,0.840736,42.003,94.788,0.445
grabacion_experimento_ESP32CAM_4_ROI_640x480.mp4,112,3733.333,True,345.000,201.000,0.000,473.000,213.000,0.480560,-0.149419,0.864139,47.096,95.610,2.897
grabacion_experimento_ESP32CAM_4_ROI_640x480.mp4,113,3766.667,True,345.000,201.000,0.000,466.000,207.000,0.447649,-0.126945,0.885153,47.623,97.409,0.442
grabacion_experimento_ESP32CAM_4_ROI_640x480.mp4,114,3800.000,True,345.000,201.000,0.000,459.000,202.000,0.416044,-0.108560,0.902841,47.948,98.205,0.599
grabacion_experimento_ESP32CAM_4_ROI_640x480.mp4,115,3833.333,True,345.000,201.000,0.000,452.000,196.000,0.385273,-0.086497,0.918740,47.155,99.899,0.595
grabacion_experimento_ESP32CAM_4_ROI_640x480.mp4,116,3866.667,True,345.000,201.000,0.000,447.000,193.000,0.363912,-0.075724,0.928350,48.871,100.665,1.196
grabacion_experimento_ESP32CAM_4_ROI_640x480.mp4,117,3900.000,True,345.000,201.000,0.000,447.000,193.000,0.363912,-0.075724,0.928350,47.166,98.560,1.297
grabacion_experimento_ESP32CAM_4_ROI_640x480.mp4,118,3933.333,True,345.000,201.000,0.000,448.000,193.000,0.368110,-0.075591,0.926704,48.180,98.344,0.541
grabacion_experimento_ESP32CAM_4_ROI_640x480.mp4,119,3966.667,True,345.000,201.000,0.000,448.000,193.000,0.368110,-0.075591,0.926704,46.245,98.319,0.980
grabacion_experimento_ESP32CAM_4_ROI_640x480.mp4,120,4000.000,True,345.000,201.000,0.000,448.000,193.000,0.368110,-0.075591,0.926704,46.851,96.962,179.619
grabacion_experimento_ESP32CAM_4_ROI_640x480.mp4,121,4033.333,True,345.000,201.000,0.000,448.000,193.000,0.368110,-0.075591,0.926704,46.298,97.404,0.723
grabacion_experimento_ESP32CAM_4_ROI_640x480.mp4,122,4066.667,True,345.000,201.000,0.000,448.000,193.000,0.368110,-0.075591,0.926704,46.424,95.531,179.203
grabacion_experimento_ESP32CAM_4_ROI_640x480.mp4,123,4100.000,True,345.000,201.000,0.000,449.000,193.000,0.372319,-0.075455,0.925032,44.452,92.100,179.668
grabacion_experimento_ESP32CAM_4_ROI_640x480.mp4,124,4133.333,True,345.000,201.000,0.000,449.000,193.000,0.372319,-0.075455,0.925032,44.679,91.516,179.298
grabacion_experimento_ESP32CAM_4_ROI_640x480.mp4,125,4166.667,True,345.000,201.000,0.000,448.000,193.000,0.368110,-0.075591,0.926704,44.079,89.121,179.758
grabacion_experimento_ESP32CAM_4_ROI_640x480.mp4,126,4200.000,True,345.000,201.000,0.000,449.000,193.000,0.372319,-0.075455,0.925032,44.175,91.934,178.129
grabacion_experimento_ESP32CAM_4_ROI_640x480.mp4,127,4233.333,True,345.000,201.000,0.000,449.000,193.000,0.372319,-0.075455,0.925032,44.004,91.559,178.537
grabacion_experimento_ESP32CAM_4_ROI_640x480.mp4,128,4266.667,True,345.000,201.000,0.000,449.000,193.000,0.372319,-0.075455,0.925032,44.806,90.718,178.885
grabacion_experimento_ESP32CAM_4_ROI_640x480.mp4,129,4300.000,True,345.000,202.000,0.000,449.000,193.000,0.372195,-0.068938,0.925591,45.500,90.808,178.580
grabacion_experimento_ESP32CAM_4_ROI_640x480.mp4,130,4333.333,True,345.000,202.000,0.000,449.000,193.000,0.372195,-0.068938,0.925591,45.058,92.744,178.146
grabacion_experimento_ESP32CAM_4_ROI_640x480.mp4,131,4366.667,True,345.000,202.000,0.000,449.000,193.000,0.372195,-0.068938,0.925591,44.147,93.117,179.678
grabacion_experimento_ESP32CAM_4_ROI_640x480.mp4,132,4400.000,True,345.000,202.000,0.000,449.000,194.000,0.372267,-0.072752,0.925270,45.351,94.768,179.309
grabacion_experimento_ESP32CAM_4_ROI_640x480.mp4,133,4433.333,True,345.000,202.000,0.000,449.000,193.000,0.372195,-0.068938,0.925591,45.982,94.420,178.889
grabacion_experimento_ESP32CAM_4_ROI_640x480.mp4,134,4466.667,True,345.000,202.000,0.000,449.000,193.000,0.372195,-0.068938,0.925591,48.926,94.123,0.543
grabacion_experimento_ESP32CAM_4_ROI_640x480.mp4,135,4500.000,True,345.000,202.000,0.000,449.000,193.000,0.372195,-0.068938,0.925591,48.174,93.778,179.429
grabacion_experimento_ESP32CAM_4_ROI_640x480.mp4,136,4533.333,True,345.000,202.000,0.000,449.000,193.000,0.372195,-0.068938,0.925591,47.870,93.558,179.620
grabacion_experimento_ESP32CAM_4_ROI_640x480.mp4,137,4566.667,True,345.000,202.000,0.000,449.000,193.000,0.372195,-0.068938,0.925591,47.864,94.221,179.542
grabacion_experimento_ESP32CAM_4_ROI_640x480.mp4,138,4600.000,True,345.000,202.000,0.000,449.000,194.000,0.372267,-0.072752,0.925270,48.141,94.226,179.567
grabacion_experimento_ESP32CAM_4_ROI_640x480.mp4,139,4633.333,True,345.000,202.000,0.000,449.000,194.000,0.372267,-0.072752,0.925270,47.701,93.392,179.935
grabacion_experimento_ESP32CAM_4_ROI_640x480.mp4,140,4666.667,True,345.000,202.000,0.000,449.000,194.000,0.372267,-0.072752,0.925270,48.003,93.251,0.549
grabacion_experimento_ESP32CAM_4_ROI_640x480.mp4,141,4700.000,True,345.000,202.000,0.000,449.000,194.000,0.372267,-0.072752,0.925270,47.832,94.476,179.051
grabacion_experimento_ESP32CAM_4_ROI_640x480.mp4,142,4733.333,True,345.000,202.000,0.000,449.000,194.000,0.372267,-0.072752,0.925270,48.392,95.077,0.006
grabacion_experimento_ESP32CAM_4_ROI_640x480.mp4,143,4766.667,True,345.000,202.000,0.000,449.000,195.000,0.372342,-0.076565,0.924932,48.060,95.781,0.069
grabacion_experimento_ESP32CAM_4_ROI_640x480.mp4,144,4800.000,True,345.000,202.000,0.000,449.000,195.000,0.372342,-0.076565,0.924932,48.952,96.848,0.353
grabacion_experimento_ESP32CAM_4_ROI_640x480.mp4,145,4833.333,True,345.000,202.000,0.000,449.000,195.000,0.372342,-0.076565,0.924932,47.529,94.793,1.768
grabacion_experimento_ESP32CAM_4_ROI_640x480.mp4,146,4866.667,True,345.000,202.000,0.000,448.000,195.000,0.368132,-0.076695,0.926605,49.602,96.173,179.958
grabacion_experimento_ESP32CAM_4_ROI_640x480.mp4,147,4900.000,True,345.000,202.000,0.000,448.000,195.000,0.368132,-0.076695,0.926605,47.776,98.101,179.602
grabacion_experimento_ESP32CAM_4_ROI_640x480.mp4,148,4933.333,True,345.000,202.000,0.000,448.000,195.000,0.368132,-0.076695,0.926605,49.387,94.506,179.837
grabacion_experimento_ESP32CAM_4_ROI_640x480.mp4,149,4966.667,True,345.000,202.000,0.000,448.000,195.000,0.368132,-0.076695,0.926605,47.461,94.271,0.128
grabacion_experimento_ESP32CAM_4_ROI_640x480.mp4,150,5000.000,True,345.000,202.000,0.000,447.000,194.000,0.363860,-0.073015,0.928587,48.234,99.181,0.267
grabacion_experimento_ESP32CAM_4_ROI_640x480.mp4,151,5033.333,True,345.000,202.000,0.000,448.000,194.000,0.368058,-0.072884,0.926942,47.676,97.212,0.022
grabacion_experimento_ESP32CAM_4_ROI_640x480.mp4,152,5066.667,True,345.000,202.000,0.000,447.000,194.000,0.363860,-0.073015,0.928587,47.493,96.502,179.741
grabacion_experimento_ESP32CAM_4_ROI_640x480.mp4,153,5100.000,True,345.000,202.000,0.000,444.000,190.000,0.351086,-0.058192,0.934533,44.422,65.820,178.415
grabacion_experimento_ESP32CAM_4_ROI_640x480.mp4,154,5133.333,True,345.000,202.000,0.000,432.000,182.000,0.301639,-0.029448,0.952967,60.164,90.192,179.500
grabacion_experimento_ESP32CAM_4_ROI_640x480.mp4,155,5166.667,True,345.000,202.000,0.000,421.000,175.000,0.257615,-0.004394,0.966238,59.310,91.956,178.762
grabacion_experimento_ESP32CAM_4_ROI_640x480.mp4,156,5200.000,True,345.000,202.000,0.000,410.000,168.000,0.214565,0.020714,0.976490,58.685,93.939,177.028
grabacion_experimento_ESP32CAM_4_ROI_640x480.mp4,157,5233.333,True,344.000,202.000,0.000,399.000,161.000,0.177325,0.046075,0.983073,59.450,91.775,176.847
grabacion_experimento_ESP32CAM_4_ROI_640x480.mp4,158,5266.667,True,344.000,202.000,0.000,392.000,158.000,0.150664,0.056746,0.986955,59.934,95.117,178.693
grabacion_experimento_ESP32CAM_4_ROI_640x480.mp4,159,5300.000,True,344.000,202.000,0.000,393.000,158.000,0.154472,0.056830,0.986361,59.622,93.755,176.043
grabacion_experimento_ESP32CAM_4_ROI_640x480.mp4,160,5333.333,True,344.000,202.000,0.000,394.000,159.000,0.158256,0.053151,0.985966,61.427,95.271,177.206
grabacion_experimento_ESP32CAM_4_ROI_640x480.mp4,161,5366.667,True,344.000,202.000,0.000,395.000,160.000,0.162046,0.049474,0.985542,60.923,95.629,177.790
grabacion_experimento_ESP32CAM_4_ROI_640x480.mp4,162,5400.000,True,344.000,202.000,0.000,395.000,161.000,0.162022,0.045713,0.985728,61.315,96.957,177.420
grabacion_experimento_ESP32CAM_4_ROI_640x480.mp4,163,5433.333,True,344.000,202.000,0.000,396.000,161.000,0.165841,0.045801,0.985088,60.613,96.706,178.240
grabacion_experimento_ESP32CAM_4_ROI_640x480.mp4,164,5466.667,True,344.000,202.000,0.000,396.000,162.000,0.165819,0.042041,0.985260,61.063,97.473,179.625
grabacion_experimento_ESP32CAM_4_ROI_640x480.mp4,165,5500.000,True,344.000,202.000,0.000,397.000,162.000,0.169642,0.042129,0.984605,60.348,95.032,177.945
grabacion_experimento_ESP32CAM_4_ROI_640x480.mp4,166,5533.333,True,344.000,202.000,0.000,397.000,162.000,0.169642,0.042129,0.984605,59.863,95.419,177.827
grabacion_experimento_ESP32CAM_4_ROI_640x480.mp4,167,5566.667,True,344.000,202.000,0.000,397.000,162.000,0.169642,0.042129,0.984605,60.439,94.959,179.175
grabacion_experimento_ESP32CAM_4_ROI_640x480.mp4,168,5600.000,True,344.000,202.000,0.000,397.000,163.000,0.169621,0.038371,0.984762,60.423,95.746,179.388
grabacion_experimento_ESP32CAM_4_ROI_640x480.mp4,169,5633.333,True,344.000,202.000,0.000,397.000,163.000,0.169621,0.038371,0.984762,59.354,93.857,179.561
grabacion_experimento_ESP32CAM_4_ROI_640x480.mp4,170,5666.667,True,344.000,202.000,0.000,397.000,163.000,0.169621,0.038371,0.984762,59.530,94.967,179.417
grabacion_experimento_ESP32CAM_4_ROI_640x480.mp4,171,5700.000,True,344.000,202.000,0.000,397.000,163.000,0.169621,0.038371,0.984762,59.212,93.626,178.443
grabacion_experimento_ESP32CAM_4_ROI_640x480.mp4,172,5733.333,True,344.000,202.000,0.000,397.000,163.000,0.169621,0.038371,0.984762,59.792,93.237,178.132
grabacion_experimento_ESP32CAM_4_ROI_640x480.mp4,173,5766.667,True,344.000,202.000,0.000,397.000,164.000,0.169602,0.034615,0.984905,59.293,93.723,0.458
grabacion_experimento_ESP32CAM_4_ROI_640x480.mp4,174,5800.000,True,344.000,202.000,0.000,397.000,164.000,0.169602,0.034615,0.984905,59.539,92.556,178.189
grabacion_experimento_ESP32CAM_4_ROI_640x480.mp4,175,5833.333,True,344.000,202.000,0.000,397.000,163.000,0.169621,0.038371,0.984762,60.025,93.383,178.991
grabacion_experimento_ESP32CAM_4_ROI_640x480.mp4,176,5866.667,True,344.000,202.000,0.000,396.000,163.000,0.165798,0.038284,0.985416,59.553,94.057,179.869
grabacion_experimento_ESP32CAM_4_ROI_640x480.mp4,177,5900.000,True,344.000,202.000,0.000,396.000,163.000,0.165798,0.038284,0.985416,59.773,93.664,179.319
grabacion_experimento_ESP32CAM_4_ROI_640x480.mp4,178,5933.333,True,344.000,202.000,0.000,396.000,163.000,0.165798,0.038284,0.985416,59.774,94.816,178.949
grabacion_experimento_ESP32CAM_4_ROI_640x480.mp4,179,5966.667,True,344.000,202.000,0.000,395.000,162.000,0.162000,0.041955,0.985898,59.808,92.450,177.536
grabacion_experimento_ESP32CAM_4_ROI_640x480.mp4,180,6000.000,True,344.000,202.000,0.000,396.000,162.000,0.165819,0.042041,0.985260,59.876,93.374,178.920
grabacion_experimento_ESP32CAM_4_ROI_640x480.mp4,181,6033.333,True,344.000,202.000,0.000,396.000,162.000,0.165819,0.042041,0.985260,59.222,94.468,177.058
grabacion_experimento_ESP32CAM_4_ROI_640x480.mp4,182,6066.667,True,344.000,202.000,0.000,396.000,162.000,0.165819,0.042041,0.985260,60.507,93.436,178.048
grabacion_experimento_ESP32CAM_4_ROI_640x480.mp4,183,6100.000,True,344.000,202.000,0.000,396.000,162.000,0.165819,0.042041,0.985260,60.327,93.359,177.352
grabacion_experimento_ESP32CAM_4_ROI_640x480.mp4,184,6133.333,True,344.000,202.000,0.000,396.000,162.000,0.165819,0.042041,0.985260,60.506,94.279,178.986
grabacion_experimento_ESP32CAM_4_ROI_640x480.mp4,185,6166.667,True,344.000,202.000,0.000,396.000,162.000,0.165819,0.042041,0.985260,59.990,93.062,177.474
grabacion_experimento_ESP32CAM_4_ROI_640x480.mp4,186,6200.000,True,344.000,202.000,0.000,396.000,162.000,0.165819,0.042041,0.985260,61.176,93.614,178.486
grabacion_experimento_ESP32CAM_4_ROI_640x480.mp4,187,6233.333,True,344.000,202.000,0.000,396.000,162.000,0.165819,0.042041,0.985260,60.647,91.281,176.685
grabacion_experimento_ESP32CAM_4_ROI_640x480.mp4,188,6266.667,True,344.000,202.000,0.000,396.000,162.000,0.165819,0.042041,0.985260,60.332,91.753,177.776
grabacion_experimento_ESP32CAM_4_ROI_640x480.mp4,189,6300.000,True,344.000,202.000,0.000,396.000,162.000,0.165819,0.042041,0.985260,60.365,92.419,178.609
grabacion_experimento_ESP32CAM_4_ROI_640x480.mp4,190,6333.333,True,344.000,202.000,0.000,396.000,162.000,0.165819,0.042041,0.985260,60.959,93.736,0.426
grabacion_experimento_ESP32CAM_4_ROI_640x480.mp4,191,6366.667,True,344.000,202.000,0.000,396.000,162.000,0.165819,0.042041,0.985260,59.963,91.819,178.652
grabacion_experimento_ESP32CAM_4_ROI_640x480.mp4,192,6400.000,True,344.000,202.000,0.000,396.000,162.000,0.165819,0.042041,0.985260,59.864,92.566,179.761
grabacion_experimento_ESP32CAM_4_ROI_640x480.mp4,193,6433.333,True,344.000,202.000,0.000,396.000,162.000,0.165819,0.042041,0.985260,59.627,93.903,179.156
grabacion_experimento_ESP32CAM_4_ROI_640x480.mp4,194,6466.667,True,344.000,202.000,0.000,398.000,164.000,0.173429,0.034703,0.984235,59.581,94.946,179.130
grabacion_experimento_ESP32CAM_4_ROI_640x480.mp4,195,6500.000,True,344.000,202.000,0.000,400.000,166.000,0.181063,0.027374,0.983091,59.681,94.891,178.574
grabacion_experimento_ESP32CAM_4_ROI_640x480.mp4,196,6533.333,True,344.000,202.000,0.000,402.000,168.000,0.188721,0.020051,0.981826,61.493,95.706,179.725
grabacion_experimento_ESP32CAM_4_ROI_640x480.mp4,197,6566.667,True,344.000,202.000,0.000,406.000,171.000,0.204124,0.009173,0.978902,56.449,84.861,177.651
grabacion_experimento_ESP32CAM_4_ROI_640x480.mp4,198,6600.000,True,344.000,202.000,0.000,420.000,187.000,0.259052,-0.049471,0.964596,45.415,96.302,7.609
grabacion_experimento_ESP32CAM_4_ROI_640x480.mp4,199,6633.333,True,344.000,202.000,0.000,434.000,204.000,0.316302,-0.112188,0.942002,47.618,106.000,8.435
grabacion_experimento_ESP32CAM_4_ROI_640x480.mp4,200,6666.667,True,344.000,202.000,0.000,447.000,220.000,0.372426,-0.172123,0.911961,47.360,107.319,8.411
grabacion_experimento_ESP32CAM_4_ROI_640x480.mp4,201,6700.000,True,344.000,202.000,0.000,461.000,236.000,0.437065,-0.233625,0.868558,46.963,108.435,8.548
grabacion_experimento_ESP32CAM_4_ROI_640x480.mp4,202,6733.333,True,344.000,202.000,0.000,473.000,252.000,0.498717,-0.297755,0.814017,47.665,109.000,9.105
grabacion_experimento_ESP32CAM_4_ROI_640x480.mp4,203,6766.667,True,344.000,202.000,0.000,474.000,255.000,0.505015,-0.310070,0.805491,47.615,107.855,8.607
grabacion_experimento_ESP32CAM_4_ROI_640x480.mp4,204,6800.000,True,344.000,202.000,0.000,474.000,255.000,0.505015,-0.310070,0.805491,47.438,106.424,9.123
grabacion_experimento_ESP32CAM_4_ROI_640x480.mp4,205,6833.333,True,344.000,202.000,0.000,474.000,256.000,0.505522,-0.314170,0.803582,46.710,105.147,7.873
grabacion_experimento_ESP32CAM_4_ROI_640x480.mp4,206,6866.667,True,344.000,202.000,0.000,474.000,256.000,0.505522,-0.314170,0.803582,46.052,102.156,7.796
grabacion_experimento_ESP32CAM_4_ROI_640x480.mp4,207,6900.000,True,344.000,202.000,0.000,474.000,256.000,0.505522,-0.314170,0.803582,45.381,101.244,6.928
grabacion_experimento_ESP32CAM_4_ROI_640x480.mp4,208,6933.333,True,344.000,202.000,0.000,474.000,256.000,0.505522,-0.314170,0.803582,45.770,100.367,8.201
grabacion_experimento_ESP32CAM_4_ROI_640x480.mp4,209,6966.667,True,344.000,202.000,0.000,474.000,256.000,0.505522,-0.314170,0.803582,46.125,97.978,7.531
grabacion_experimento_ESP32CAM_4_ROI_640x480.mp4,210,7000.000,True,344.000,202.000,0.000,474.000,256.000,0.505522,-0.314170,0.803582,43.213,97.625,7.050
grabacion_experimento_ESP32CAM_4_ROI_640x480.mp4,211,7033.333,True,344.000,202.000,0.000,474.000,256.000,0.505522,-0.314170,0.803582,43.788,96.157,8.285
grabacion_experimento_ESP32CAM_4_ROI_640x480.mp4,212,7066.667,True,344.000,202.000,0.000,474.000,257.000,0.506039,-0.318276,0.801639,43.220,97.579,8.142
grabacion_experimento_ESP32CAM_4_ROI_640x480.mp4,213,7100.000,True,344.000,202.000,0.000,474.000,257.000,0.506039,-0.318276,0.801639,42.767,93.610,9.233
grabacion_experimento_ESP32CAM_4_ROI_640x480.mp4,214,7133.333,True,344.000,202.000,0.000,475.000,257.000,0.510934,-0.318369,0.798491,42.001,94.490,8.375
grabacion_experimento_ESP32CAM_4_ROI_640x480.mp4,215,7166.667,True,344.000,202.000,0.000,475.000,256.000,0.510409,-0.314256,0.800453,42.356,94.782,6.999
grabacion_experimento_ESP32CAM_4_ROI_640x480.mp4,216,7200.000,True,344.000,202.000,0.000,475.000,256.000,0.510409,-0.314256,0.800453,41.554,95.170,7.552
grabacion_experimento_ESP32CAM_4_ROI_640x480.mp4,217,7233.333,True,344.000,202.000,0.000,475.000,256.000,0.510409,-0.314256,0.800453,42.652,95.642,7.565
grabacion_experimento_ESP32CAM_4_ROI_640x480.mp4,218,7266.667,True,344.000,202.000,0.000,475.000,256.000,0.510409,-0.314256,0.800453,43.366,93.574,7.597
grabacion_experimento_ESP32CAM_4_ROI_640x480.mp4,219,7300.000,True,344.000,202.000,0.000,475.000,256.000,0.510409,-0.314256,0.800453,42.808,92.589,7.777
grabacion_experimento_ESP32CAM_4_ROI_640x480.mp4,220,7333.333,True,344.000,202.000,0.000,475.000,257.000,0.510934,-0.318369,0.798491,42.418,95.717,7.517
grabacion_experimento_ESP32CAM_4_ROI_640x480.mp4,221,7366.667,True,344.000,202.000,0.000,475.000,257.000,0.510934,-0.318369,0.798491,41.649,94.567,6.689
grabacion_experimento_ESP32CAM_4_ROI_640x480.mp4,222,7400.000,True,344.000,202.000,0.000,475.000,257.000,0.510934,-0.318369,0.798491,42.320,97.123,6.747
grabacion_experimento_ESP32CAM_4_ROI_640x480.mp4,223,7433.333,True,344.000,202.000,0.000,476.000,257.000,0.515856,-0.318463,0.795282,42.960,93.998,7.083
grabacion_experimento_ESP32CAM_4_ROI_640x480.mp4,224,7466.667,True,344.000,202.000,0.000,476.000,257.000,0.515856,-0.318463,0.795282,41.156,96.049,7.036
grabacion_experimento_ESP32CAM_4_ROI_640x480.mp4,225,7500.000,True,343.000,202.000,0.000,476.000,257.000,0.521846,-0.318579,0.791318,41.741,94.244,7.926
grabacion_experimento_ESP32CAM_4_ROI_640x480.mp4,226,7533.333,True,343.000,202.000,0.000,475.000,257.000,0.516897,-0.318483,0.794598,44.048,92.419,7.747
grabacion_experimento_ESP32CAM_4_ROI_640x480.mp4,227,7566.667,True,343.000,202.000,0.000,475.000,257.000,0.516897,-0.318483,0.794598,42.663,93.723,7.883
grabacion_experimento_ESP32CAM_4_ROI_640x480.mp4,228,7600.000,True,343.000,202.000,0.000,475.000,258.000,0.517438,-0.322611,0.792578,42.254,94.238,7.559
grabacion_experimento_ESP32CAM_4_ROI_640x480.mp4,229,7633.333,True,343.000,202.000,0.000,475.000,258.000,0.517438,-0.322611,0.792578,44.831,93.848,8.392
grabacion_experimento_ESP32CAM_4_ROI_640x480.mp4,230,7666.667,True,343.000,202.000,0.000,475.000,258.000,0.517438,-0.322611,0.792578,44.966,95.260,7.784
grabacion_experimento_ESP32CAM_4_ROI_640x480.mp4,231,7700.000,True,343.000,202.000,0.000,475.000,258.000,0.517438,-0.322611,0.792578,44.449,95.095,8.208
grabacion_experimento_ESP32CAM_4_ROI_640x480.mp4,232,7733.333,True,343.000,202.000,0.000,475.000,258.000,0.517438,-0.322611,0.792578,45.174,95.002,8.904
grabacion_experimento_ESP32CAM_4_ROI_640x480.mp4,233,7766.667,True,343.000,202.000,0.000,475.000,258.000,0.517438,-0.322611,0.792578,42.567,96.108,7.506
grabacion_experimento_ESP32CAM_4_ROI_640x480.mp4,234,7800.000,True,343.000,202.000,0.000,475.000,258.000,0.517438,-0.322611,0.792578,45.459,95.433,8.074
grabacion_experimento_ESP32CAM_4_ROI_640x480.mp4,235,7833.333,True,343.000,202.000,0.000,475.000,258.000,0.517438,-0.322611,0.792578,43.762,95.277,7.858
grabacion_experimento_ESP32CAM_4_ROI_640x480.mp4,236,7866.667,True,343.000,201.000,0.000,475.000,258.000,0.518329,-0.329277,0.789248,43.959,96.241,8.467
grabacion_experimento_ESP32CAM_4_ROI_640x480.mp4,237,7900.000,True,343.000,201.000,0.000,475.000,258.000,0.518329,-0.329277,0.789248,42.396,96.669,7.463
grabacion_experimento_ESP32CAM_4_ROI_640x480.mp4,238,7933.333,True,343.000,201.000,0.000,475.000,258.000,0.518329,-0.329277,0.789248,43.817,97.320,8.505
grabacion_experimento_ESP32CAM_4_ROI_640x480.mp4,239,7966.667,True,343.000,201.000,0.000,475.000,258.000,0.518329,-0.329277,0.789248,43.958,96.559,8.652
grabacion_experimento_ESP32CAM_4_ROI_640x480.mp4,240,8000.000,True,343.000,201.000,0.000,475.000,258.000,0.518329,-0.329277,0.789248,44.375,96.835,8.639
grabacion_experimento_ESP32CAM_4_ROI_640x480.mp4,241,8033.333,True,343.000,201.000,0.000,475.000,258.000,0.518329,-0.329277,0.789248,42.225,96.942,8.185
grabacion_experimento_ESP32CAM_4_ROI_640x480.mp4,242,8066.667,True,343.000,201.000,0.000,475.000,258.000,0.518329,-0.329277,0.789248,42.040,96.769,8.329
grabacion_experimento_ESP32CAM_4_ROI_640x480.mp4,243,8100.000,True,343.000,201.000,0.000,475.000,259.000,0.518894,-0.333420,0.787134,42.223,95.418,8.780
grabacion_experimento_ESP32CAM_4_ROI_640x480.mp4,244,8133.333,True,343.000,201.000,0.000,475.000,259.000,0.518894,-0.333420,0.787134,42.289,97.026,7.774
grabacion_experimento_ESP32CAM_4_ROI_640x480.mp4,245,8166.667,True,343.000,201.000,0.000,475.000,260.000,0.519470,-0.337573,0.784981,43.755,98.360,8.809
grabacion_experimento_ESP32CAM_4_ROI_640x480.mp4,246,8200.000,True,343.000,201.000,0.000,467.000,254.000,0.477621,-0.312207,0.821222,48.265,90.102,14.463
grabacion_experimento_ESP32CAM_4_ROI_640x480.mp4,247,8233.333,True,343.000,201.000,0.000,459.000,248.000,0.438177,-0.287672,0.851614,48.811,91.836,14.856
grabacion_experimento_ESP32CAM_4_ROI_640x480.mp4,248,8266.667,True,343.000,201.000,0.000,451.000,242.000,0.400599,-0.263782,0.877462,50.145,92.708,13.595
grabacion_experimento_ESP32CAM_4_ROI_640x480.mp4,249,8300.000,True,343.000,201.000,0.000,444.000,237.000,0.369016,-0.244271,0.896749,49.976,93.294,16.302
grabacion_experimento_ESP32CAM_4_ROI_640x480.mp4,250,8333.333,True,343.000,201.000,0.000,436.000,231.000,0.334003,-0.221240,0.916239,49.335,95.053,15.446
grabacion_experimento_ESP32CAM_4_ROI_640x480.mp4,251,8366.667,True,343.000,201.000,0.000,437.000,231.000,0.338166,-0.221217,0.914717,50.011,94.091,15.511
grabacion_experimento_ESP32CAM_4_ROI_640x480.mp4,252,8400.000,True,343.000,201.000,0.000,437.000,231.000,0.338166,-0.221217,0.914717,50.352,93.437,16.410
grabacion_experimento_ESP32CAM_4_ROI_640x480.mp4,253,8433.333,True,343.000,201.000,0.000,437.000,232.000,0.338370,-0.225061,0.913703,50.168,91.553,15.757
grabacion_experimento_ESP32CAM_4_ROI_640x480.mp4,254,8466.667,True,343.000,201.000,0.000,437.000,232.000,0.338370,-0.225061,0.913703,50.755,91.106,14.355
grabacion_experimento_ESP32CAM_4_ROI_640x480.mp4,255,8500.000,True,343.000,201.000,0.000,437.000,232.000,0.338370,-0.225061,0.913703,50.686,86.620,15.182
grabacion_experimento_ESP32CAM_4_ROI_640x480.mp4,256,8533.333,True,343.000,201.000,0.000,437.000,232.000,0.338370,-0.225061,0.913703,48.833,88.136,14.884
grabacion_experimento_ESP32CAM_4_ROI_640x480.mp4,257,8566.667,True,343.000,201.000,0.000,437.000,233.000,0.338579,-0.228908,0.912669,49.036,85.316,16.078
grabacion_experimento_ESP32CAM_4_ROI_640x480.mp4,258,8600.000,True,343.000,201.000,0.000,437.000,233.000,0.338579,-0.228908,0.912669,47.722,85.980,15.322
grabacion_experimento_ESP32CAM_4_ROI_640x480.mp4,259,8633.333,True,343.000,201.000,0.000,437.000,233.000,0.338579,-0.228908,0.912669,47.324,85.483,14.248
grabacion_experimento_ESP32CAM_4_ROI_640x480.mp4,260,8666.667,True,343.000,201.000,0.000,437.000,233.000,0.338579,-0.228908,0.912669,49.448,84.594,14.891
grabacion_experimento_ESP32CAM_4_ROI_640x480.mp4,261,8700.000,True,343.000,201.000,0.000,437.000,233.000,0.338579,-0.228908,0.912669,47.944,84.876,16.711
grabacion_experimento_ESP32CAM_4_ROI_640x480.mp4,262,8733.333,True,343.000,201.000,0.000,437.000,233.000,0.338579,-0.228908,0.912669,48.312,84.341,15.653
grabacion_experimento_ESP32CAM_4_ROI_640x480.mp4,263,8766.667,True,343.000,201.000,0.000,438.000,233.000,0.342757,-0.228889,0.911113,46.491,84.969,15.166
grabacion_experimento_ESP32CAM_4_ROI_640x480.mp4,264,8800.000,True,343.000,201.000,0.000,438.000,234.000,0.342973,-0.232742,0.910055,47.357,86.219,16.046
grabacion_experimento_ESP32CAM_4_ROI_640x480.mp4,265,8833.333,True,343.000,201.000,0.000,438.000,234.000,0.342973,-0.232742,0.910055,45.626,85.988,15.386
grabacion_experimento_ESP32CAM_4_ROI_640x480.mp4,266,8866.667,True,343.000,201.000,0.000,438.000,234.000,0.342973,-0.232742,0.910055,44.742,86.183,14.762
grabacion_experimento_ESP32CAM_4_ROI_640x480.mp4,267,8900.000,True,343.000,201.000,0.000,439.000,234.000,0.347165,-0.232726,0.908469,45.840,85.706,16.340
grabacion_experimento_ESP32CAM_4_ROI_640x480.mp4,268,8933.333,True,343.000,201.000,0.000,439.000,235.000,0.347387,-0.236585,0.907386,46.005,85.861,15.618
grabacion_experimento_ESP32CAM_4_ROI_640x480.mp4,269,8966.667,True,343.000,201.000,0.000,439.000,235.000,0.347387,-0.236585,0.907386,45.026,86.049,17.226
grabacion_experimento_ESP32CAM_4_ROI_640x480.mp4,270,9000.000,True,343.000,201.000,0.000,439.000,235.000,0.347387,-0.236585,0.907386,44.501,86.244,16.917
grabacion_experimento_ESP32CAM_4_ROI_640x480.mp4,271,9033.333,True,343.000,201.000,0.000,439.000,235.000,0.347387,-0.236585,0.907386,45.901,83.493,15.871
grabacion_experimento_ESP32CAM_4_ROI_640x480.mp4,272,9066.667,True,343.000,201.000,0.000,439.000,236.000,0.347613,-0.240448,0.906283,44.980,84.492,16.207
grabacion_experimento_ESP32CAM_4_ROI_640x480.mp4,273,9100.000,True,343.000,201.000,0.000,439.000,235.000,0.347387,-0.236585,0.907386,45.281,83.214,15.574
grabacion_experimento_ESP32CAM_4_ROI_640x480.mp4,274,9133.333,True,343.000,201.000,0.000,439.000,235.000,0.347387,-0.236585,0.907386,45.427,82.355,16.827
grabacion_experimento_ESP32CAM_4_ROI_640x480.mp4,275,9166.667,True,343.000,201.000,0.000,439.000,235.000,0.347387,-0.236585,0.907386,46.184,83.179,16.462
grabacion_experimento_ESP32CAM_4_ROI_640x480.mp4,276,9200.000,True,343.000,201.000,0.000,439.000,235.000,0.347387,-0.236585,0.907386,45.970,83.161,16.393
grabacion_experimento_ESP32CAM_4_ROI_640x480.mp4,277,9233.333,True,343.000,201.000,0.000,439.000,235.000,0.347387,-0.236585,0.907386,46.555,81.952,16.278
grabacion_experimento_ESP32CAM_4_ROI_640x480.mp4,278,9266.667,True,343.000,201.000,0.000,439.000,235.000,0.347387,-0.236585,0.907386,45.814,83.266,15.501
grabacion_experimento_ESP32CAM_4_ROI_640x480.mp4,279,9300.000,True,343.000,201.000,0.000,439.000,234.000,0.347165,-0.232726,0.908469,45.261,81.882,16.391
grabacion_experimento_ESP32CAM_4_ROI_640x480.mp4,280,9333.333,True,343.000,201.000,0.000,439.000,234.000,0.347165,-0.232726,0.908469,46.391,81.387,15.587
grabacion_experimento_ESP32CAM_4_ROI_640x480.mp4,281,9366.667,True,343.000,201.000,0.000,439.000,234.000,0.347165,-0.232726,0.908469,46.818,80.385,16.575
grabacion_experimento_ESP32CAM_4_ROI_640x480.mp4,282,9400.000,True,343.000,201.000,0.000,439.000,234.000,0.347165,-0.232726,0.908469,46.826,81.009,16.477
grabacion_experimento_ESP32CAM_4_ROI_640x480.mp4,283,9433.333,True,343.000,201.000,0.000,439.000,235.000,0.347387,-0.236585,0.907386,46.831,79.292,16.452
grabacion_experimento_ESP32CAM_4_ROI_640x480.mp4,284,9466.667,True,343.000,201.000,0.000,431.000,230.000,0.313153,-0.217527,0.924455,49.658,80.020,11.631
grabacion_experimento_ESP32CAM_4_ROI_640x480.mp4,285,9500.000,True,343.000,201.000,0.000,423.000,225.000,0.279790,-0.198705,0.939273,49.783,90.110,3.929
grabacion_experimento_ESP32CAM_4_ROI_640x480.mp4,286,9533.333,True,343.000,201.000,0.000,414.000,219.000,0.243088,-0.176341,0.953841,51.048,92.111,4.165
grabacion_experimento_ESP32CAM_4_ROI_640x480.mp4,287,9566.667,True,343.000,201.000,0.000,405.000,213.000,0.207179,-0.154169,0.966079,52.519,90.527,3.291
grabacion_experimento_ESP32CAM_4_ROI_640x480.mp4,288,9600.000,True,343.000,201.000,0.000,396.000,207.000,0.171928,-0.132131,0.976208,51.982,89.503,6.508
grabacion_experimento_ESP32CAM_4_ROI_640x480.mp4,289,9633.333,True,343.000,201.000,0.000,392.000,204.000,0.156421,-0.121126,0.980235,53.366,91.544,2.736
grabacion_experimento_ESP32CAM_4_ROI_640x480.mp4,290,9666.667,True,343.000,201.000,0.000,390.000,203.000,0.148733,-0.117485,0.981874,55.009,92.116,3.116
grabacion_experimento_ESP32CAM_4_ROI_640x480.mp4,291,9700.000,True,343.000,201.000,0.000,388.000,202.000,0.141066,-0.113846,0.983432,54.834,91.836,3.035
grabacion_experimento_ESP32CAM_4_ROI_640x480.mp4,292,9733.333,True,343.000,201.000,0.000,386.000,200.000,0.133372,-0.106498,0.985327,54.610,94.684,3.696
grabacion_experimento_ESP32CAM_4_ROI_640x480.mp4,293,9766.667,True,343.000,201.000,0.000,384.000,199.000,0.125747,-0.102860,0.986716,54.221,94.454,4.539
grabacion_experimento_ESP32CAM_4_ROI_640x480.mp4,294,9800.000,True,343.000,201.000,0.000,385.000,199.000,0.129535,-0.102826,0.986229,56.116,94.945,3.079
grabacion_experimento_ESP32CAM_4_ROI_640x480.mp4,295,9833.333,True,343.000,201.000,0.000,385.000,199.000,0.129535,-0.102826,0.986229,55.753,94.785,2.223
grabacion_experimento_ESP32CAM_4_ROI_640x480.mp4,296,9866.667,True,343.000,201.000,0.000,386.000,199.000,0.133326,-0.102790,0.985727,56.278,94.532,3.954
grabacion_experimento_ESP32CAM_4_ROI_640x480.mp4,297,9900.000,True,343.000,201.000,0.000,387.000,198.000,0.137077,-0.099046,0.985596,55.455,93.910,1.580
grabacion_experimento_ESP32CAM_4_ROI_640x480.mp4,298,9933.333,True,343.000,201.000,0.000,388.000,199.000,0.140920,-0.102716,0.984678,54.899,95.283,3.090
grabacion_experimento_ESP32CAM_4_ROI_640x480.mp4,299,9966.667,True,343.000,201.000,0.000,388.000,199.000,0.140920,-0.102716,0.984678,54.796,92.554,3.989
grabacion_experimento_ESP32CAM_4_ROI_640x480.mp4,300,10000.000,True,343.000,201.000,0.000,389.000,199.000,0.144722,-0.102677,0.984130,54.443,92.682,3.524
grabacion_experimento_ESP32CAM_4_ROI_640x480.mp4,301,10033.333,True,343.000,201.000,0.000,389.000,199.000,0.144722,-0.102677,0.984130,52.407,93.885,4.895
grabacion_experimento_ESP32CAM_4_ROI_640x480.mp4,302,10066.667,True,343.000,201.000,0.000,389.000,200.000,0.144770,-0.106388,0.983729,51.968,92.778,4.013
grabacion_experimento_ESP32CAM_4_ROI_640x480.mp4,303,10100.000,True,343.000,201.000,0.000,389.000,200.000,0.144770,-0.106388,0.983729,51.987,91.104,3.993
grabacion_experimento_ESP32CAM_4_ROI_640x480.mp4,304,10133.333,True,343.000,201.000,0.000,389.000,200.000,0.144770,-0.106388,0.983729,52.974,89.172,3.338
grabacion_experimento_ESP32CAM_4_ROI_640x480.mp4,305,10166.667,True,343.000,201.000,0.000,389.000,200.000,0.144770,-0.106388,0.983729,51.262,89.500,4.593
grabacion_experimento_ESP32CAM_4_ROI_640x480.mp4,306,10200.000,True,343.000,201.000,0.000,389.000,200.000,0.144770,-0.106388,0.983729,51.844,89.905,2.941
grabacion_experimento_ESP32CAM_4_ROI_640x480.mp4,307,10233.333,True,343.000,201.000,0.000,389.000,200.000,0.144770,-0.106388,0.983729,51.753,88.594,3.978
grabacion_experimento_ESP32CAM_4_ROI_640x480.mp4,308,10266.667,True,343.000,201.000,0.000,389.000,200.000,0.144770,-0.106388,0.983729,52.893,87.196,5.094
grabacion_experimento_ESP32CAM_4_ROI_640x480.mp4,309,10300.000,True,343.000,201.000,0.000,389.000,200.000,0.144770,-0.106388,0.983729,52.816,83.893,1.056
grabacion_experimento_ESP32CAM_4_ROI_640x480.mp4,310,10333.333,True,343.000,201.000,0.000,389.000,200.000,0.144770,-0.106388,0.983729,52.688,86.263,2.543
grabacion_experimento_ESP32CAM_4_ROI_640x480.mp4,311,10366.667,True,343.000,201.000,0.000,389.000,200.000,0.144770,-0.106388,0.983729,53.606,86.125,3.014
grabacion_experimento_ESP32CAM_4_ROI_640x480.mp4,312,10400.000,True,343.000,201.000,0.000,389.000,200.000,0.144770,-0.106388,0.983729,52.632,87.313,3.136
grabacion_experimento_ESP32CAM_4_ROI_640x480.mp4,313,10433.333,True,343.000,201.000,0.000,389.000,200.000,0.144770,-0.106388,0.983729,53.139,91.878,1.882
grabacion_experimento_ESP32CAM_4_ROI_640x480.mp4,314,10466.667,True,343.000,201.000,0.000,389.000,200.000,0.144770,-0.106388,0.983729,53.295,93.551,3.891
grabacion_experimento_ESP32CAM_4_ROI_640x480.mp4,315,10500.000,True,343.000,201.000,0.000,389.000,199.000,0.144722,-0.102677,0.984130,55.119,92.986,2.895
grabacion_experimento_ESP32CAM_4_ROI_640x480.mp4,316,10533.333,True,343.000,201.000,0.000,389.000,199.000,0.144722,-0.102677,0.984130,55.032,93.375,3.218
grabacion_experimento_ESP32CAM_4_ROI_640x480.mp4,317,10566.667,True,343.000,201.000,0.000,389.000,198.000,0.144676,-0.098967,0.984517,53.886,94.866,4.157
grabacion_experimento_ESP32CAM_4_ROI_640x480.mp4,318,10600.000,True,343.000,201.000,0.000,389.000,199.000,0.144722,-0.102677,0.984130,53.234,94.268,3.924
grabacion_experimento_ESP32CAM_4_ROI_640x480.mp4,319,10633.333,True,343.000,201.000,0.000,389.000,199.000,0.144722,-0.102677,0.984130,54.447,91.695,1.464
grabacion_experimento_ESP32CAM_4_ROI_640x480.mp4,320,10666.667,True,343.000,201.000,0.000,389.000,199.000,0.144722,-0.102677,0.984130,54.034,94.389,2.316
grabacion_experimento_ESP32CAM_4_ROI_640x480.mp4,321,10700.000,True,343.000,201.000,0.000,389.000,200.000,0.144770,-0.106388,0.983729,52.687,93.134,2.776
grabacion_experimento_ESP32CAM_4_ROI_640x480.mp4,322,10733.333,True,343.000,201.000,0.000,390.000,200.000,0.148577,-0.106349,0.983166,53.137,95.506,3.199
grabacion_experimento_ESP32CAM_4_ROI_640x480.mp4,323,10766.667,True,343.000,201.000,0.000,390.000,201.000,0.148627,-0.110061,0.982750,51.990,94.365,3.803
grabacion_experimento_ESP32CAM_4_ROI_640x480.mp4,324,10800.000,True,343.000,201.000,0.000,390.000,201.000,0.148627,-0.110061,0.982750,54.269,96.226,2.328
grabacion_experimento_ESP32CAM_4_ROI_640x480.mp4,325,10833.333,True,343.000,201.000,0.000,390.000,201.000,0.148627,-0.110061,0.982750,56.308,93.552,6.137
grabacion_experimento_ESP32CAM_4_ROI_640x480.mp4,326,10866.667,True,343.000,201.000,0.000,390.000,201.000,0.148627,-0.110061,0.982750,57.059,93.630,4.630
grabacion_experimento_ESP32CAM_4_ROI_640x480.mp4,327,10900.000,True,343.000,201.000,0.000,390.000,201.000,0.148627,-0.110061,0.982750,57.097,94.480,4.814
grabacion_experimento_ESP32CAM_4_ROI_640x480.mp4,328,10933.333,True,343.000,201.000,0.000,390.000,201.000,0.148627,-0.110061,0.982750,56.476,94.763,4.932
grabacion_experimento_ESP32CAM_4_ROI_640x480.mp4,329,10966.667,True,343.000,201.000,0.000,390.000,202.000,0.148679,-0.113773,0.982319,57.880,91.230,3.781
grabacion_experimento_ESP32CAM_4_ROI_640x480.mp4,330,11000.000,True,343.000,201.000,0.000,404.000,217.000,0.203666,-0.169176,0.964313,49.297,91.028,16.791
grabacion_experimento_ESP32CAM_4_ROI_640x480.mp4,331,11033.333,True,343.000,201.000,0.000,418.000,232.000,0.260809,-0.225406,0.938707,48.812,91.825,16.242
grabacion_experimento_ESP32CAM_4_ROI_640x480.mp4,332,11066.667,True,343.000,201.000,0.000,433.000,248.000,0.325416,-0.286990,0.900967,49.588,91.425,15.794
grabacion_experimento_ESP32CAM_4_ROI_640x480.mp4,333,11100.000,True,343.000,201.000,0.000,447.000,263.000,0.390332,-0.347129,0.852727,48.905,92.993,16.407
grabacion_experimento_ESP32CAM_4_ROI_640x480.mp4,334,11133.333,True,343.000,201.000,0.000,461.000,279.000,0.462754,-0.415245,0.783218,46.919,92.538,15.691
grabacion_experimento_ESP32CAM_4_ROI_640x480.mp4,335,11166.667,True,343.000,201.000,0.000,462.000,281.000,0.468896,-0.424008,0.774825,46.903,89.874,17.710
grabacion_experimento_ESP32CAM_4_ROI_640x480.mp4,336,11200.000,True,343.000,201.000,0.000,463.000,284.000,0.475876,-0.437193,0.763155,47.420,90.120,17.217
grabacion_experimento_ESP32CAM_4_ROI_640x480.mp4,337,11233.333,True,343.000,201.000,0.000,464.000,287.000,0.483076,-0.450556,0.750757,46.350,90.091,16.816
grabacion_experimento_ESP32CAM_4_ROI_640x480.mp4,338,11266.667,True,343.000,201.000,0.000,465.000,289.000,0.489688,-0.459673,0.740882,46.952,90.945,16.492
grabacion_experimento_ESP32CAM_4_ROI_640x480.mp4,339,11300.000,True,343.000,201.000,0.000,465.000,291.000,0.491371,-0.468581,0.734157,46.490,88.913,17.528
grabacion_experimento_ESP32CAM_4_ROI_640x480.mp4,340,11333.333,True,343.000,201.000,0.000,465.000,291.000,0.491371,-0.468581,0.734157,45.949,89.921,18.150
grabacion_experimento_ESP32CAM_4_ROI_640x480.mp4,341,11366.667,True,342.000,201.000,0.000,465.000,291.000,0.497367,-0.468959,0.729866,44.076,89.645,16.885
grabacion_experimento_ESP32CAM_4_ROI_640x480.mp4,342,11400.000,True,342.000,201.000,0.000,465.000,291.000,0.497367,-0.468959,0.729866,45.161,88.611,16.515
grabacion_experimento_ESP32CAM_4_ROI_640x480.mp4,343,11433.333,True,342.000,201.000,0.000,465.000,291.000,0.497367,-0.468959,0.729866,43.572,86.632,18.912
grabacion_experimento_ESP32CAM_4_ROI_640x480.mp4,344,11466.667,True,342.000,201.000,0.000,465.000,291.000,0.497367,-0.468959,0.729866,45.019,85.743,16.478
grabacion_experimento_ESP32CAM_4_ROI_640x480.mp4,345,11500.000,True,342.000,201.000,0.000,465.000,291.000,0.497367,-0.468959,0.729866,43.434,85.993,17.554
grabacion_experimento_ESP32CAM_4_ROI_640x480.mp4,346,11533.333,True,342.000,201.000,0.000,465.000,291.000,0.497367,-0.468959,0.729866,43.359,85.025,17.810
grabacion_experimento_ESP32CAM_4_ROI_640x480.mp4,347,11566.667,True,342.000,201.000,0.000,466.000,291.000,0.502482,-0.469286,0.726142,42.721,84.340,16.158
grabacion_experimento_ESP32CAM_4_ROI_640x480.mp4,348,11600.000,True,342.000,201.000,0.000,466.000,291.000,0.502482,-0.469286,0.726142,42.833,84.861,17.054
grabacion_experimento_ESP32CAM_4_ROI_640x480.mp4,349,11633.333,True,342.000,201.000,0.000,466.000,291.000,0.502482,-0.469286,0.726142,42.467,80.757,16.730
grabacion_experimento_ESP32CAM_4_ROI_640x480.mp4,350,11666.667,True,342.000,201.000,0.000,466.000,291.000,0.502482,-0.469286,0.726142,42.065,80.514,16.916
grabacion_experimento_ESP32CAM_4_ROI_640x480.mp4,351,11700.000,True,342.000,201.000,0.000,466.000,290.000,0.501605,-0.464803,0.729624,42.181,78.476,17.718
grabacion_experimento_ESP32CAM_4_ROI_640x480.mp4,352,11733.333,True,342.000,201.000,0.000,466.000,290.000,0.501605,-0.464803,0.729624,40.523,80.088,18.037
grabacion_experimento_ESP32CAM_4_ROI_640x480.mp4,353,11766.667,True,342.000,201.000,0.000,467.000,290.000,0.506737,-0.465127,0.725861,41.013,78.887,18.649
grabacion_experimento_ESP32CAM_4_ROI_640x480.mp4,354,11800.000,True,342.000,201.000,0.000,467.000,291.000,0.507632,-0.469622,0.722333,41.485,80.624,17.759
grabacion_experimento_ESP32CAM_4_ROI_640x480.mp4,355,11833.333,True,342.000,201.000,0.000,467.000,291.000,0.507632,-0.469622,0.722333,40.189,77.943,20.097
grabacion_experimento_ESP32CAM_4_ROI_640x480.mp4,356,11866.667,True,342.000,201.000,0.000,467.000,291.000,0.507632,-0.469622,0.722333,40.862,80.363,18.556
grabacion_experimento_ESP32CAM_4_ROI_640x480.mp4,357,11900.000,True,342.000,201.000,0.000,467.000,291.000,0.507632,-0.469622,0.722333,39.981,80.844,18.282
grabacion_experimento_ESP32CAM_4_ROI_640x480.mp4,358,11933.333,True,342.000,201.000,0.000,467.000,291.000,0.507632,-0.469622,0.722333,40.718,81.683,17.325
grabacion_experimento_ESP32CAM_4_ROI_640x480.mp4,359,11966.667,True,342.000,201.000,0.000,467.000,291.000,0.507632,-0.469622,0.722333,41.584,78.549,18.517
grabacion_experimento_ESP32CAM_4_ROI_640x480.mp4,360,12000.000,True,342.000,201.000,0.000,467.000,291.000,0.507632,-0.469622,0.722333,41.139,79.583,18.552
grabacion_experimento_ESP32CAM_4_ROI_640x480.mp4,361,12033.333,True,342.000,201.000,0.000,467.000,291.000,0.507632,-0.469622,0.722333,41.445,80.970,18.140
grabacion_experimento_ESP32CAM_4_ROI_640x480.mp4,362,12066.667,True,342.000,201.000,0.000,467.000,291.000,0.507632,-0.469622,0.722333,41.292,81.844,17.059
grabacion_experimento_ESP32CAM_4_ROI_640x480.mp4,363,12100.000,True,342.000,201.000,0.000,467.000,291.000,0.507632,-0.469622,0.722333,41.293,80.212,18.499
grabacion_experimento_ESP32CAM_4_ROI_640x480.mp4,364,12133.333,True,342.000,200.000,0.000,467.000,291.000,0.509067,-0.476682,0.716676,42.065,80.126,19.337
grabacion_experimento_ESP32CAM_4_ROI_640x480.mp4,365,12166.667,True,342.000,200.000,0.000,467.000,291.000,0.509067,-0.476682,0.716676,41.910,79.635,17.429
grabacion_experimento_ESP32CAM_4_ROI_640x480.mp4,366,12200.000,True,342.000,200.000,0.000,467.000,291.000,0.509067,-0.476682,0.716676,41.588,80.238,17.634
grabacion_experimento_ESP32CAM_4_ROI_640x480.mp4,367,12233.333,True,342.000,200.000,0.000,467.000,292.000,0.510008,-0.481214,0.712969,41.583,80.302,18.115
grabacion_experimento_ESP32CAM_4_ROI_640x480.mp4,368,12266.667,True,342.000,200.000,0.000,467.000,292.000,0.510008,-0.481214,0.712969,41.265,82.190,18.314
grabacion_experimento_ESP32CAM_4_ROI_640x480.mp4,369,12300.000,True,342.000,200.000,0.000,467.000,292.000,0.510008,-0.481214,0.712969,40.471,80.908,16.245
grabacion_experimento_ESP32CAM_4_ROI_640x480.mp4,370,12333.333,True,342.000,200.000,0.000,467.000,292.000,0.510008,-0.481214,0.712969,40.838,81.178,16.838
grabacion_experimento_ESP32CAM_4_ROI_640x480.mp4,371,12366.667,True,342.000,200.000,0.000,467.000,292.000,0.510008,-0.481214,0.712969,41.160,81.186,18.164
grabacion_experimento_ESP32CAM_4_ROI_640x480.mp4,372,12400.000,True,342.000,200.000,0.000,467.000,292.000,0.510008,-0.481214,0.712969,42.408,81.216,18.540
grabacion_experimento_ESP32CAM_4_ROI_640x480.mp4,373,12433.333,True,342.000,200.000,0.000,466.000,292.000,0.504813,-0.480862,0.716893,42.506,79.685,17.898
grabacion_experimento_ESP32CAM_4_ROI_640x480.mp4,374,12466.667,True,341.000,200.000,0.000,466.000,292.000,0.510894,-0.481275,0.712293,42.235,78.605,19.089
grabacion_experimento_ESP32CAM_4_ROI_640x480.mp4,375,12500.000,True,341.000,200.000,0.000,458.000,287.000,0.466441,-0.456563,0.757617,45.145,74.886,26.725
grabacion_experimento_ESP32CAM_4_ROI_640x480.mp4,376,12533.333,True,341.000,200.000,0.000,449.000,281.000,0.419865,-0.428796,0.799904,47.305,76.890,21.833
grabacion_experimento_ESP32CAM_4_ROI_640x480.mp4,377,12566.667,True,341.000,200.000,0.000,440.000,275.000,0.376170,-0.402363,0.834626,47.448,75.623,24.368
grabacion_experimento_ESP32CAM_4_ROI_640x480.mp4,378,12600.000,True,341.000,200.000,0.000,432.000,270.000,0.339289,-0.381066,0.860042,48.523,77.565,21.714
grabacion_experimento_ESP32CAM_4_ROI_640x480.mp4,379,12633.333,True,341.000,200.000,0.000,423.000,264.000,0.299256,-0.356313,0.885148,48.102,77.370,23.034
grabacion_experimento_ESP32CAM_4_ROI_640x480.mp4,380,12666.667,True,341.000,200.000,0.000,423.000,264.000,0.299256,-0.356313,0.885148,47.501,78.628,24.456
grabacion_experimento_ESP32CAM_4_ROI_640x480.mp4,381,12700.000,True,341.000,200.000,0.000,423.000,264.000,0.299256,-0.356313,0.885148,48.425,76.522,23.200
grabacion_experimento_ESP32CAM_4_ROI_640x480.mp4,382,12733.333,True,341.000,200.000,0.000,423.000,264.000,0.299256,-0.356313,0.885148,48.891,77.310,24.474
grabacion_experimento_ESP32CAM_4_ROI_640x480.mp4,383,12766.667,True,341.000,200.000,0.000,423.000,265.000,0.299561,-0.360296,0.883431,48.149,77.236,24.834
grabacion_experimento_ESP32CAM_4_ROI_640x480.mp4,384,12800.000,True,341.000,200.000,0.000,423.000,265.000,0.299561,-0.360296,0.883431,48.076,77.054,25.395
grabacion_experimento_ESP32CAM_4_ROI_640x480.mp4,385,12833.333,True,341.000,200.000,0.000,424.000,265.000,0.303733,-0.360359,0.881979,48.166,76.717,23.273
grabacion_experimento_ESP32CAM_4_ROI_640x480.mp4,386,12866.667,True,341.000,200.000,0.000,424.000,265.000,0.303733,-0.360359,0.881979,47.726,77.337,25.643
grabacion_experimento_ESP32CAM_4_ROI_640x480.mp4,387,12900.000,True,341.000,200.000,0.000,424.000,265.000,0.303733,-0.360359,0.881979,46.766,76.317,24.949
grabacion_experimento_ESP32CAM_4_ROI_640x480.mp4,388,12933.333,True,341.000,200.000,0.000,425.000,265.000,0.307916,-0.360423,0.880502,46.564,76.965,25.172
grabacion_experimento_ESP32CAM_4_ROI_640x480.mp4,389,12966.667,True,341.000,200.000,0.000,425.000,265.000,0.307916,-0.360423,0.880502,45.550,75.283,25.563
grabacion_experimento_ESP32CAM_4_ROI_640x480.mp4,390,13000.000,True,341.000,200.000,0.000,425.000,265.000,0.307916,-0.360423,0.880502,46.199,75.963,24.565
grabacion_experimento_ESP32CAM_4_ROI_640x480.mp4,391,13033.333,True,341.000,200.000,0.000,425.000,265.000,0.307916,-0.360423,0.880502,45.519,75.112,23.502
grabacion_experimento_ESP32CAM_4_ROI_640x480.mp4,392,13066.667,True,341.000,200.000,0.000,425.000,264.000,0.307602,-0.356434,0.882234,45.814,76.607,25.468
grabacion_experimento_ESP32CAM_4_ROI_640x480.mp4,393,13100.000,True,341.000,200.000,0.000,425.000,265.000,0.307916,-0.360423,0.880502,45.126,73.248,25.486
grabacion_experimento_ESP32CAM_4_ROI_640x480.mp4,394,13133.333,True,341.000,200.000,0.000,425.000,265.000,0.307916,-0.360423,0.880502,45.360,75.465,25.569
grabacion_experimento_ESP32CAM_4_ROI_640x480.mp4,395,13166.667,True,341.000,200.000,0.000,425.000,265.000,0.307916,-0.360423,0.880502,44.908,74.433,26.505
grabacion_experimento_ESP32CAM_4_ROI_640x480.mp4,396,13200.000,True,341.000,200.000,0.000,425.000,265.000,0.307916,-0.360423,0.880502,44.796,73.708,27.084
grabacion_experimento_ESP32CAM_4_ROI_640x480.mp4,397,13233.333,True,341.000,200.000,0.000,425.000,265.000,0.307916,-0.360423,0.880502,44.826,73.560,27.297
grabacion_experimento_ESP32CAM_4_ROI_640x480.mp4,398,13266.667,True,341.000,200.000,0.000,425.000,264.000,0.307602,-0.356434,0.882234,44.238,73.640,24.406
grabacion_experimento_ESP32CAM_4_ROI_640x480.mp4,399,13300.000,True,341.000,200.000,0.000,425.000,264.000,0.307602,-0.356434,0.882234,45.619,72.473,24.145
grabacion_experimento_ESP32CAM_4_ROI_640x480.mp4,400,13333.333,True,341.000,200.000,0.000,425.000,264.000,0.307602,-0.356434,0.882234,45.451,74.155,24.998
grabacion_experimento_ESP32CAM_4_ROI_640x480.mp4,401,13366.667,True,341.000,200.000,0.000,425.000,264.000,0.307602,-0.356434,0.882234,44.093,72.303,23.565
grabacion_experimento_ESP32CAM_4_ROI_640x480.mp4,402,13400.000,True,341.000,200.000,0.000,425.000,263.000,0.307293,-0.352452,0.883939,44.707,72.950,22.708
grabacion_experimento_ESP32CAM_4_ROI_640x480.mp4,403,13433.333,True,341.000,200.000,0.000,425.000,263.000,0.307293,-0.352452,0.883939,44.962,71.342,25.948
grabacion_experimento_ESP32CAM_4_ROI_640x480.mp4,404,13466.667,True,341.000,200.000,0.000,425.000,263.000,0.307293,-0.352452,0.883939,44.374,73.566,23.862
grabacion_experimento_ESP32CAM_4_ROI_640x480.mp4,405,13500.000,True,341.000,200.000,0.000,425.000,263.000,0.307293,-0.352452,0.883939,43.783,74.888,24.192
grabacion_experimento_ESP32CAM_4_ROI_640x480.mp4,406,13533.333,True,341.000,200.000,0.000,426.000,263.000,0.311476,-0.352511,0.882450,45.246,73.440,23.054
grabacion_experimento_ESP32CAM_4_ROI_640x480.mp4,407,13566.667,True,341.000,200.000,0.000,426.000,263.000,0.311476,-0.352511,0.882450,44.555,72.363,25.068
grabacion_experimento_ESP32CAM_4_ROI_640x480.mp4,408,13600.000,True,340.000,200.000,0.000,426.000,263.000,0.316747,-0.352587,0.880542,45.503,73.050,24.265
grabacion_experimento_ESP32CAM_4_ROI_640x480.mp4,409,13633.333,True,340.000,200.000,0.000,425.000,263.000,0.312555,-0.352527,0.882063,45.095,72.151,26.405
grabacion_experimento_ESP32CAM_4_ROI_640x480.mp4,410,13666.667,True,340.000,200.000,0.000,425.000,264.000,0.312865,-0.356512,0.880349,45.320,72.648,25.783
grabacion_experimento_ESP32CAM_4_ROI_640x480.mp4,411,13700.000,True,340.000,200.000,0.000,424.000,264.000,0.308678,-0.356450,0.881851,45.079,72.594,26.397
grabacion_experimento_ESP32CAM_4_ROI_640x480.mp4,412,13733.333,True,340.000,200.000,0.000,424.000,264.000,0.308678,-0.356450,0.881851,46.047,73.493,25.656
grabacion_experimento_ESP32CAM_4_ROI_640x480.mp4,413,13766.667,True,340.000,200.000,0.000,424.000,264.000,0.308678,-0.356450,0.881851,45.173,73.554,27.754
grabacion_experimento_ESP32CAM_4_ROI_640x480.mp4,414,13800.000,True,340.000,200.000,0.000,424.000,264.000,0.308678,-0.356450,0.881851,45.294,75.047,26.365
grabacion_experimento_ESP32CAM_4_ROI_640x480.mp4,415,13833.333,True,340.000,200.000,0.000,424.000,264.000,0.308678,-0.356450,0.881851,46.343,74.050,25.404
grabacion_experimento_ESP32CAM_4_ROI_640x480.mp4,416,13866.667,True,340.000,200.000,0.000,424.000,264.000,0.308678,-0.356450,0.881851,46.641,74.422,25.438
grabacion_experimento_ESP32CAM_4_ROI_640x480.mp4,417,13900.000,True,340.000,200.000,0.000,424.000,265.000,0.308989,-0.360439,0.880119,47.431,73.717,26.415
grabacion_experimento_ESP32CAM_4_ROI_640x480.mp4,418,13933.333,True,340.000,200.000,0.000,424.000,265.000,0.308989,-0.360439,0.880119,47.335,74.934,25.151
grabacion_experimento_ESP32CAM_4_ROI_640x480.mp4,419,13966.667,True,340.000,200.000,0.000,424.000,265.000,0.308989,-0.360439,0.880119,48.210,72.390,25.483
grabacion_experimento_ESP32CAM_4_ROI_640x480.mp4,420,14000.000,True,340.000,200.000,0.000,424.000,265.000,0.308989,-0.360439,0.880119,47.495,74.265,25.212
grabacion_experimento_ESP32CAM_4_ROI_640x480.mp4,421,14033.333,True,340.000,200.000,0.000,424.000,264.000,0.308678,-0.356450,0.881851,46.316,79.744,25.130
grabacion_experimento_ESP32CAM_4_ROI_640x480.mp4,422,14066.667,True,340.000,200.000,0.000,421.000,262.000,0.295593,-0.348328,0.889546,40.632,69.589,27.019
grabacion_experimento_ESP32CAM_4_ROI_640x480.mp4,423,14100.000,True,340.000,200.000,0.000,414.000,258.000,0.265782,-0.332244,0.904972,48.900,74.331,16.979
grabacion_experimento_ESP32CAM_4_ROI_640x480.mp4,424,14133.333,True,340.000,200.000,0.000,408.000,253.000,0.240407,-0.312557,0.918974,48.750,73.189,16.610
grabacion_experimento_ESP32CAM_4_ROI_640x480.mp4,425,14166.667,True,340.000,200.000,0.000,401.000,249.000,0.211756,-0.296966,0.931112,49.099,73.331,14.409
grabacion_experimento_ESP32CAM_4_ROI_640x480.mp4,426,14200.000,True,340.000,200.000,0.000,389.000,244.000,0.163961,-0.277712,0.946569,41.910,52.706,109.117
grabacion_experimento_ESP32CAM_4_ROI_640x480.mp4,427,14233.333,True,340.000,200.000,0.000,380.000,239.000,0.128619,-0.258716,0.957352,45.897,83.692,173.066
grabacion_experimento_ESP32CAM_4_ROI_640x480.mp4,428,14266.667,True,340.000,200.000,0.000,375.000,237.000,0.109279,-0.251170,0.961754,49.922,60.007,175.949
grabacion_experimento_ESP32CAM_4_ROI_640x480.mp4,429,14300.000,True,340.000,200.000,0.000,371.000,235.000,0.093860,-0.243647,0.965312,47.861,81.781,170.365
grabacion_experimento_ESP32CAM_4_ROI_640x480.mp4,430,14333.333,True,340.000,200.000,0.000,367.000,233.000,0.078516,-0.236145,0.968541,50.880,79.874,177.865
grabacion_experimento_ESP32CAM_4_ROI_640x480.mp4,431,14366.667,True,340.000,200.000,0.000,369.000,232.000,0.086022,-0.232384,0.968813,51.955,80.071,179.624
grabacion_experimento_ESP32CAM_4_ROI_640x480.mp4,432,14400.000,True,340.000,200.000,0.000,371.000,234.000,0.093776,-0.239887,0.966261,52.284,78.998,2.260
grabacion_experimento_ESP32CAM_4_ROI_640x480.mp4,433,14433.333,True,340.000,200.000,0.000,373.000,234.000,0.101384,-0.239879,0.965494,52.754,79.250,8.075
grabacion_experimento_ESP32CAM_4_ROI_640x480.mp4,434,14466.667,True,340.000,200.000,0.000,375.000,235.000,0.109094,-0.243634,0.963712,51.068,83.435,5.935
grabacion_experimento_ESP32CAM_4_ROI_640x480.mp4,435,14500.000,True,340.000,200.000,0.000,375.000,235.000,0.109094,-0.243634,0.963712,52.677,83.115,5.306
grabacion_experimento_ESP32CAM_4_ROI_640x480.mp4,436,14533.333,True,340.000,200.000,0.000,376.000,235.000,0.112909,-0.243630,0.963274,53.652,80.140,7.821
grabacion_experimento_ESP32CAM_4_ROI_640x480.mp4,437,14566.667,True,340.000,200.000,0.000,376.000,235.000,0.112909,-0.243630,0.963274,54.097,79.483,4.221
grabacion_experimento_ESP32CAM_4_ROI_640x480.mp4,438,14600.000,True,340.000,200.000,0.000,376.000,235.000,0.112909,-0.243630,0.963274,52.297,81.164,4.558
grabacion_experimento_ESP32CAM_4_ROI_640x480.mp4,439,14633.333,True,340.000,200.000,0.000,376.000,235.000,0.112909,-0.243630,0.963274,52.418,81.340,7.101
grabacion_experimento_ESP32CAM_4_ROI_640x480.mp4,440,14666.667,True,340.000,200.000,0.000,376.000,236.000,0.113003,-0.247397,0.962302,53.124,81.075,5.576
grabacion_experimento_ESP32CAM_4_ROI_640x480.mp4,441,14700.000,True,340.000,200.000,0.000,376.000,236.000,0.113003,-0.247397,0.962302,52.704,78.090,10.382
grabacion_experimento_ESP32CAM_4_ROI_640x480.mp4,442,14733.333,True,340.000,200.000,0.000,377.000,236.000,0.116824,-0.247394,0.961846,52.404,79.245,10.693
grabacion_experimento_ESP32CAM_4_ROI_640x480.mp4,443,14766.667,True,340.000,200.000,0.000,377.000,236.000,0.116824,-0.247394,0.961846,53.289,78.956,9.140
grabacion_experimento_ESP32CAM_4_ROI_640x480.mp4,444,14800.000,True,340.000,200.000,0.000,377.000,236.000,0.116824,-0.247394,0.961846,52.258,78.602,6.521
grabacion_experimento_ESP32CAM_4_ROI_640x480.mp4,445,14833.333,True,340.000,200.000,0.000,377.000,236.000,0.116824,-0.247394,0.961846,50.402,80.231,9.425
grabacion_experimento_ESP32CAM_4_ROI_640x480.mp4,446,14866.667,True,340.000,200.000,0.000,377.000,236.000,0.116824,-0.247394,0.961846,52.063,76.869,10.193
grabacion_experimento_ESP32CAM_4_ROI_640x480.mp4,447,14900.000,True,340.000,200.000,0.000,377.000,236.000,0.116824,-0.247394,0.961846,50.148,79.251,16.270
grabacion_experimento_ESP32CAM_4_ROI_640x480.mp4,448,14933.333,True,340.000,200.000,0.000,377.000,237.000,0.116921,-0.251165,0.960857,49.777,78.079,10.838
grabacion_experimento_ESP32CAM_4_ROI_640x480.mp4,449,14966.667,True,339.000,200.000,0.000,377.000,237.000,0.121904,-0.251162,0.960238,50.055,79.005,14.382
grabacion_experimento_ESP32CAM_4_ROI_640x480.mp4,450,15000.000,True,339.000,200.000,0.000,377.000,237.000,0.121904,-0.251162,0.960238,49.281,80.132,14.450
grabacion_experimento_ESP32CAM_4_ROI_640x480.mp4,451,15033.333,True,339.000,200.000,0.000,377.000,237.000,0.121904,-0.251162,0.960238,50.151,77.253,14.462
grabacion_experimento_ESP32CAM_4_ROI_640x480.mp4,452,15066.667,True,339.000,200.000,0.000,377.000,237.000,0.121904,-0.251162,0.960238,48.879,78.117,16.491
grabacion_experimento_ESP32CAM_4_ROI_640x480.mp4,453,15100.000,True,339.000,200.000,0.000,377.000,237.000,0.121904,-0.251162,0.960238,50.263,77.569,14.314
grabacion_experimento_ESP32CAM_4_ROI_640x480.mp4,454,15133.333,True,339.000,200.000,0.000,377.000,237.000,0.121904,-0.251162,0.960238,53.447,76.943,10.977
grabacion_experimento_ESP32CAM_4_ROI_640x480.mp4,455,15166.667,True,339.000,200.000,0.000,377.000,237.000,0.121904,-0.251162,0.960238,51.478,77.683,8.875
grabacion_experimento_ESP32CAM_4_ROI_640x480.mp4,456,15200.000,True,339.000,200.000,0.000,377.000,236.000,0.121806,-0.247390,0.961229,51.750,79.061,8.255
grabacion_experimento_ESP32CAM_4_ROI_640x480.mp4,457,15233.333,True,339.000,200.000,0.000,377.000,236.000,0.121806,-0.247390,0.961229,52.421,75.456,10.771
grabacion_experimento_ESP32CAM_4_ROI_640x480.mp4,458,15266.667,True,339.000,200.000,0.000,377.000,236.000,0.121806,-0.247390,0.961229,52.183,80.069,12.818
grabacion_experimento_ESP32CAM_4_ROI_640x480.mp4,459,15300.000,True,339.000,200.000,0.000,377.000,236.000,0.121806,-0.247390,0.961229,52.569,82.166,5.697
grabacion_experimento_ESP32CAM_4_ROI_640x480.mp4,460,15333.333,True,339.000,200.000,0.000,377.000,236.000,0.121806,-0.247390,0.961229,53.193,83.559,6.783
grabacion_experimento_ESP32CAM_4_ROI_640x480.mp4,461,15366.667,True,339.000,200.000,0.000,377.000,236.000,0.121806,-0.247390,0.961229,53.492,83.416,4.832
grabacion_experimento_ESP32CAM_4_ROI_640x480.mp4,462,15400.000,True,339.000,200.000,0.000,377.000,235.000,0.121710,-0.243621,0.962204,52.414,83.799,6.986
grabacion_experimento_ESP32CAM_4_ROI_640x480.mp4,463,15433.333,True,339.000,200.000,0.000,377.000,235.000,0.121710,-0.243621,0.962204,53.308,83.823,5.905
grabacion_experimento_ESP32CAM_4_ROI_640x480.mp4,464,15466.667,True,339.000,200.000,0.000,378.000,235.000,0.125535,-0.243616,0.961713,53.270,84.549,5.874
grabacion_experimento_ESP32CAM_4_ROI_640x480.mp4,465,15500.000,True,339.000,200.000,0.000,378.000,235.000,0.125535,-0.243616,0.961713,53.663,85.425,7.928
grabacion_experimento_ESP32CAM_4_ROI_640x480.mp4,466,15533.333,True,339.000,200.000,0.000,378.000,235.000,0.125535,-0.243616,0.961713,55.038,85.093,7.474
