timestamp_unix,relative_time_s,stimulus_x,stimulus_y,frame_idx
1765204857.2465,0.0000,320,180,0
1765204857.2791,0.0326,320,180,1
1765204857.3147,0.0681,320,180,2
1765204857.3474,0.1009,320,180,3
1765204857.3808,0.1342,320,180,4
1765204857.4134,0.1669,320,180,5
1765204857.4467,0.2001,320,180,6
1765204857.4789,0.2324,320,180,7
1765204857.5155,0.2690,320,180,8
1765204857.5465,0.2999,320,180,9
1765204857.5830,0.3364,320,180,10
1765204857.6129,0.3664,320,180,11
1765204857.6466,0.4001,320,180,12
1765204857.6797,0.4331,320,180,13
1765204857.7146,0.4681,320,180,14
1765204857.7474,0.5009,320,180,15
1765204857.7829,0.5364,320,180,16
1765204857.8134,0.5668,320,180,17
1765204857.8469,0.6004,320,180,18
1765204857.8837,0.6372,320,180,19
1765204857.9145,0.6680,320,180,20
1765204857.9471,0.7005,320,180,21
1765204857.9785,0.7320,320,180,22
1765204858.0148,0.7683,320,180,23
1765204858.0467,0.8002,320,180,24
1765204858.0831,0.8365,320,180,25
1765204858.1127,0.8661,320,180,26
1765204858.1465,0.8999,320,180,27
1765204858.1815,0.9350,320,180,28
1765204858.2133,0.9668,320,180,29
1765204858.2468,1.0003,320,180,30
1765204858.2791,1.0325,320,180,31
1765204858.3149,1.0684,320,180,32
1765204858.3469,1.1003,320,180,33
1765204858.3831,1.1365,320,180,34
1765204858.4135,1.1669,320,180,35
1765204858.4472,1.2007,320,180,36
1765204858.4789,1.2324,320,180,37
1765204858.5129,1.2664,320,180,38
1765204858.5469,1.3003,320,180,39
1765204858.5794,1.3329,320,180,40
1765204858.6145,1.3680,320,180,41
1765204858.6464,1.3999,320,180,42
1765204858.6819,1.4354,320,180,43
1765204858.7134,1.4669,320,180,44
1765204858.7476,1.5011,320,180,45
1765204858.7794,1.5329,320,180,46
1765204858.8134,1.5669,320,180,47
1765204858.8474,1.6009,320,180,48
1765204858.8837,1.6372,320,180,49
1765204858.9129,1.6664,320,180,50
1765204858.9454,1.6989,320,180,51
1765204858.9836,1.7370,320,180,52
1765204859.0132,1.7666,320,180,53
1765204859.0471,1.8005,320,180,54
1765204859.0816,1.8351,320,180,55
1765204859.1127,1.8662,320,180,56
1765204859.1470,1.9005,320,180,57
1765204859.1825,1.9360,320,180,58
1765204859.2134,1.9669,320,180,59
1765204859.2474,2.0009,960,180,60
1765204859.2795,2.0330,960,180,61
1765204859.3128,2.0662,960,180,62
1765204859.3458,2.0993,960,180,63
1765204859.3831,2.1365,960,180,64
1765204859.4128,2.1663,960,180,65
1765204859.4457,2.1992,960,180,66
1765204859.4825,2.2360,960,180,67
1765204859.5133,2.2667,960,180,68
1765204859.5466,2.3001,960,180,69
1765204859.5816,2.3351,960,180,70
1765204859.6138,2.3672,960,180,71
1765204859.6474,2.4009,960,180,72
1765204859.6831,2.4366,960,180,73
1765204859.7150,2.4685,960,180,74
1765204859.7470,2.5005,960,180,75
1765204859.7828,2.5363,960,180,76
1765204859.8126,2.5661,960,180,77
1765204859.8473,2.6007,960,180,78
1765204859.8831,2.6366,960,180,79
1765204859.9135,2.6669,960,180,80
1765204859.9472,2.7007,960,180,81
1765204859.9789,2.7323,960,180,82
1765204860.0149,2.7684,960,180,83
1765204860.0467,2.8002,960,180,84
1765204860.0821,2.8356,960,180,85
1765204860.1128,2.8663,960,180,86
1765204860.1474,2.9009,960,180,87
1765204860.1832,2.9367,960,180,88
1765204860.2134,2.9668,960,180,89
1765204860.2466,3.0000,960,180,90
1765204860.2817,3.0352,960,180,91
1765204860.3126,3.0661,960,180,92
1765204860.3476,3.1011,960,180,93
1765204860.3830,3.1364,960,180,94
1765204860.4131,3.1665,960,180,95
1765204860.4473,3.2008,960,180,96
1765204860.4827,3.2362,960,180,97
1765204860.5134,3.2669,960,180,98
1765204860.5473,3.3007,960,180,99
1765204860.5829,3.3363,960,180,100
1765204860.6147,3.3681,960,180,101
1765204860.6465,3.4000,960,180,102
1765204860.6820,3.4355,960,180,103
1765204860.7134,3.4668,960,180,104
1765204860.7466,3.5001,960,180,105
1765204860.7826,3.5360,960,180,106
1765204860.8129,3.5663,960,180,107
1765204860.8471,3.6005,960,180,108
1765204860.8829,3.6364,960,180,109
1765204860.9135,3.6669,960,180,110
1765204860.9466,3.7000,960,180,111
1765204860.9815,3.7350,960,180,112
1765204861.0135,3.7670,960,180,113
1765204861.0467,3.8002,960,180,114
1765204861.0832,3.8367,960,180,115
1765204861.1127,3.8662,960,180,116
1765204861.1472,3.9007,960,180,117
1765204861.1786,3.9321,960,180,118
1765204861.2155,3.9689,960,180,119
1765204861.2466,4.0000,1600,180,120
1765204861.2822,4.0357,1600,180,121
1765204861.3133,4.0668,1600,180,122
1765204861.3467,4.1002,1600,180,123
1765204861.3833,4.1368,1600,180,124
1765204861.4128,4.1663,1600,180,125
1765204861.4468,4.2003,1600,180,126
1765204861.4829,4.2363,1600,180,127
1765204861.5135,4.2670,1600,180,128
1765204861.5474,4.3009,1600,180,129
1765204861.5833,4.3368,1600,180,130
1765204861.6135,4.3670,1600,180,131
1765204861.6474,4.4009,1600,180,132
1765204861.6834,4.4369,1600,180,133
1765204861.7135,4.4670,1600,180,134
1765204861.7468,4.5002,1600,180,135
1765204861.7835,4.5369,1600,180,136
1765204861.8125,4.5660,1600,180,137
1765204861.8459,4.5994,1600,180,138
1765204861.8811,4.6346,1600,180,139
1765204861.9136,4.6670,1600,180,140
1765204861.9475,4.7009,1600,180,141
1765204861.9787,4.7322,1600,180,142
1765204862.0152,4.7687,1600,180,143
1765204862.0474,4.8009,1600,180,144
1765204862.0823,4.8357,1600,180,145
1765204862.1134,4.8669,1600,180,146
1765204862.1474,4.9009,1600,180,147
1765204862.1826,4.9360,1600,180,148
1765204862.2131,4.9666,1600,180,149
1765204862.2463,4.9997,1600,180,150
1765204862.2826,5.0361,1600,180,151
1765204862.3133,5.0667,1600,180,152
1765204862.3465,5.1000,1600,180,153
1765204862.3796,5.1331,1600,180,154
1765204862.4155,5.1689,1600,180,155
1765204862.4469,5.2003,1600,180,156
1765204862.4826,5.2360,1600,180,157
1765204862.5131,5.2665,1600,180,158
1765204862.5466,5.3001,1600,180,159
1765204862.5822,5.3357,1600,180,160
1765204862.6126,5.3661,1600,180,161
1765204862.6455,5.3990,1600,180,162
1765204862.6796,5.4330,1600,180,163
1765204862.7126,5.4660,1600,180,164
1765204862.7471,5.5005,1600,180,165
1765204862.7835,5.5370,1600,180,166
1765204862.8141,5.5676,1600,180,167
1765204862.8466,5.6001,1600,180,168
1765204862.8796,5.6330,1600,180,169
1765204862.9155,5.6689,1600,180,170
1765204862.9468,5.7003,1600,180,171
1765204862.9791,5.7326,1600,180,172
1765204863.0146,5.7681,1600,180,173
1765204863.0465,5.8000,1600,180,174
1765204863.0790,5.8325,1600,180,175
1765204863.1135,5.8670,1600,180,176
1765204863.1476,5.9011,1600,180,177
1765204863.1835,5.9369,1600,180,178
1765204863.2126,5.9661,1600,180,179
1765204863.2455,5.9990,320,540,180
1765204863.2818,6.0353,320,540,181
1765204863.3135,6.0670,320,540,182
1765204863.3465,6.0999,320,540,183
1765204863.3819,6.1353,320,540,184
1765204863.4125,6.1659,320,540,185
1765204863.4469,6.2003,320,540,186
1765204863.4825,6.2360,320,540,187
1765204863.5134,6.2669,320,540,188
1765204863.5465,6.2999,320,540,189
1765204863.5816,6.3351,320,540,190
1765204863.6126,6.3661,320,540,191
1765204863.6465,6.4000,320,540,192
1765204863.6808,6.4343,320,540,193
1765204863.7125,6.4659,320,540,194
1765204863.7468,6.5002,320,540,195
1765204863.7832,6.5367,320,540,196
1765204863.8127,6.5662,320,540,197
1765204863.8458,6.5992,320,540,198
1765204863.8835,6.6369,320,540,199
1765204863.9127,6.6662,320,540,200
1765204863.9460,6.6995,320,540,201
1765204863.9817,6.7352,320,540,202
1765204864.0136,6.7671,320,540,203
1765204864.0462,6.7996,320,540,204
1765204864.0816,6.8351,320,540,205
1765204864.1131,6.8666,320,540,206
1765204864.1472,6.9007,320,540,207
1765204864.1825,6.9360,320,540,208
1765204864.2128,6.9663,320,540,209
1765204864.2471,7.0006,320,540,210
1765204864.2785,7.0320,320,540,211
1765204864.3128,7.0663,320,540,212
1765204864.3471,7.1006,320,540,213
1765204864.3827,7.1361,320,540,214
1765204864.4131,7.1665,320,540,215
1765204864.4455,7.1990,320,540,216
1765204864.4829,7.2364,320,540,217
1765204864.5131,7.2665,320,540,218
1765204864.5465,7.2999,320,540,219
1765204864.5820,7.3354,320,540,220
1765204864.6125,7.3660,320,540,221
1765204864.6471,7.4005,320,540,222
1765204864.6790,7.4325,320,540,223
1765204864.7153,7.4687,320,540,224
1765204864.7477,7.5012,320,540,225
1765204864.7794,7.5328,320,540,226
1765204864.8154,7.5688,320,540,227
1765204864.8466,7.6001,320,540,228
1765204864.8818,7.6353,320,540,229
1765204864.9132,7.6666,320,540,230
1765204864.9471,7.7006,320,540,231
1765204864.9827,7.7362,320,540,232
1765204865.0129,7.7664,320,540,233
1765204865.0466,7.8000,320,540,234
1765204865.0831,7.8365,320,540,235
1765204865.1124,7.8659,320,540,236
1765204865.1456,7.8990,320,540,237
1765204865.1830,7.9365,320,540,238
1765204865.2131,7.9666,320,540,239
1765204865.2465,8.0000,960,540,240
1765204865.2815,8.0350,960,540,241
1765204865.3127,8.0661,960,540,242
1765204865.3475,8.1010,960,540,243
1765204865.3796,8.1331,960,540,244
1765204865.4133,8.1667,960,540,245
1765204865.4456,8.1991,960,540,246
1765204865.4827,8.2362,960,540,247
1765204865.5136,8.2671,960,540,248
1765204865.5473,8.3007,960,540,249
1765204865.5835,8.3369,960,540,250
1765204865.6127,8.3662,960,540,251
1765204865.6471,8.4006,960,540,252
1765204865.6828,8.4363,960,540,253
1765204865.7135,8.4669,960,540,254
1765204865.7474,8.5009,960,540,255
1765204865.7825,8.5360,960,540,256
1765204865.8133,8.5667,960,540,257
1765204865.8473,8.6008,960,540,258
1765204865.8831,8.6366,960,540,259
1765204865.9129,8.6664,960,540,260
1765204865.9475,8.7010,960,540,261
1765204865.9826,8.7360,960,540,262
1765204866.0135,8.7670,960,540,263
1765204866.0465,8.8000,960,540,264
1765204866.0832,8.8367,960,540,265
1765204866.1126,8.8661,960,540,266
1765204866.1455,8.8990,960,540,267
1765204866.1833,8.9367,960,540,268
1765204866.2144,8.9679,960,540,269
1765204866.2474,9.0009,960,540,270
1765204866.2836,9.0371,960,540,271
1765204866.3125,9.0660,960,540,272
1765204866.3455,9.0990,960,540,273
1765204866.3815,9.1349,960,540,274
1765204866.4132,9.1667,960,540,275
1765204866.4476,9.2010,960,540,276
1765204866.4830,9.2365,960,540,277
1765204866.5131,9.2665,960,540,278
1765204866.5475,9.3009,960,540,279
1765204866.5815,9.3349,960,540,280
1765204866.6125,9.3660,960,540,281
1765204866.6471,9.4006,960,540,282
1765204866.6828,9.4363,960,540,283
1765204866.7125,9.4660,960,540,284
1765204866.7468,9.5003,960,540,285
1765204866.7836,9.5371,960,540,286
1765204866.8125,9.5660,960,540,287
1765204866.8470,9.6004,960,540,288
1765204866.8834,9.6368,960,540,289
1765204866.9130,9.6665,960,540,290
1765204866.9472,9.7007,960,540,291
1765204866.9835,9.7370,960,540,292
1765204867.0127,9.7662,960,540,293
1765204867.0461,9.7996,960,540,294
1765204867.0785,9.8319,960,540,295
1765204867.1133,9.8668,960,540,296
1765204867.1474,9.9008,960,540,297
1765204867.1827,9.9362,960,540,298
1765204867.2127,9.9662,960,540,299
1765204867.2465,10.0000,1600,540,300
1765204867.2831,10.0366,1600,540,301
1765204867.3125,10.0660,1600,540,302
1765204867.3459,10.0994,1600,540,303
1765204867.3824,10.1359,1600,540,304
1765204867.4135,10.1669,1600,540,305
1765204867.4467,10.2001,1600,540,306
1765204867.4824,10.2359,1600,540,307
1765204867.5131,10.2666,1600,540,308
1765204867.5466,10.3001,1600,540,309
1765204867.5824,10.3359,1600,540,310
1765204867.6125,10.3659,1600,540,311
1765204867.6470,10.4005,1600,540,312
1765204867.6786,10.4321,1600,540,313
1765204867.7148,10.4682,1600,540,314
1765204867.7474,10.5009,1600,540,315
1765204867.7791,10.5326,1600,540,316
1765204867.8153,10.5687,1600,540,317
1765204867.8473,10.6008,1600,540,318
1765204867.8831,10.6366,1600,540,319
1765204867.9125,10.6660,1600,540,320
1765204867.9467,10.7002,1600,540,321
1765204867.9827,10.7362,1600,540,322
1765204868.0136,10.7671,1600,540,323
1765204868.0468,10.8003,1600,540,324
1765204868.0793,10.8327,1600,540,325
1765204868.1155,10.8689,1600,540,326
1765204868.1465,10.8999,1600,540,327
1765204868.1830,10.9365,1600,540,328
1765204868.2132,10.9666,1600,540,329
1765204868.2470,11.0005,1600,540,330
1765204868.2833,11.0368,1600,540,331
1765204868.3134,11.0669,1600,540,332
1765204868.3473,11.1008,1600,540,333
1765204868.3827,11.1362,1600,540,334
1765204868.4131,11.1665,1600,540,335
1765204868.4466,11.2000,1600,540,336
1765204868.4822,11.2357,1600,540,337
1765204868.5127,11.2662,1600,540,338
1765204868.5475,11.3010,1600,540,339
1765204868.5835,11.3370,1600,540,340
1765204868.6135,11.3670,1600,540,341
1765204868.6467,11.4001,1600,540,342
1765204868.6823,11.4358,1600,540,343
1765204868.7134,11.4669,1600,540,344
1765204868.7471,11.5006,1600,540,345
1765204868.7833,11.5368,1600,540,346
1765204868.8136,11.5671,1600,540,347
1765204868.8467,11.6002,1600,540,348
1765204868.8792,11.6327,1600,540,349
1765204868.9125,11.6660,1600,540,350
1765204868.9472,11.7007,1600,540,351
1765204868.9827,11.7362,1600,540,352
1765204869.0134,11.7669,1600,540,353
1765204869.0467,11.8001,1600,540,354
1765204869.0796,11.8331,1600,540,355
1765204869.1128,11.8662,1600,540,356
1765204869.1464,11.8999,1600,540,357
1765204869.1815,11.9350,1600,540,358
1765204869.2134,11.9668,1600,540,359
1765204869.2469,12.0004,320,900,360
1765204869.2827,12.0362,320,900,361
1765204869.3128,12.0663,320,900,362
1765204869.3468,12.1003,320,900,363
1765204869.3815,12.1350,320,900,364
1765204869.4134,12.1669,320,900,365
1765204869.4468,12.2003,320,900,366
1765204869.4816,12.2351,320,900,367
1765204869.5129,12.2664,320,900,368
1765204869.5471,12.3006,320,900,369
1765204869.5833,12.3368,320,900,370
1765204869.6127,12.3662,320,900,371
1765204869.6469,12.4004,320,900,372
1765204869.6795,12.4330,320,900,373
1765204869.7133,12.4668,320,900,374
1765204869.7460,12.4995,320,900,375
1765204869.7833,12.5368,320,900,376
1765204869.8134,12.5669,320,900,377
1765204869.8468,12.6003,320,900,378
1765204869.8790,12.6325,320,900,379
1765204869.9156,12.6691,320,900,380
1765204869.9470,12.7005,320,900,381
1765204869.9829,12.7363,320,900,382
1765204870.0135,12.7670,320,900,383
1765204870.0475,12.8009,320,900,384
1765204870.0829,12.8364,320,900,385
1765204870.1131,12.8665,320,900,386
1765204870.1466,12.9001,320,900,387
1765204870.1791,12.9325,320,900,388
1765204870.2128,12.9663,320,900,389
1765204870.2458,12.9993,320,900,390
1765204870.2791,13.0326,320,900,391
1765204870.3155,13.0690,320,900,392
1765204870.3468,13.1003,320,900,393
1765204870.3788,13.1323,320,900,394
1765204870.4128,13.1662,320,900,395
1765204870.4456,13.1990,320,900,396
1765204870.4829,13.2364,320,900,397
1765204870.5129,13.2664,320,900,398
1765204870.5459,13.2993,320,900,399
1765204870.5818,13.3353,320,900,400
1765204870.6131,13.3665,320,900,401
1765204870.6461,13.3996,320,900,402
1765204870.6825,13.4360,320,900,403
1765204870.7131,13.4666,320,900,404
1765204870.7466,13.5001,320,900,405
1765204870.7829,13.5364,320,900,406
1765204870.8128,13.5663,320,900,407
1765204870.8470,13.6005,320,900,408
1765204870.8835,13.6369,320,900,409
1765204870.9145,13.6680,320,900,410
1765204870.9474,13.7009,320,900,411
1765204870.9787,13.7321,320,900,412
1765204871.0155,13.7690,320,900,413
1765204871.0466,13.8001,320,900,414
1765204871.0817,13.8351,320,900,415
1765204871.1134,13.8668,320,900,416
1765204871.1476,13.9010,320,900,417
1765204871.1830,13.9365,320,900,418
1765204871.2125,13.9660,320,900,419
1765204871.2464,13.9998,960,900,420
1765204871.2829,14.0363,960,900,421
1765204871.3129,14.0663,960,900,422
1765204871.3457,14.0992,960,900,423
1765204871.3834,14.1369,960,900,424
1765204871.4137,14.1672,960,900,425
1765204871.4475,14.2009,960,900,426
1765204871.4829,14.2364,960,900,427
1765204871.5135,14.2669,960,900,428
1765204871.5469,14.3004,960,900,429
1765204871.5828,14.3363,960,900,430
1765204871.6127,14.3662,960,900,431
1765204871.6474,14.4009,960,900,432
1765204871.6825,14.4360,960,900,433
1765204871.7128,14.4663,960,900,434
1765204871.7471,14.5006,960,900,435
1765204871.7796,14.5331,960,900,436
1765204871.8132,14.5667,960,900,437
1765204871.8465,14.6000,960,900,438
1765204871.8795,14.6330,960,900,439
1765204871.9133,14.6667,960,900,440
1765204871.9474,14.7009,960,900,441
1765204871.9795,14.7329,960,900,442
1765204872.0124,14.7659,960,900,443
1765204872.0465,14.8000,960,900,444
1765204872.0830,14.8365,960,900,445
1765204872.1131,14.8665,960,900,446
1765204872.1469,14.9004,960,900,447
1765204872.1828,14.9363,960,900,448
1765204872.2126,14.9661,960,900,449
1765204872.2468,15.0002,960,900,450
1765204872.2826,15.0360,960,900,451
1765204872.3126,15.0660,960,900,452
1765204872.3475,15.1009,960,900,453
1765204872.3832,15.1367,960,900,454
1765204872.4149,15.1684,960,900,455
1765204872.4469,15.2004,960,900,456
1765204872.4786,15.2321,960,900,457
1765204872.5125,15.2660,960,900,458
1765204872.5475,15.3009,960,900,459
1765204872.5795,15.3330,960,900,460
1765204872.6155,15.3690,960,900,461
1765204872.6476,15.4010,960,900,462
1765204872.6832,15.4367,960,900,463
1765204872.7131,15.4666,960,900,464
1765204872.7468,15.5003,960,900,465
1765204872.7828,15.5363,960,900,466
1765204872.8125,15.5660,960,900,467
1765204872.8464,15.5998,960,900,468
1765204872.8826,15.6360,960,900,469
1765204872.9137,15.6672,960,900,470
1765204872.9465,15.7000,960,900,471
1765204872.9793,15.7328,960,900,472
1765204873.0131,15.7666,960,900,473
1765204873.0458,15.7993,960,900,474
1765204873.0794,15.8328,960,900,475
1765204873.1146,15.8681,960,900,476
1765204873.1475,15.9009,960,900,477
1765204873.1787,15.9321,960,900,478
1765204873.2153,15.9688,960,900,479
1765204873.2464,15.9999,1600,900,480
1765204873.2791,16.0325,1600,900,481
1765204873.3155,16.0690,1600,900,482
1765204873.3469,16.1004,1600,900,483
1765204873.3818,16.1353,1600,900,484
1765204873.4126,16.1661,1600,900,485
1765204873.4474,16.2008,1600,900,486
1765204873.4826,16.2361,1600,900,487
1765204873.5128,16.2663,1600,900,488
1765204873.5458,16.2993,1600,900,489
1765204873.5816,16.3351,1600,900,490
1765204873.6133,16.3667,1600,900,491
1765204873.6473,16.4007,1600,900,492
1765204873.6828,16.4362,1600,900,493
1765204873.7126,16.4660,1600,900,494
1765204873.7465,16.5000,1600,900,495
1765204873.7818,16.5352,1600,900,496
1765204873.8125,16.5660,1600,900,497
1765204873.8461,16.5996,1600,900,498
1765204873.8823,16.6358,1600,900,499
1765204873.9135,16.6670,1600,900,500
1765204873.9475,16.7010,1600,900,501
1765204873.9834,16.7369,1600,900,502
1765204874.0127,16.7662,1600,900,503
1765204874.0472,16.8007,1600,900,504
1765204874.0807,16.8341,1600,900,505
1765204874.1132,16.8667,1600,900,506
1765204874.1464,16.8999,1600,900,507
1765204874.1824,16.9359,1600,900,508
1765204874.2127,16.9662,1600,900,509
1765204874.2456,16.9991,1600,900,510
1765204874.2819,17.0353,1600,900,511
1765204874.3133,17.0668,1600,900,512
1765204874.3471,17.1006,1600,900,513
1765204874.3795,17.1330,1600,900,514
1765204874.4127,17.1662,1600,900,515
1765204874.4474,17.2008,1600,900,516
1765204874.4828,17.2363,1600,900,517
1765204874.5136,17.2670,1600,900,518
1765204874.5473,17.3008,1600,900,519
1765204874.5789,17.3323,1600,900,520
1765204874.6133,17.3668,1600,900,521
1765204874.6467,17.4002,1600,900,522
1765204874.6819,17.4354,1600,900,523
1765204874.7133,17.4668,1600,900,524
1765204874.7471,17.5006,1600,900,525
1765204874.7792,17.5327,1600,900,526
1765204874.8147,17.5681,1600,900,527
1765204874.8471,17.6006,1600,900,528
1765204874.8827,17.6362,1600,900,529
1765204874.9133,17.6668,1600,900,530
1765204874.9467,17.7002,1600,900,531
1765204874.9819,17.7354,1600,900,532
1765204875.0131,17.7666,1600,900,533
1765204875.0475,17.8010,1600,900,534
1765204875.0828,17.8363,1600,900,535
1765204875.1131,17.8666,1600,900,536
1765204875.1470,17.9005,1600,900,537
1765204875.1788,17.9323,1600,900,538
1765204875.2145,17.9679,1600,900,539
