video_name,frame_number,timestamp_ms,valid_deteccion,sphere_center_x,sphere_center_y,sphere_center_z,pupil_center_x,pupil_center_y,gaze_x,gaze_y,gaze_z,ellipse_width,ellipse_height,ellipse_angle,contour_area,iris_horiz_diameter_px,px_per_mm,pupil_horiz_diameter_mm
Josuep_intento_10.mp4,1,16.667,False,240.000,270.000,,,,,,,,,,,,,
Josuep_intento_10.mp4,2,33.333,False,240.000,270.000,,,,,,,,,,,,,
Josuep_intento_10.mp4,3,50.000,True,240.000,270.000,0.000,359.000,230.000,0.495833,0.166667,-0.852274,61.074,83.815,114.049,3771.0,124.314,10.625160,5.748
Josuep_intento_10.mp4,4,66.667,True,240.000,270.000,0.000,359.000,230.000,0.495833,0.166667,-0.852274,61.675,84.921,114.937,3856.0,129.354,11.055904,5.578
Josuep_intento_10.mp4,5,83.333,True,240.000,270.000,0.000,359.000,231.000,0.495833,0.162500,-0.853079,62.454,85.989,117.097,3894.5,127.951,10.936025,5.711
Josuep_intento_10.mp4,6,100.000,True,240.000,270.000,0.000,358.000,231.000,0.491667,0.162500,-0.855487,62.218,86.098,116.681,3907.5,128.073,10.946397,5.684
Josuep_intento_10.mp4,7,116.667,True,240.000,270.000,0.000,358.000,231.000,0.491667,0.162500,-0.855487,63.049,85.900,114.259,3946.5,126.277,10.792868,5.842
Josuep_intento_10.mp4,8,133.333,False,240.000,270.000,,,,,,,,,,,,,
Josuep_intento_10.mp4,9,150.000,True,240.000,270.000,0.000,364.000,226.000,0.516667,0.183333,-0.836328,53.816,82.588,121.727,3351.0,117.663,10.056634,5.351
Josuep_intento_10.mp4,10,166.667,True,240.000,270.000,0.000,369.000,222.000,0.537500,0.200000,-0.819203,53.618,83.559,120.115,3381.0,119.368,10.202372,5.255
Josuep_intento_10.mp4,11,183.333,True,240.000,270.000,0.000,369.000,222.000,0.537500,0.200000,-0.819203,54.204,83.680,121.879,3413.5,119.921,10.249624,5.288
Josuep_intento_10.mp4,12,200.000,True,240.000,270.000,0.000,369.000,223.000,0.537500,0.195833,-0.820209,55.191,84.124,122.213,3446.5,119.717,10.232261,5.394
Josuep_intento_10.mp4,13,216.667,True,240.000,270.000,0.000,369.000,223.000,0.537500,0.195833,-0.820209,54.341,84.353,121.775,3406.5,120.794,10.324276,5.263
Josuep_intento_10.mp4,14,233.333,True,240.000,270.000,0.000,370.000,222.000,0.541667,0.200000,-0.816454,53.246,83.878,124.672,3289.5,119.058,10.175866,5.233
Josuep_intento_10.mp4,15,250.000,True,240.000,270.000,0.000,372.000,222.000,0.550000,0.200000,-0.810864,52.860,83.279,125.720,3205.5,119.212,10.189052,5.188
Josuep_intento_10.mp4,16,266.667,True,240.000,270.000,0.000,372.000,221.000,0.550000,0.204167,-0.809825,52.242,80.916,120.938,3106.0,117.082,10.007020,5.220
Josuep_intento_10.mp4,17,283.333,True,240.000,270.000,0.000,372.000,219.000,0.550000,0.212500,-0.807678,51.031,81.304,119.143,3033.0,115.978,9.912657,5.148
Josuep_intento_10.mp4,18,300.000,True,240.000,270.000,0.000,372.000,219.000,0.550000,0.212500,-0.807678,50.520,80.843,118.840,2978.0,115.789,9.896478,5.105
Josuep_intento_10.mp4,19,316.667,True,240.000,270.000,0.000,372.000,218.000,0.550000,0.216667,-0.806570,49.954,79.594,118.490,2937.0,114.521,9.788086,5.104
Josuep_intento_10.mp4,20,333.333,True,240.000,270.000,0.000,372.000,218.000,0.550000,0.216667,-0.806570,49.577,79.255,117.680,2874.0,114.395,9.777353,5.071
Josuep_intento_10.mp4,21,350.000,False,240.000,270.000,,,,,,,,,,,,,
Josuep_intento_10.mp4,22,366.667,False,240.000,270.000,,,,,,,,,,,,,
Josuep_intento_10.mp4,23,383.333,False,240.000,270.000,,,,,,,,,,,,,
Josuep_intento_10.mp4,24,400.000,False,240.000,270.000,,,,,,,,,,,,,
Josuep_intento_10.mp4,25,416.667,False,240.000,270.000,,,,,,,,,,,,,
Josuep_intento_10.mp4,26,433.333,False,240.000,270.000,,,,,,,,,,,,,
Josuep_intento_10.mp4,27,450.000,False,240.000,270.000,,,,,,,,,,,,,
Josuep_intento_10.mp4,28,466.667,False,240.000,270.000,,,,,,,,,,,,,
Josuep_intento_10.mp4,29,483.333,False,240.000,270.000,,,,,,,,,,,,,
Josuep_intento_10.mp4,30,500.000,False,240.000,270.000,,,,,,,,,,,,,
Josuep_intento_10.mp4,31,516.667,False,240.000,270.000,,,,,,,,,,,,,
Josuep_intento_10.mp4,32,533.333,False,240.000,270.000,,,,,,,,,,,,,
Josuep_intento_10.mp4,33,550.000,False,240.000,270.000,,,,,,,,,,,,,
Josuep_intento_10.mp4,34,566.667,False,240.000,270.000,,,,,,,,,,,,,
Josuep_intento_10.mp4,35,583.333,False,240.000,270.000,,,,,,,,,,,,,
Josuep_intento_10.mp4,36,600.000,False,240.000,270.000,,,,,,,,,,,,,
Josuep_intento_10.mp4,37,616.667,False,240.000,270.000,,,,,,,,,,,,,
Josuep_intento_10.mp4,38,633.333,False,240.000,270.000,,,,,,,,,,,,,
Josuep_intento_10.mp4,39,650.000,False,240.000,270.000,,,,,,,,,,,,,
Josuep_intento_10.mp4,40,666.667,False,240.000,270.000,,,,,,,,,,,,,
Josuep_intento_10.mp4,41,683.333,False,240.000,270.000,,,,,,,,,,,,,
Josuep_intento_10.mp4,42,700.000,False,240.000,270.000,,,,,,,,,,,,,
Josuep_intento_10.mp4,43,716.667,False,240.000,270.000,,,,,,,,,,,,,
Josuep_intento_10.mp4,44,733.333,False,240.000,270.000,,,,,,,,,,,,,
Josuep_intento_10.mp4,45,750.000,False,240.000,270.000,,,,,,,,,,,,,
Josuep_intento_10.mp4,46,766.667,False,240.000,270.000,,,,,,,,,,,,,
Josuep_intento_10.mp4,47,783.333,False,240.000,270.000,,,,,,,,,,,,,
Josuep_intento_10.mp4,48,800.000,False,240.000,270.000,,,,,,,,,,,,,
Josuep_intento_10.mp4,49,816.667,False,240.000,270.000,,,,,,,,,,,,,
Josuep_intento_10.mp4,50,833.333,False,240.000,270.000,,,,,,,,,,,,,
Josuep_intento_10.mp4,51,850.000,False,240.000,270.000,,,,,,,,,,,,,
Josuep_intento_10.mp4,52,866.667,False,240.000,270.000,,,,,,,,,,,,,
Josuep_intento_10.mp4,53,883.333,False,240.000,270.000,,,,,,,,,,,,,
Josuep_intento_10.mp4,54,900.000,False,240.000,270.000,,,,,,,,,,,,,
Josuep_intento_10.mp4,55,916.667,False,240.000,270.000,,,,,,,,,,,,,
Josuep_intento_10.mp4,56,933.333,False,240.000,270.000,,,,,,,,,,,,,
Josuep_intento_10.mp4,57,950.000,False,240.000,270.000,,,,,,,,,,,,,
Josuep_intento_10.mp4,58,966.667,False,240.000,270.000,,,,,,,,,,,,,
Josuep_intento_10.mp4,59,983.333,False,240.000,270.000,,,,,,,,,,,,,
Josuep_intento_10.mp4,60,1000.000,False,240.000,270.000,,,,,,,,,,,,,
Josuep_intento_10.mp4,61,1016.667,False,240.000,270.000,,,,,,,,,,,,,
Josuep_intento_10.mp4,62,1033.333,False,240.000,270.000,,,,,,,,,,,,,
Josuep_intento_10.mp4,63,1050.000,True,240.000,270.000,0.000,372.000,219.000,0.550000,0.212500,-0.807678,51.641,79.713,119.561,3019.5,116.044,9.918249,5.207
Josuep_intento_10.mp4,64,1066.667,True,240.000,270.000,0.000,372.000,220.000,0.550000,0.208333,-0.808763,51.906,79.050,118.359,3047.0,116.093,9.922474,5.231
Josuep_intento_10.mp4,65,1083.333,True,240.000,270.000,0.000,372.000,220.000,0.550000,0.208333,-0.808763,51.807,79.247,119.742,3041.5,115.445,9.867052,5.251
Josuep_intento_10.mp4,66,1100.000,True,240.000,270.000,0.000,372.000,220.000,0.550000,0.208333,-0.808763,51.901,80.205,119.647,3055.5,116.429,9.951221,5.216
Josuep_intento_10.mp4,67,1116.667,True,240.000,270.000,0.000,372.000,220.000,0.550000,0.208333,-0.808763,52.057,80.642,120.424,3076.0,117.190,10.016204,5.197
Josuep_intento_10.mp4,68,1133.333,True,240.000,270.000,0.000,371.000,220.000,0.545833,0.208333,-0.811581,53.293,79.573,118.471,3120.0,116.788,9.981866,5.339
Josuep_intento_10.mp4,69,1150.000,False,240.000,270.000,,,,,,,,,,,,,
Josuep_intento_10.mp4,70,1166.667,False,240.000,270.000,,,,,,,,,,,,,
Josuep_intento_10.mp4,71,1183.333,False,240.000,270.000,,,,,,,,,,,,,
Josuep_intento_10.mp4,72,1200.000,False,240.000,270.000,,,,,,,,,,,,,
Josuep_intento_10.mp4,73,1216.667,False,240.000,270.000,,,,,,,,,,,,,
Josuep_intento_10.mp4,74,1233.333,False,240.000,270.000,,,,,,,,,,,,,
Josuep_intento_10.mp4,75,1250.000,False,240.000,270.000,,,,,,,,,,,,,
Josuep_intento_10.mp4,76,1266.667,False,240.000,270.000,,,,,,,,,,,,,
Josuep_intento_10.mp4,77,1283.333,False,240.000,270.000,,,,,,,,,,,,,
Josuep_intento_10.mp4,78,1300.000,False,240.000,270.000,,,,,,,,,,,,,
Josuep_intento_10.mp4,79,1316.667,False,240.000,270.000,,,,,,,,,,,,,
Josuep_intento_10.mp4,80,1333.333,False,240.000,270.000,,,,,,,,,,,,,
Josuep_intento_10.mp4,81,1350.000,False,240.000,270.000,,,,,,,,,,,,,
Josuep_intento_10.mp4,82,1366.667,False,240.000,270.000,,,,,,,,,,,,,
Josuep_intento_10.mp4,83,1383.333,False,240.000,270.000,,,,,,,,,,,,,
Josuep_intento_10.mp4,84,1400.000,False,240.000,270.000,,,,,,,,,,,,,
Josuep_intento_10.mp4,85,1416.667,False,240.000,270.000,,,,,,,,,,,,,
Josuep_intento_10.mp4,86,1433.333,False,240.000,270.000,,,,,,,,,,,,,
Josuep_intento_10.mp4,87,1450.000,False,240.000,270.000,,,,,,,,,,,,,
Josuep_intento_10.mp4,88,1466.667,False,240.000,270.000,,,,,,,,,,,,,
Josuep_intento_10.mp4,89,1483.333,False,240.000,270.000,,,,,,,,,,,,,
Josuep_intento_10.mp4,90,1500.000,False,240.000,270.000,,,,,,,,,,,,,
Josuep_intento_10.mp4,91,1516.667,False,240.000,270.000,,,,,,,,,,,,,
Josuep_intento_10.mp4,92,1533.333,False,240.000,270.000,,,,,,,,,,,,,
Josuep_intento_10.mp4,93,1550.000,False,240.000,270.000,,,,,,,,,,,,,
Josuep_intento_10.mp4,94,1566.667,False,240.000,270.000,,,,,,,,,,,,,
Josuep_intento_10.mp4,95,1583.333,False,240.000,270.000,,,,,,,,,,,,,
Josuep_intento_10.mp4,96,1600.000,False,240.000,270.000,,,,,,,,,,,,,
Josuep_intento_10.mp4,97,1616.667,False,240.000,270.000,,,,,,,,,,,,,
Josuep_intento_10.mp4,98,1633.333,False,240.000,270.000,,,,,,,,,,,,,
Josuep_intento_10.mp4,99,1650.000,False,240.000,270.000,,,,,,,,,,,,,
Josuep_intento_10.mp4,100,1666.667,False,240.000,270.000,,,,,,,,,,,,,
Josuep_intento_10.mp4,101,1683.333,False,240.000,270.000,,,,,,,,,,,,,
Josuep_intento_10.mp4,102,1700.000,False,240.000,270.000,,,,,,,,,,,,,
Josuep_intento_10.mp4,103,1716.667,False,240.000,270.000,,,,,,,,,,,,,
Josuep_intento_10.mp4,104,1733.333,False,240.000,270.000,,,,,,,,,,,,,
Josuep_intento_10.mp4,105,1750.000,False,240.000,270.000,,,,,,,,,,,,,
Josuep_intento_10.mp4,106,1766.667,True,240.000,270.000,0.000,369.000,234.000,0.537500,0.150000,-0.829815,35.680,58.026,60.074,1394.0,81.735,6.985924,5.107
Josuep_intento_10.mp4,107,1783.333,False,240.000,270.000,,,,,,,,,,,,,
Josuep_intento_10.mp4,108,1800.000,True,240.000,270.000,0.000,338.000,235.000,0.408333,0.145833,-0.901108,66.652,84.114,116.315,4313.0,142.489,12.178583,5.473
Josuep_intento_10.mp4,109,1816.667,True,240.000,270.000,0.000,309.000,223.000,0.287500,0.195833,-0.937546,65.562,83.100,116.247,4183.0,118.492,10.127512,6.474
Josuep_intento_10.mp4,110,1833.333,True,240.000,270.000,0.000,310.000,223.000,0.291667,0.195833,-0.936258,64.887,83.576,114.489,4147.0,123.157,10.526237,6.164
Josuep_intento_10.mp4,111,1850.000,True,240.000,270.000,0.000,311.000,223.000,0.295833,0.195833,-0.934950,64.727,83.305,114.731,4137.5,123.878,10.587840,6.113
Josuep_intento_10.mp4,112,1866.667,True,240.000,270.000,0.000,312.000,223.000,0.300000,0.195833,-0.933622,64.345,83.664,111.666,4126.0,124.405,10.632885,6.052
Josuep_intento_10.mp4,113,1883.333,True,240.000,270.000,0.000,313.000,223.000,0.304167,0.195833,-0.932272,63.457,83.872,109.761,4097.5,124.683,10.656634,5.955
Josuep_intento_10.mp4,114,1900.000,True,240.000,270.000,0.000,312.000,223.000,0.300000,0.195833,-0.933622,63.540,84.652,108.107,4165.5,125.542,10.730123,5.922
Josuep_intento_10.mp4,115,1916.667,True,240.000,270.000,0.000,312.000,224.000,0.300000,0.191667,-0.934486,62.935,84.583,106.249,4100.0,126.089,10.776848,5.840
Josuep_intento_10.mp4,116,1933.333,True,240.000,270.000,0.000,312.000,224.000,0.300000,0.191667,-0.934486,62.991,84.966,105.323,4119.0,126.060,10.774387,5.846
Josuep_intento_10.mp4,117,1950.000,True,240.000,270.000,0.000,312.000,224.000,0.300000,0.191667,-0.934486,62.736,84.292,103.860,4084.0,126.061,10.774460,5.823
Josuep_intento_10.mp4,118,1966.667,True,240.000,270.000,0.000,312.000,224.000,0.300000,0.191667,-0.934486,61.913,84.903,103.468,4072.5,126.119,10.779394,5.744
Josuep_intento_10.mp4,119,1983.333,True,240.000,270.000,0.000,312.000,224.000,0.300000,0.191667,-0.934486,62.053,83.944,101.566,4024.5,125.190,10.700007,5.799
Josuep_intento_10.mp4,120,2000.000,True,240.000,270.000,0.000,312.000,223.000,0.300000,0.195833,-0.933622,60.644,84.182,101.333,3970.5,124.458,10.637405,5.701
Josuep_intento_10.mp4,121,2016.667,False,240.000,270.000,,,,,,,,,,,,,
Josuep_intento_10.mp4,122,2033.333,False,240.000,270.000,,,,,,,,,,,,,
Josuep_intento_10.mp4,123,2050.000,False,240.000,270.000,,,,,,,,,,,,,
Josuep_intento_10.mp4,124,2066.667,False,240.000,270.000,,,,,,,,,,,,,
Josuep_intento_10.mp4,125,2083.333,False,240.000,270.000,,,,,,,,,,,,,
Josuep_intento_10.mp4,126,2100.000,False,240.000,270.000,,,,,,,,,,,,,
Josuep_intento_10.mp4,127,2116.667,False,240.000,270.000,,,,,,,,,,,,,
Josuep_intento_10.mp4,128,2133.333,False,240.000,270.000,,,,,,,,,,,,,
Josuep_intento_10.mp4,129,2150.000,False,240.000,270.000,,,,,,,,,,,,,
Josuep_intento_10.mp4,130,2166.667,False,240.000,270.000,,,,,,,,,,,,,
Josuep_intento_10.mp4,131,2183.333,False,240.000,270.000,,,,,,,,,,,,,
Josuep_intento_10.mp4,132,2200.000,False,240.000,270.000,,,,,,,,,,,,,
Josuep_intento_10.mp4,133,2216.667,False,240.000,270.000,,,,,,,,,,,,,
Josuep_intento_10.mp4,134,2233.333,False,240.000,270.000,,,,,,,,,,,,,
Josuep_intento_10.mp4,135,2250.000,True,240.000,270.000,0.000,345.000,234.000,0.437500,0.150000,-0.886619,59.080,72.282,112.883,2993.5,123.290,10.537597,5.607
Josuep_intento_10.mp4,136,2266.667,True,240.000,270.000,0.000,379.000,246.000,0.579167,0.100000,-0.809053,59.810,73.560,114.710,3054.0,122.288,10.451937,5.722
Josuep_intento_10.mp4,137,2283.333,True,240.000,270.000,0.000,379.000,247.000,0.579167,0.095833,-0.809557,61.442,74.247,117.495,3153.0,121.873,10.416475,5.899
Josuep_intento_10.mp4,138,2300.000,True,240.000,270.000,0.000,378.000,247.000,0.575000,0.095833,-0.812521,60.129,75.301,115.638,3246.0,122.441,10.465070,5.746
Josuep_intento_10.mp4,139,2316.667,True,240.000,270.000,0.000,378.000,247.000,0.575000,0.095833,-0.812521,61.561,75.754,120.526,3309.5,123.827,10.583471,5.817
Josuep_intento_10.mp4,140,2333.333,True,240.000,270.000,0.000,378.000,247.000,0.575000,0.095833,-0.812521,61.714,76.666,116.872,3386.0,122.924,10.506328,5.874
Josuep_intento_10.mp4,141,2350.000,True,240.000,270.000,0.000,378.000,247.000,0.575000,0.095833,-0.812521,62.101,75.780,120.472,3328.5,123.443,10.550690,5.886
Josuep_intento_10.mp4,142,2366.667,True,240.000,270.000,0.000,377.000,247.000,0.570833,0.095833,-0.815454,61.991,75.705,120.478,3388.0,121.266,10.364615,5.981
Josuep_intento_10.mp4,143,2383.333,True,240.000,270.000,0.000,377.000,246.000,0.570833,0.100000,-0.814954,61.730,75.880,112.881,3427.0,120.564,10.304621,5.991
Josuep_intento_10.mp4,144,2400.000,True,240.000,270.000,0.000,377.000,246.000,0.570833,0.100000,-0.814954,62.226,77.000,117.800,3455.5,121.863,10.415663,5.974
Josuep_intento_10.mp4,145,2416.667,True,240.000,270.000,0.000,377.000,246.000,0.570833,0.100000,-0.814954,63.891,77.627,119.339,3471.0,124.285,10.622682,6.015
Josuep_intento_10.mp4,146,2433.333,True,240.000,270.000,0.000,377.000,246.000,0.570833,0.100000,-0.814954,63.818,77.032,118.499,3487.5,120.834,10.327717,6.179
Josuep_intento_10.mp4,147,2450.000,True,240.000,270.000,0.000,377.000,245.000,0.570833,0.104167,-0.814431,61.394,77.320,114.161,3431.5,122.819,10.497328,5.849
Josuep_intento_10.mp4,148,2466.667,True,240.000,270.000,0.000,377.000,245.000,0.570833,0.104167,-0.814431,62.457,79.052,115.894,3455.5,125.515,10.727752,5.822
Josuep_intento_10.mp4,149,2483.333,True,240.000,270.000,0.000,377.000,246.000,0.570833,0.100000,-0.814954,62.083,77.357,112.565,3403.5,124.646,10.653532,5.827
Josuep_intento_10.mp4,150,2500.000,True,240.000,270.000,0.000,377.000,247.000,0.570833,0.095833,-0.815454,62.945,77.896,110.562,3411.5,123.696,10.572274,5.954
Josuep_intento_10.mp4,151,2516.667,True,240.000,270.000,0.000,378.000,249.000,0.575000,0.087500,-0.813461,63.566,78.331,107.186,3421.0,125.005,10.684200,5.950
Josuep_intento_10.mp4,152,2533.333,True,240.000,270.000,0.000,379.000,251.000,0.579167,0.079167,-0.811356,64.296,77.287,110.746,3454.5,125.232,10.703595,6.007
Josuep_intento_10.mp4,153,2550.000,True,240.000,270.000,0.000,379.000,252.000,0.579167,0.075000,-0.811752,64.809,76.618,112.813,3438.5,125.717,10.745043,6.032
Josuep_intento_10.mp4,154,2566.667,True,240.000,270.000,0.000,378.000,252.000,0.575000,0.075000,-0.814709,65.278,75.314,112.909,3466.5,125.989,10.768274,6.062
Josuep_intento_10.mp4,155,2583.333,True,240.000,270.000,0.000,378.000,251.000,0.575000,0.079167,-0.814314,63.895,76.718,114.980,3497.5,123.351,10.542807,6.061
Josuep_intento_10.mp4,156,2600.000,True,240.000,270.000,0.000,377.000,249.000,0.570833,0.087500,-0.816390,63.807,76.960,110.994,3487.0,126.609,10.821324,5.896
Josuep_intento_10.mp4,157,2616.667,True,240.000,270.000,0.000,377.000,248.000,0.570833,0.091667,-0.815933,63.471,77.694,109.045,3489.5,121.403,10.376297,6.117
Josuep_intento_10.mp4,158,2633.333,True,240.000,270.000,0.000,377.000,248.000,0.570833,0.091667,-0.815933,63.973,77.410,111.725,3508.5,123.668,10.569899,6.052
Josuep_intento_10.mp4,159,2650.000,True,240.000,270.000,0.000,377.000,248.000,0.570833,0.091667,-0.815933,64.414,76.817,114.530,3477.5,126.176,10.784308,5.973
Josuep_intento_10.mp4,160,2666.667,True,240.000,270.000,0.000,377.000,248.000,0.570833,0.091667,-0.815933,62.925,76.917,107.889,3458.0,122.790,10.494858,5.996
Josuep_intento_10.mp4,161,2683.333,True,240.000,270.000,0.000,377.000,248.000,0.570833,0.091667,-0.815933,63.545,77.763,111.925,3430.0,126.527,10.814305,5.876
Josuep_intento_10.mp4,162,2700.000,True,240.000,270.000,0.000,377.000,248.000,0.570833,0.091667,-0.815933,62.441,74.903,112.848,3274.0,125.076,10.690253,5.841
Josuep_intento_10.mp4,163,2716.667,True,240.000,270.000,0.000,377.000,247.000,0.570833,0.095833,-0.815454,62.219,73.477,111.839,3194.0,124.726,10.660309,5.836
Josuep_intento_10.mp4,164,2733.333,True,240.000,270.000,0.000,377.000,247.000,0.570833,0.095833,-0.815454,62.663,74.064,113.414,3206.0,124.925,10.677381,5.869
Josuep_intento_10.mp4,165,2750.000,True,240.000,270.000,0.000,377.000,247.000,0.570833,0.095833,-0.815454,62.421,73.799,111.172,3261.5,124.011,10.599264,5.889
Josuep_intento_10.mp4,166,2766.667,True,240.000,270.000,0.000,376.000,247.000,0.566667,0.095833,-0.818355,61.013,74.374,110.646,3231.0,123.013,10.513909,5.803
Josuep_intento_10.mp4,167,2783.333,True,240.000,270.000,0.000,376.000,247.000,0.566667,0.095833,-0.818355,61.194,75.605,111.951,3271.0,122.646,10.482528,5.838
Josuep_intento_10.mp4,168,2800.000,False,240.000,270.000,,,,,,,,,,,,,
Josuep_intento_10.mp4,169,2816.667,False,240.000,270.000,,,,,,,,,,,,,
Josuep_intento_10.mp4,170,2833.333,True,240.000,270.000,0.000,368.000,244.000,0.533333,0.108333,-0.838939,61.447,80.486,111.668,3566.5,123.571,10.561628,5.818
Josuep_intento_10.mp4,171,2850.000,False,240.000,270.000,,,,,,,,,,,,,
Josuep_intento_10.mp4,172,2866.667,False,240.000,270.000,,,,,,,,,,,,,
Josuep_intento_10.mp4,173,2883.333,False,240.000,270.000,,,,,,,,,,,,,
Josuep_intento_10.mp4,174,2900.000,False,240.000,270.000,,,,,,,,,,,,,
Josuep_intento_10.mp4,175,2916.667,False,240.000,270.000,,,,,,,,,,,,,
Josuep_intento_10.mp4,176,2933.333,False,240.000,270.000,,,,,,,,,,,,,
Josuep_intento_10.mp4,177,2950.000,False,240.000,270.000,,,,,,,,,,,,,
Josuep_intento_10.mp4,178,2966.667,False,240.000,270.000,,,,,,,,,,,,,
Josuep_intento_10.mp4,179,2983.333,False,240.000,270.000,,,,,,,,,,,,,
Josuep_intento_10.mp4,180,3000.000,False,240.000,270.000,,,,,,,,,,,,,
Josuep_intento_10.mp4,181,3016.667,False,240.000,270.000,,,,,,,,,,,,,
Josuep_intento_10.mp4,182,3033.333,False,240.000,270.000,,,,,,,,,,,,,
Josuep_intento_10.mp4,183,3050.000,False,240.000,270.000,,,,,,,,,,,,,
Josuep_intento_10.mp4,184,3066.667,False,240.000,270.000,,,,,,,,,,,,,
Josuep_intento_10.mp4,185,3083.333,False,240.000,270.000,,,,,,,,,,,,,
Josuep_intento_10.mp4,186,3100.000,False,240.000,270.000,,,,,,,,,,,,,
Josuep_intento_10.mp4,187,3116.667,False,240.000,270.000,,,,,,,,,,,,,
Josuep_intento_10.mp4,188,3133.333,False,240.000,270.000,,,,,,,,,,,,,
Josuep_intento_10.mp4,189,3150.000,False,240.000,270.000,,,,,,,,,,,,,
Josuep_intento_10.mp4,190,3166.667,False,240.000,270.000,,,,,,,,,,,,,
Josuep_intento_10.mp4,191,3183.333,False,240.000,270.000,,,,,,,,,,,,,
Josuep_intento_10.mp4,192,3200.000,False,240.000,270.000,,,,,,,,,,,,,
Josuep_intento_10.mp4,193,3216.667,False,240.000,270.000,,,,,,,,,,,,,
Josuep_intento_10.mp4,194,3233.333,False,240.000,270.000,,,,,,,,,,,,,
Josuep_intento_10.mp4,195,3250.000,False,240.000,270.000,,,,,,,,,,,,,
Josuep_intento_10.mp4,196,3266.667,False,240.000,270.000,,,,,,,,,,,,,
Josuep_intento_10.mp4,197,3283.333,False,240.000,270.000,,,,,,,,,,,,,
Josuep_intento_10.mp4,198,3300.000,False,240.000,270.000,,,,,,,,,,,,,
Josuep_intento_10.mp4,199,3316.667,True,240.000,270.000,0.000,338.000,245.000,0.408333,0.104167,-0.906870,67.170,88.509,95.793,4358.0,130.078,11.117775,6.042
Josuep_intento_10.mp4,200,3333.333,True,240.000,270.000,0.000,316.000,249.000,0.316667,0.087500,-0.944492,66.603,88.647,99.997,4390.0,130.643,11.166109,5.965
Josuep_intento_10.mp4,201,3350.000,False,240.000,270.000,,,,,,,,,,,,,
Josuep_intento_10.mp4,202,3366.667,True,240.000,270.000,0.000,314.000,248.000,0.308333,0.091667,-0.946852,65.800,89.402,101.251,4343.5,126.618,10.822081,6.080
Josuep_intento_10.mp4,203,3383.333,True,240.000,270.000,0.000,312.000,248.000,0.300000,0.091667,-0.949525,66.379,90.194,107.810,4445.5,128.446,10.978292,6.046
Josuep_intento_10.mp4,204,3400.000,True,240.000,270.000,0.000,315.000,249.000,0.312500,0.087500,-0.945879,68.145,91.352,113.318,4652.0,148.166,12.663744,5.381
Josuep_intento_10.mp4,205,3416.667,True,240.000,270.000,0.000,320.000,250.000,0.333333,0.083333,-0.939119,69.025,90.476,121.134,4668.5,127.001,10.854773,6.359
Josuep_intento_10.mp4,206,3433.333,True,240.000,270.000,0.000,323.000,251.000,0.345833,0.079167,-0.934950,69.637,90.993,122.422,4693.0,126.950,10.850386,6.418
Josuep_intento_10.mp4,207,3450.000,True,240.000,270.000,0.000,325.000,251.000,0.354167,0.079167,-0.931825,68.890,90.605,119.549,4668.0,128.148,10.952802,6.290
Josuep_intento_10.mp4,208,3466.667,True,240.000,270.000,0.000,328.000,250.000,0.366667,0.083333,-0.926613,68.853,89.630,118.832,4614.0,127.586,10.904828,6.314
Josuep_intento_10.mp4,209,3483.333,True,240.000,270.000,0.000,330.000,250.000,0.375000,0.083333,-0.923272,67.618,89.699,118.194,4550.5,129.164,11.039640,6.125
Josuep_intento_10.mp4,210,3500.000,True,240.000,270.000,0.000,332.000,249.000,0.383333,0.087500,-0.919456,66.710,89.503,117.737,4519.5,129.585,11.075661,6.023
Josuep_intento_10.mp4,211,3516.667,True,240.000,270.000,0.000,334.000,249.000,0.391667,0.087500,-0.915937,67.930,88.371,117.668,4460.5,129.405,11.060239,6.142
Josuep_intento_10.mp4,212,3533.333,True,240.000,270.000,0.000,335.000,248.000,0.395833,0.091667,-0.913736,67.035,87.486,117.742,4405.5,129.733,11.088322,6.046
Josuep_intento_10.mp4,213,3550.000,True,240.000,270.000,0.000,336.000,248.000,0.400000,0.091667,-0.911920,67.163,86.668,116.183,4345.5,129.458,11.064773,6.070
Josuep_intento_10.mp4,214,3566.667,True,240.000,270.000,0.000,337.000,248.000,0.404167,0.091667,-0.910081,67.667,85.739,113.744,4337.0,130.222,11.130066,6.080
Josuep_intento_10.mp4,215,3583.333,True,240.000,270.000,0.000,338.000,247.000,0.408333,0.095833,-0.907788,67.034,85.815,112.164,4273.0,129.585,11.075674,6.052
Josuep_intento_10.mp4,216,3600.000,True,240.000,270.000,0.000,337.000,247.000,0.404167,0.095833,-0.909651,67.926,85.708,108.905,4278.0,129.427,11.062108,6.140
Josuep_intento_10.mp4,217,3616.667,True,240.000,270.000,0.000,336.000,247.000,0.400000,0.095833,-0.911491,67.003,85.680,108.401,4250.5,128.542,10.986516,6.099
Josuep_intento_10.mp4,218,3633.333,True,240.000,270.000,0.000,336.000,247.000,0.400000,0.095833,-0.911491,67.379,86.108,107.351,4247.0,130.455,11.150016,6.043
Josuep_intento_10.mp4,219,3650.000,True,240.000,270.000,0.000,336.000,248.000,0.400000,0.091667,-0.911920,67.333,85.721,107.919,4236.0,131.039,11.199890,6.012
Josuep_intento_10.mp4,220,3666.667,True,240.000,270.000,0.000,336.000,247.000,0.400000,0.095833,-0.911491,66.696,85.364,105.790,4218.5,129.207,11.043348,6.039
Josuep_intento_10.mp4,221,3683.333,True,240.000,270.000,0.000,336.000,247.000,0.400000,0.095833,-0.911491,67.672,84.118,108.952,4178.5,128.900,11.017095,6.142
Josuep_intento_10.mp4,222,3700.000,True,240.000,270.000,0.000,336.000,247.000,0.400000,0.095833,-0.911491,66.354,84.292,104.740,4158.0,129.271,11.048778,6.006
Josuep_intento_10.mp4,223,3716.667,True,240.000,270.000,0.000,336.000,247.000,0.400000,0.095833,-0.911491,67.234,83.939,109.210,4143.0,129.251,11.047136,6.086
Josuep_intento_10.mp4,224,3733.333,True,240.000,270.000,0.000,336.000,247.000,0.400000,0.095833,-0.911491,65.629,83.398,105.670,4136.5,128.071,10.946281,5.996
Josuep_intento_10.mp4,225,3750.000,True,240.000,270.000,0.000,336.000,247.000,0.400000,0.095833,-0.911491,65.378,83.929,106.457,4108.5,128.313,10.966960,5.961
Josuep_intento_10.mp4,226,3766.667,True,240.000,270.000,0.000,335.000,247.000,0.395833,0.095833,-0.913308,65.175,83.669,104.715,4085.5,129.096,11.033809,5.907
Josuep_intento_10.mp4,227,3783.333,True,240.000,270.000,0.000,335.000,248.000,0.395833,0.091667,-0.913736,66.292,82.647,106.807,4040.5,128.278,10.963934,6.046
Josuep_intento_10.mp4,228,3800.000,True,240.000,270.000,0.000,335.000,248.000,0.395833,0.091667,-0.913736,64.974,82.959,106.653,4041.5,129.079,11.032381,5.889
Josuep_intento_10.mp4,229,3816.667,True,240.000,270.000,0.000,335.000,248.000,0.395833,0.091667,-0.913736,64.981,82.425,106.374,4022.0,128.329,10.968265,5.924
Josuep_intento_10.mp4,230,3833.333,True,240.000,270.000,0.000,335.000,248.000,0.395833,0.091667,-0.913736,65.388,83.522,105.622,4036.0,129.626,11.079119,5.902
Josuep_intento_10.mp4,231,3850.000,True,240.000,270.000,0.000,335.000,248.000,0.395833,0.091667,-0.913736,65.236,82.891,107.330,4036.0,129.140,11.037586,5.910
Josuep_intento_10.mp4,232,3866.667,True,240.000,270.000,0.000,335.000,248.000,0.395833,0.091667,-0.913736,66.361,82.349,107.726,4051.0,128.358,10.970739,6.049
Josuep_intento_10.mp4,233,3883.333,True,240.000,270.000,0.000,335.000,248.000,0.395833,0.091667,-0.913736,64.812,83.526,112.807,4077.0,129.479,11.066614,5.857
Josuep_intento_10.mp4,234,3900.000,True,240.000,270.000,0.000,336.000,248.000,0.400000,0.091667,-0.911920,66.124,83.276,112.222,4097.5,130.481,11.152250,5.929
Josuep_intento_10.mp4,235,3916.667,True,240.000,270.000,0.000,336.000,249.000,0.400000,0.087500,-0.912329,65.769,83.853,111.099,4098.5,130.170,11.125642,5.911
Josuep_intento_10.mp4,236,3933.333,True,240.000,270.000,0.000,336.000,248.000,0.400000,0.091667,-0.911920,65.535,83.332,108.895,4069.5,129.011,11.026571,5.943
Josuep_intento_10.mp4,237,3950.000,True,240.000,270.000,0.000,336.000,248.000,0.400000,0.091667,-0.911920,66.083,83.235,110.230,4077.5,130.302,11.136964,5.934
Josuep_intento_10.mp4,238,3966.667,True,240.000,270.000,0.000,336.000,248.000,0.400000,0.091667,-0.911920,66.076,83.091,110.483,4100.0,129.204,11.043056,5.984
Josuep_intento_10.mp4,239,3983.333,True,240.000,270.000,0.000,335.000,248.000,0.395833,0.091667,-0.913736,66.627,83.626,108.780,4134.0,130.413,11.146452,5.977
Josuep_intento_10.mp4,240,4000.000,True,240.000,270.000,0.000,335.000,248.000,0.395833,0.091667,-0.913736,65.642,84.244,111.595,4156.0,129.712,11.086492,5.921
Josuep_intento_10.mp4,241,4016.667,True,240.000,270.000,0.000,336.000,248.000,0.400000,0.091667,-0.911920,66.057,84.194,112.291,4156.0,130.353,11.141262,5.929
Josuep_intento_10.mp4,242,4033.333,True,240.000,270.000,0.000,335.000,249.000,0.395833,0.087500,-0.914144,66.549,84.143,110.105,4163.0,129.949,11.106777,5.992
Josuep_intento_10.mp4,243,4050.000,True,240.000,270.000,0.000,335.000,248.000,0.395833,0.091667,-0.913736,66.116,83.227,108.588,4145.0,128.782,11.007034,6.007
Josuep_intento_10.mp4,244,4066.667,True,240.000,270.000,0.000,334.000,248.000,0.391667,0.091667,-0.915530,65.624,84.439,108.375,4165.0,129.803,11.094257,5.915
Josuep_intento_10.mp4,245,4083.333,True,240.000,270.000,0.000,334.000,248.000,0.391667,0.091667,-0.915530,66.032,85.111,108.583,4205.5,130.016,11.112464,5.942
Josuep_intento_10.mp4,246,4100.000,True,240.000,270.000,0.000,334.000,248.000,0.391667,0.091667,-0.915530,66.420,85.137,109.663,4237.5,130.045,11.114936,5.976
Josuep_intento_10.mp4,247,4116.667,True,240.000,270.000,0.000,334.000,248.000,0.391667,0.091667,-0.915530,66.334,85.533,111.841,4252.0,130.160,11.124771,5.963
Josuep_intento_10.mp4,248,4133.333,True,240.000,270.000,0.000,334.000,248.000,0.391667,0.091667,-0.915530,66.669,85.416,110.856,4288.0,130.053,11.115659,5.998
Josuep_intento_10.mp4,249,4150.000,True,240.000,270.000,0.000,334.000,248.000,0.391667,0.091667,-0.915530,66.888,85.778,110.264,4302.0,131.061,11.201799,5.971
Josuep_intento_10.mp4,250,4166.667,True,240.000,270.000,0.000,335.000,248.000,0.395833,0.091667,-0.913736,67.255,85.572,110.738,4269.0,130.101,11.119716,6.048
Josuep_intento_10.mp4,251,4183.333,True,240.000,270.000,0.000,335.000,248.000,0.395833,0.091667,-0.913736,66.930,85.766,110.984,4282.0,131.106,11.205666,5.973
Josuep_intento_10.mp4,252,4200.000,True,240.000,270.000,0.000,335.000,248.000,0.395833,0.091667,-0.913736,66.631,85.880,110.830,4293.0,131.060,11.201718,5.948
Josuep_intento_10.mp4,253,4216.667,True,240.000,270.000,0.000,336.000,247.000,0.400000,0.095833,-0.911491,65.139,85.939,112.779,4168.5,130.326,11.138955,5.848
Josuep_intento_10.mp4,254,4233.333,True,240.000,270.000,0.000,349.000,242.000,0.454167,0.116667,-0.883245,58.893,81.549,122.927,3631.0,121.387,10.374999,5.676
Josuep_intento_10.mp4,255,4250.000,True,240.000,270.000,0.000,363.000,236.000,0.512500,0.141667,-0.846920,59.630,80.386,126.338,3615.5,122.342,10.456615,5.703
Josuep_intento_10.mp4,256,4266.667,True,240.000,270.000,0.000,365.000,235.000,0.520833,0.145833,-0.841110,58.992,79.396,123.273,3568.0,122.163,10.441276,5.650
Josuep_intento_10.mp4,257,4283.333,True,240.000,270.000,0.000,365.000,235.000,0.520833,0.145833,-0.841110,58.808,78.996,123.168,3502.0,122.493,10.469495,5.617
Josuep_intento_10.mp4,258,4300.000,True,240.000,270.000,0.000,364.000,234.000,0.516667,0.150000,-0.842945,58.078,78.038,121.589,3472.5,122.242,10.448068,5.559
Josuep_intento_10.mp4,259,4316.667,True,240.000,270.000,0.000,364.000,234.000,0.516667,0.150000,-0.842945,59.429,78.620,123.137,3450.0,122.985,10.511499,5.654
Josuep_intento_10.mp4,260,4333.333,True,240.000,270.000,0.000,363.000,233.000,0.512500,0.154167,-0.844735,58.582,77.698,118.476,3437.5,122.067,10.433087,5.615
Josuep_intento_10.mp4,261,4350.000,True,240.000,270.000,0.000,362.000,233.000,0.508333,0.154167,-0.847248,59.436,77.934,122.271,3441.0,123.078,10.519484,5.650
Josuep_intento_10.mp4,262,4366.667,True,240.000,270.000,0.000,360.000,233.000,0.500000,0.154167,-0.852193,59.165,79.678,120.334,3511.0,123.661,10.569282,5.598
Josuep_intento_10.mp4,263,4383.333,True,240.000,270.000,0.000,359.000,232.000,0.495833,0.158333,-0.853862,58.941,78.869,117.053,3507.0,122.771,10.493211,5.617
Josuep_intento_10.mp4,264,4400.000,True,240.000,270.000,0.000,359.000,232.000,0.495833,0.158333,-0.853862,59.002,79.590,118.619,3506.0,122.658,10.483560,5.628
Josuep_intento_10.mp4,265,4416.667,True,240.000,270.000,0.000,358.000,232.000,0.491667,0.158333,-0.856268,58.368,78.095,116.772,3472.5,122.242,10.448064,5.586
Josuep_intento_10.mp4,266,4433.333,True,240.000,270.000,0.000,358.000,232.000,0.491667,0.158333,-0.856268,59.589,79.119,119.569,3482.5,122.566,10.475706,5.688
Josuep_intento_10.mp4,267,4450.000,True,240.000,270.000,0.000,358.000,232.000,0.491667,0.158333,-0.856268,58.405,78.916,116.228,3503.0,122.396,10.461186,5.583
Josuep_intento_10.mp4,268,4466.667,True,240.000,270.000,0.000,357.000,232.000,0.487500,0.158333,-0.858647,58.895,79.830,117.559,3501.0,123.057,10.517683,5.600
Josuep_intento_10.mp4,269,4483.333,True,240.000,270.000,0.000,357.000,232.000,0.487500,0.158333,-0.858647,59.123,80.054,117.676,3514.5,123.296,10.538128,5.610
Josuep_intento_10.mp4,270,4500.000,True,240.000,270.000,0.000,357.000,232.000,0.487500,0.158333,-0.858647,58.872,79.818,117.234,3517.5,122.894,10.503739,5.605
Josuep_intento_10.mp4,271,4516.667,True,240.000,270.000,0.000,356.000,232.000,0.483333,0.158333,-0.860999,58.820,79.329,115.963,3483.5,123.225,10.532074,5.585
Josuep_intento_10.mp4,272,4533.333,True,240.000,270.000,0.000,356.000,232.000,0.483333,0.158333,-0.860999,58.284,78.830,117.299,3473.0,123.258,10.534902,5.532
Josuep_intento_10.mp4,273,4550.000,True,240.000,270.000,0.000,356.000,232.000,0.483333,0.158333,-0.860999,58.276,77.976,115.813,3452.5,122.455,10.466228,5.568
Josuep_intento_10.mp4,274,4566.667,True,240.000,270.000,0.000,356.000,232.000,0.483333,0.158333,-0.860999,57.879,78.952,116.308,3440.0,122.945,10.508133,5.508
Josuep_intento_10.mp4,275,4583.333,True,240.000,270.000,0.000,356.000,232.000,0.483333,0.158333,-0.860999,57.726,79.444,116.923,3440.0,123.216,10.531251,5.481
Josuep_intento_10.mp4,276,4600.000,True,240.000,270.000,0.000,356.000,232.000,0.483333,0.158333,-0.860999,58.731,78.700,117.019,3445.0,123.640,10.567521,5.558
Josuep_intento_10.mp4,277,4616.667,True,240.000,270.000,0.000,356.000,232.000,0.483333,0.158333,-0.860999,58.171,78.723,117.910,3441.0,122.682,10.485672,5.548
Josuep_intento_10.mp4,278,4633.333,True,240.000,270.000,0.000,356.000,232.000,0.483333,0.158333,-0.860999,59.044,78.854,118.310,3464.0,123.869,10.587081,5.577
Josuep_intento_10.mp4,279,4650.000,True,240.000,270.000,0.000,356.000,233.000,0.483333,0.154167,-0.861755,58.145,78.903,119.047,3449.5,123.890,10.588872,5.491
Josuep_intento_10.mp4,280,4666.667,True,240.000,270.000,0.000,356.000,233.000,0.483333,0.154167,-0.861755,59.317,77.700,120.871,3441.5,123.367,10.544230,5.626
Josuep_intento_10.mp4,281,4683.333,True,240.000,270.000,0.000,356.000,233.000,0.483333,0.154167,-0.861755,57.962,78.088,119.322,3418.0,123.175,10.527818,5.506
Josuep_intento_10.mp4,282,4700.000,True,240.000,270.000,0.000,356.000,233.000,0.483333,0.154167,-0.861755,58.604,77.861,120.488,3431.5,123.313,10.539579,5.560
Josuep_intento_10.mp4,283,4716.667,True,240.000,270.000,0.000,356.000,233.000,0.483333,0.154167,-0.861755,59.201,78.553,122.644,3453.5,122.737,10.490382,5.643
Josuep_intento_10.mp4,284,4733.333,True,240.000,270.000,0.000,356.000,233.000,0.483333,0.154167,-0.861755,59.035,77.989,120.371,3468.0,122.748,10.491273,5.627
Josuep_intento_10.mp4,285,4750.000,True,240.000,270.000,0.000,356.000,233.000,0.483333,0.154167,-0.861755,58.743,78.681,121.516,3477.0,124.957,10.680050,5.500
Josuep_intento_10.mp4,286,4766.667,True,240.000,270.000,0.000,356.000,233.000,0.483333,0.154167,-0.861755,58.997,78.967,121.926,3491.5,125.098,10.692130,5.518
Josuep_intento_10.mp4,287,4783.333,True,240.000,270.000,0.000,356.000,234.000,0.483333,0.150000,-0.862490,59.192,78.879,121.753,3491.5,125.086,10.691130,5.537
Josuep_intento_10.mp4,288,4800.000,True,240.000,270.000,0.000,356.000,234.000,0.483333,0.150000,-0.862490,58.678,78.638,121.642,3464.5,125.129,10.694784,5.487
Josuep_intento_10.mp4,289,4816.667,True,240.000,270.000,0.000,356.000,234.000,0.483333,0.150000,-0.862490,59.170,78.148,122.020,3481.0,124.302,10.624104,5.569
Josuep_intento_10.mp4,290,4833.333,True,240.000,270.000,0.000,356.000,234.000,0.483333,0.150000,-0.862490,58.961,78.680,122.340,3489.5,125.155,10.697008,5.512
Josuep_intento_10.mp4,291,4850.000,True,240.000,270.000,0.000,356.000,234.000,0.483333,0.150000,-0.862490,59.601,79.622,123.436,3523.0,124.841,10.670187,5.586
Josuep_intento_10.mp4,292,4866.667,True,240.000,270.000,0.000,356.000,234.000,0.483333,0.150000,-0.862490,59.443,78.305,121.936,3499.0,123.408,10.547730,5.636
Josuep_intento_10.mp4,293,4883.333,True,240.000,270.000,0.000,356.000,233.000,0.483333,0.154167,-0.861755,59.396,78.812,121.384,3520.0,124.425,10.634582,5.585
Josuep_intento_10.mp4,294,4900.000,True,240.000,270.000,0.000,356.000,233.000,0.483333,0.154167,-0.861755,59.674,79.479,122.347,3524.0,124.942,10.678771,5.588
Josuep_intento_10.mp4,295,4916.667,True,240.000,270.000,0.000,356.000,234.000,0.483333,0.150000,-0.862490,59.676,78.981,123.290,3504.0,124.909,10.676012,5.590
Josuep_intento_10.mp4,296,4933.333,True,240.000,270.000,0.000,355.000,234.000,0.479167,0.150000,-0.864812,59.568,79.343,121.645,3526.0,124.581,10.647952,5.594
Josuep_intento_10.mp4,297,4950.000,True,240.000,270.000,0.000,355.000,233.000,0.479167,0.154167,-0.864079,59.245,78.603,122.259,3522.0,123.900,10.589739,5.595
Josuep_intento_10.mp4,298,4966.667,True,240.000,270.000,0.000,355.000,233.000,0.479167,0.154167,-0.864079,59.027,78.821,121.842,3504.0,125.132,10.695059,5.519
Josuep_intento_10.mp4,299,4983.333,True,240.000,270.000,0.000,355.000,233.000,0.479167,0.154167,-0.864079,59.713,78.414,120.960,3507.0,122.898,10.504093,5.685
Josuep_intento_10.mp4,300,5000.000,True,240.000,270.000,0.000,355.000,233.000,0.479167,0.154167,-0.864079,59.450,78.037,121.993,3497.0,123.783,10.579734,5.619
Josuep_intento_10.mp4,301,5016.667,True,240.000,270.000,0.000,355.000,234.000,0.479167,0.150000,-0.864812,59.580,78.969,123.332,3483.0,125.242,10.704449,5.566
Josuep_intento_10.mp4,302,5033.333,True,240.000,270.000,0.000,355.000,234.000,0.479167,0.150000,-0.864812,59.324,78.677,122.593,3484.5,124.663,10.654984,5.568
Josuep_intento_10.mp4,303,5050.000,True,240.000,270.000,0.000,355.000,233.000,0.479167,0.154167,-0.864079,58.810,78.789,121.400,3488.0,123.728,10.575011,5.561
Josuep_intento_10.mp4,304,5066.667,True,240.000,270.000,0.000,355.000,233.000,0.479167,0.154167,-0.864079,58.652,78.389,120.272,3471.0,123.402,10.547183,5.561
Josuep_intento_10.mp4,305,5083.333,True,240.000,270.000,0.000,355.000,233.000,0.479167,0.154167,-0.864079,58.805,78.005,120.188,3468.5,123.565,10.561086,5.568
Josuep_intento_10.mp4,306,5100.000,True,240.000,270.000,0.000,355.000,233.000,0.479167,0.154167,-0.864079,58.640,78.769,120.769,3485.0,124.596,10.649220,5.506
Josuep_intento_10.mp4,307,5116.667,True,240.000,270.000,0.000,355.000,233.000,0.479167,0.154167,-0.864079,58.758,78.486,119.313,3501.0,123.447,10.551009,5.569
Josuep_intento_10.mp4,308,5133.333,True,240.000,270.000,0.000,355.000,233.000,0.479167,0.154167,-0.864079,59.514,78.785,123.058,3501.0,124.927,10.677558,5.574
Josuep_intento_10.mp4,309,5150.000,True,240.000,270.000,0.000,355.000,234.000,0.479167,0.150000,-0.864812,59.227,78.466,120.571,3511.0,123.922,10.591599,5.592
Josuep_intento_10.mp4,310,5166.667,True,240.000,270.000,0.000,355.000,234.000,0.479167,0.150000,-0.864812,59.352,79.452,122.097,3545.5,124.703,10.658348,5.569
Josuep_intento_10.mp4,311,5183.333,True,240.000,270.000,0.000,356.000,234.000,0.483333,0.150000,-0.862490,59.917,79.417,122.018,3550.0,124.773,10.664400,5.618
Josuep_intento_10.mp4,312,5200.000,True,240.000,270.000,0.000,355.000,234.000,0.479167,0.150000,-0.864812,60.175,78.563,121.309,3577.0,123.971,10.595793,5.679
Josuep_intento_10.mp4,313,5216.667,True,240.000,270.000,0.000,355.000,234.000,0.479167,0.150000,-0.864812,60.169,79.381,123.164,3573.0,125.030,10.686364,5.630
Josuep_intento_10.mp4,314,5233.333,True,240.000,270.000,0.000,356.000,234.000,0.483333,0.150000,-0.862490,60.419,79.773,123.128,3610.0,125.151,10.696636,5.648
Josuep_intento_10.mp4,315,5250.000,True,240.000,270.000,0.000,356.000,234.000,0.483333,0.150000,-0.862490,60.625,79.708,124.419,3596.5,125.208,10.701521,5.665
Josuep_intento_10.mp4,316,5266.667,True,240.000,270.000,0.000,356.000,234.000,0.483333,0.150000,-0.862490,59.800,79.195,121.820,3604.0,124.727,10.660394,5.610
Josuep_intento_10.mp4,317,5283.333,True,240.000,270.000,0.000,363.000,230.000,0.512500,0.166667,-0.842357,49.844,76.107,124.645,2929.0,114.039,9.746926,5.114
Josuep_intento_10.mp4,318,5300.000,True,240.000,270.000,0.000,375.000,225.000,0.562500,0.187500,-0.805256,47.228,75.016,132.370,2669.0,111.065,9.492701,4.975
Josuep_intento_10.mp4,319,5316.667,True,240.000,270.000,0.000,379.000,224.000,0.579167,0.191667,-0.792357,46.050,74.154,135.236,2569.5,110.094,9.409737,4.894
Josuep_intento_10.mp4,320,5333.333,True,240.000,270.000,0.000,380.000,224.000,0.583333,0.191667,-0.789295,45.679,74.366,135.503,2546.5,111.710,9.547863,4.784
Josuep_intento_10.mp4,321,5350.000,True,240.000,270.000,0.000,380.000,223.000,0.583333,0.195833,-0.788271,46.299,74.589,133.514,2591.5,111.178,9.502404,4.872
Josuep_intento_10.mp4,322,5366.667,True,240.000,270.000,0.000,380.000,223.000,0.583333,0.195833,-0.788271,46.398,75.668,135.265,2574.0,111.240,9.507732,4.880
Josuep_intento_10.mp4,323,5383.333,True,240.000,270.000,0.000,380.000,223.000,0.583333,0.195833,-0.788271,46.473,74.404,133.013,2577.5,111.837,9.558739,4.862
Josuep_intento_10.mp4,324,5400.000,True,240.000,270.000,0.000,380.000,223.000,0.583333,0.195833,-0.788271,47.546,76.526,133.333,2662.0,111.825,9.557651,4.975
Josuep_intento_10.mp4,325,5416.667,True,240.000,270.000,0.000,380.000,223.000,0.583333,0.195833,-0.788271,47.719,75.597,131.769,2647.0,113.201,9.675333,4.932
Josuep_intento_10.mp4,326,5433.333,True,240.000,270.000,0.000,380.000,223.000,0.583333,0.195833,-0.788271,47.667,77.125,133.529,2672.0,113.247,9.679196,4.925
Josuep_intento_10.mp4,327,5450.000,True,240.000,270.000,0.000,380.000,223.000,0.583333,0.195833,-0.788271,47.559,77.587,134.802,2654.5,114.236,9.763720,4.871
Josuep_intento_10.mp4,328,5466.667,True,240.000,270.000,0.000,380.000,223.000,0.583333,0.195833,-0.788271,48.157,75.105,132.269,2703.5,112.240,9.593158,5.020
Josuep_intento_10.mp4,329,5483.333,True,240.000,270.000,0.000,380.000,223.000,0.583333,0.195833,-0.788271,47.996,76.325,132.774,2699.5,113.894,9.734552,4.931
Josuep_intento_10.mp4,330,5500.000,True,240.000,270.000,0.000,380.000,223.000,0.583333,0.195833,-0.788271,47.661,75.537,132.019,2664.5,112.170,9.587161,4.971
Josuep_intento_10.mp4,331,5516.667,True,240.000,270.000,0.000,380.000,223.000,0.583333,0.195833,-0.788271,47.836,75.521,132.586,2682.0,111.674,9.544813,5.012
Josuep_intento_10.mp4,332,5533.333,True,240.000,270.000,0.000,380.000,223.000,0.583333,0.195833,-0.788271,47.575,77.351,133.792,2681.5,114.151,9.756525,4.876
Josuep_intento_10.mp4,333,5550.000,True,240.000,270.000,0.000,380.000,223.000,0.583333,0.195833,-0.788271,48.082,76.117,131.479,2721.0,112.932,9.652271,4.981
Josuep_intento_10.mp4,334,5566.667,True,240.000,270.000,0.000,380.000,223.000,0.583333,0.195833,-0.788271,47.791,76.505,132.211,2717.0,111.746,9.550953,5.004
Josuep_intento_10.mp4,335,5583.333,True,240.000,270.000,0.000,381.000,223.000,0.587500,0.195833,-0.785171,47.887,75.576,132.826,2697.0,111.349,9.517043,5.032
Josuep_intento_10.mp4,336,5600.000,True,240.000,270.000,0.000,381.000,223.000,0.587500,0.195833,-0.785171,47.958,75.171,132.139,2699.0,111.211,9.505253,5.045
Josuep_intento_10.mp4,337,5616.667,True,240.000,270.000,0.000,380.000,223.000,0.583333,0.195833,-0.788271,48.055,75.129,132.602,2687.5,112.061,9.577823,5.017
Josuep_intento_10.mp4,338,5633.333,True,240.000,270.000,0.000,380.000,223.000,0.583333,0.195833,-0.788271,47.823,75.498,131.303,2697.0,111.189,9.503340,5.032
Josuep_intento_10.mp4,339,5650.000,True,240.000,270.000,0.000,380.000,223.000,0.583333,0.195833,-0.788271,48.781,75.813,131.994,2779.0,113.105,9.667081,5.046
Josuep_intento_10.mp4,340,5666.667,True,240.000,270.000,0.000,380.000,223.000,0.583333,0.195833,-0.788271,48.731,76.317,130.708,2779.0,114.444,9.781535,4.982
Josuep_intento_10.mp4,341,5683.333,True,240.000,270.000,0.000,380.000,223.000,0.583333,0.195833,-0.788271,49.162,75.377,132.149,2805.5,112.139,9.584504,5.129
Josuep_intento_10.mp4,342,5700.000,True,240.000,270.000,0.000,377.000,222.000,0.570833,0.200000,-0.796335,50.164,77.898,128.912,2955.0,114.320,9.770974,5.134
Josuep_intento_10.mp4,343,5716.667,True,240.000,270.000,0.000,375.000,222.000,0.562500,0.200000,-0.802243,50.384,79.398,131.006,2963.5,116.207,9.932263,5.073
Josuep_intento_10.mp4,344,5733.333,True,240.000,270.000,0.000,375.000,222.000,0.562500,0.200000,-0.802243,50.099,78.405,128.611,2949.0,114.497,9.786031,5.119
Josuep_intento_10.mp4,345,5750.000,True,240.000,270.000,0.000,375.000,222.000,0.562500,0.200000,-0.802243,50.164,79.423,130.293,2947.5,115.720,9.890558,5.072
Josuep_intento_10.mp4,346,5766.667,True,240.000,270.000,0.000,375.000,222.000,0.562500,0.200000,-0.802243,50.536,79.016,130.614,2965.0,115.430,9.865847,5.122
Josuep_intento_10.mp4,347,5783.333,True,240.000,270.000,0.000,375.000,222.000,0.562500,0.200000,-0.802243,50.448,78.592,130.238,2956.5,115.556,9.876579,5.108
Josuep_intento_10.mp4,348,5800.000,True,240.000,270.000,0.000,375.000,222.000,0.562500,0.200000,-0.802243,50.506,78.458,130.041,2974.5,114.582,9.793326,5.157
Josuep_intento_10.mp4,349,5816.667,True,240.000,270.000,0.000,375.000,222.000,0.562500,0.200000,-0.802243,50.948,79.053,129.637,3013.0,114.815,9.813245,5.192
Josuep_intento_10.mp4,350,5833.333,True,240.000,270.000,0.000,374.000,222.000,0.558333,0.200000,-0.805148,50.841,78.173,128.186,3007.5,115.483,9.870352,5.151
Josuep_intento_10.mp4,351,5850.000,True,240.000,270.000,0.000,374.000,222.000,0.558333,0.200000,-0.805148,50.991,78.140,128.745,3016.0,115.098,9.837467,5.183
Josuep_intento_10.mp4,352,5866.667,True,240.000,270.000,0.000,374.000,222.000,0.558333,0.200000,-0.805148,50.648,78.484,128.299,3022.0,115.020,9.830801,5.152
Josuep_intento_10.mp4,353,5883.333,True,240.000,270.000,0.000,374.000,222.000,0.558333,0.200000,-0.805148,50.519,78.472,129.077,3003.0,114.883,9.819070,5.145
Josuep_intento_10.mp4,354,5900.000,True,240.000,270.000,0.000,374.000,222.000,0.558333,0.200000,-0.805148,50.737,78.446,128.624,3012.0,115.034,9.831994,5.160
Josuep_intento_10.mp4,355,5916.667,True,240.000,270.000,0.000,374.000,222.000,0.558333,0.200000,-0.805148,50.502,78.121,129.269,2989.5,114.978,9.827202,5.139
Josuep_intento_10.mp4,356,5933.333,True,240.000,270.000,0.000,374.000,222.000,0.558333,0.200000,-0.805148,50.398,77.617,128.876,2948.5,115.277,9.852700,5.115
Josuep_intento_10.mp4,357,5950.000,True,240.000,270.000,0.000,374.000,222.000,0.558333,0.200000,-0.805148,50.094,77.438,128.954,2931.0,115.117,9.839089,5.091
Josuep_intento_10.mp4,358,5966.667,True,240.000,270.000,0.000,374.000,222.000,0.558333,0.200000,-0.805148,49.637,76.979,129.642,2902.5,114.133,9.754948,5.088
Josuep_intento_10.mp4,359,5983.333,True,240.000,270.000,0.000,374.000,222.000,0.558333,0.200000,-0.805148,49.690,76.918,128.977,2884.5,114.140,9.755576,5.093
Josuep_intento_10.mp4,360,6000.000,True,240.000,270.000,0.000,374.000,222.000,0.558333,0.200000,-0.805148,49.505,77.031,131.115,2878.0,114.442,9.781377,5.061
Josuep_intento_10.mp4,361,6016.667,True,240.000,270.000,0.000,375.000,223.000,0.562500,0.195833,-0.803270,49.663,77.311,131.504,2872.5,115.644,9.884065,5.025
Josuep_intento_10.mp4,362,6033.333,True,240.000,270.000,0.000,375.000,223.000,0.562500,0.195833,-0.803270,49.621,77.011,131.368,2876.0,114.277,9.767260,5.080
Josuep_intento_10.mp4,363,6050.000,True,240.000,270.000,0.000,375.000,222.000,0.562500,0.200000,-0.802243,49.487,75.877,129.661,2871.0,113.459,9.697349,5.103
Josuep_intento_10.mp4,364,6066.667,True,240.000,270.000,0.000,374.000,222.000,0.558333,0.200000,-0.805148,49.875,76.580,129.901,2895.5,114.470,9.783764,5.098
Josuep_intento_10.mp4,365,6083.333,True,240.000,270.000,0.000,374.000,223.000,0.558333,0.195833,-0.806172,49.511,76.935,130.560,2871.0,114.279,9.767473,5.069
Josuep_intento_10.mp4,366,6100.000,True,240.000,270.000,0.000,374.000,222.000,0.558333,0.200000,-0.805148,49.806,76.307,129.615,2887.5,114.109,9.752922,5.107
Josuep_intento_10.mp4,367,6116.667,True,240.000,270.000,0.000,374.000,222.000,0.558333,0.200000,-0.805148,49.780,77.397,131.328,2891.0,115.074,9.835384,5.061
Josuep_intento_10.mp4,368,6133.333,True,240.000,270.000,0.000,374.000,222.000,0.558333,0.200000,-0.805148,49.918,76.836,130.451,2897.5,113.749,9.722179,5.134
Josuep_intento_10.mp4,369,6150.000,True,240.000,270.000,0.000,374.000,222.000,0.558333,0.200000,-0.805148,50.309,76.704,129.930,2925.5,114.483,9.784884,5.141
Josuep_intento_10.mp4,370,6166.667,True,240.000,270.000,0.000,374.000,223.000,0.558333,0.195833,-0.806172,50.003,76.923,129.839,2922.0,114.898,9.820301,5.092
Josuep_intento_10.mp4,371,6183.333,True,240.000,270.000,0.000,374.000,223.000,0.558333,0.195833,-0.806172,50.245,77.553,131.526,2923.5,115.566,9.877437,5.087
Josuep_intento_10.mp4,372,6200.000,True,240.000,270.000,0.000,374.000,223.000,0.558333,0.195833,-0.806172,50.076,77.088,129.950,2908.5,114.690,9.802560,5.108
Josuep_intento_10.mp4,373,6216.667,True,240.000,270.000,0.000,374.000,223.000,0.558333,0.195833,-0.806172,50.002,76.835,130.241,2899.5,113.741,9.721436,5.143
Josuep_intento_10.mp4,374,6233.333,True,240.000,270.000,0.000,374.000,223.000,0.558333,0.195833,-0.806172,49.904,77.409,130.196,2904.0,115.105,9.838069,5.072
Josuep_intento_10.mp4,375,6250.000,True,240.000,270.000,0.000,374.000,223.000,0.558333,0.195833,-0.806172,49.856,76.929,130.765,2898.5,114.830,9.814538,5.080
Josuep_intento_10.mp4,376,6266.667,True,240.000,270.000,0.000,370.000,222.000,0.541667,0.200000,-0.816454,52.431,74.667,126.481,3013.0,115.079,9.835807,5.331
Josuep_intento_10.mp4,377,6283.333,True,240.000,270.000,0.000,345.000,222.000,0.437500,0.200000,-0.876695,63.836,76.648,119.783,3815.5,113.758,9.722878,6.566
Josuep_intento_10.mp4,378,6300.000,True,240.000,270.000,0.000,318.000,224.000,0.325000,0.191667,-0.926088,63.612,81.483,114.425,4013.0,115.977,9.912522,6.417
Josuep_intento_10.mp4,379,6316.667,True,240.000,270.000,0.000,314.000,225.000,0.308333,0.187500,-0.932617,63.093,80.387,116.872,3929.5,119.974,10.254176,6.153
Josuep_intento_10.mp4,380,6333.333,True,240.000,270.000,0.000,316.000,225.000,0.316667,0.187500,-0.929820,62.962,80.045,114.260,3923.5,122.658,10.483554,6.006
Josuep_intento_10.mp4,381,6350.000,True,240.000,270.000,0.000,317.000,224.000,0.320833,0.191667,-0.927540,62.809,79.660,112.726,3875.0,121.862,10.415576,6.030
Josuep_intento_10.mp4,382,6366.667,True,240.000,270.000,0.000,317.000,223.000,0.320833,0.195833,-0.926669,61.989,79.912,110.852,3843.5,121.876,10.416736,5.951
Josuep_intento_10.mp4,383,6383.333,True,240.000,270.000,0.000,318.000,222.000,0.325000,0.200000,-0.924324,60.753,79.616,106.877,3750.5,121.293,10.366946,5.860
Josuep_intento_10.mp4,384,6400.000,True,240.000,270.000,0.000,318.000,222.000,0.325000,0.200000,-0.924324,61.000,80.403,105.842,3784.0,123.036,10.515885,5.801
Josuep_intento_10.mp4,385,6416.667,True,240.000,270.000,0.000,318.000,222.000,0.325000,0.200000,-0.924324,61.089,80.233,105.978,3787.0,123.186,10.528707,5.802
Josuep_intento_10.mp4,386,6433.333,True,240.000,270.000,0.000,318.000,221.000,0.325000,0.204167,-0.923413,60.807,80.128,106.237,3761.5,122.378,10.459700,5.813
Josuep_intento_10.mp4,387,6450.000,True,240.000,270.000,0.000,319.000,221.000,0.329167,0.204167,-0.921936,60.793,80.244,105.941,3762.5,122.580,10.476932,5.803
Josuep_intento_10.mp4,388,6466.667,True,240.000,270.000,0.000,319.000,221.000,0.329167,0.204167,-0.921936,60.158,79.903,105.900,3736.5,121.643,10.396825,5.786
Josuep_intento_10.mp4,389,6483.333,True,240.000,270.000,0.000,319.000,221.000,0.329167,0.204167,-0.921936,59.986,80.025,105.603,3705.5,122.838,10.499006,5.714
Josuep_intento_10.mp4,390,6500.000,True,240.000,270.000,0.000,319.000,221.000,0.329167,0.204167,-0.921936,59.767,79.742,104.811,3678.0,121.643,10.396836,5.749
Josuep_intento_10.mp4,391,6516.667,True,240.000,270.000,0.000,319.000,221.000,0.329167,0.204167,-0.921936,59.196,80.052,103.078,3650.5,122.668,10.484418,5.646
Josuep_intento_10.mp4,392,6533.333,True,240.000,270.000,0.000,319.000,220.000,0.329167,0.208333,-0.921003,58.914,79.061,103.495,3601.0,120.579,10.305909,5.717
Josuep_intento_10.mp4,393,6550.000,True,240.000,270.000,0.000,319.000,220.000,0.329167,0.208333,-0.921003,58.340,79.044,103.069,3561.5,120.295,10.281634,5.674
Josuep_intento_10.mp4,394,6566.667,True,240.000,270.000,0.000,319.000,220.000,0.329167,0.208333,-0.921003,58.027,79.216,101.929,3543.0,120.542,10.302768,5.632
Josuep_intento_10.mp4,395,6583.333,True,240.000,270.000,0.000,319.000,220.000,0.329167,0.208333,-0.921003,58.125,78.393,102.570,3518.0,119.577,10.220280,5.687
Josuep_intento_10.mp4,396,6600.000,True,240.000,270.000,0.000,319.000,220.000,0.329167,0.208333,-0.921003,58.101,78.474,103.215,3515.0,119.415,10.206379,5.693
Josuep_intento_10.mp4,397,6616.667,True,240.000,270.000,0.000,320.000,220.000,0.333333,0.208333,-0.919503,57.738,78.316,103.412,3498.5,119.747,10.234804,5.641
Josuep_intento_10.mp4,398,6633.333,True,240.000,270.000,0.000,320.000,220.000,0.333333,0.208333,-0.919503,57.750,77.760,103.547,3476.5,119.451,10.209492,5.657
Josuep_intento_10.mp4,399,6650.000,True,240.000,270.000,0.000,320.000,220.000,0.333333,0.208333,-0.919503,57.642,77.510,103.593,3447.0,119.546,10.217586,5.641
Josuep_intento_10.mp4,400,6666.667,True,240.000,270.000,0.000,320.000,220.000,0.333333,0.208333,-0.919503,57.159,77.581,103.402,3426.5,119.586,10.221061,5.592
Josuep_intento_10.mp4,401,6683.333,True,240.000,270.000,0.000,320.000,220.000,0.333333,0.208333,-0.919503,57.254,77.253,102.475,3413.5,119.576,10.220152,5.602
Josuep_intento_10.mp4,402,6700.000,True,240.000,270.000,0.000,320.000,220.000,0.333333,0.208333,-0.919503,57.036,77.315,103.259,3399.0,119.696,10.230416,5.575
Josuep_intento_10.mp4,403,6716.667,True,240.000,270.000,0.000,320.000,220.000,0.333333,0.208333,-0.919503,57.179,77.037,103.112,3398.5,119.442,10.208721,5.601
Josuep_intento_10.mp4,404,6733.333,True,240.000,270.000,0.000,320.000,220.000,0.333333,0.208333,-0.919503,56.748,77.134,102.349,3392.5,118.316,10.112475,5.612
Josuep_intento_10.mp4,405,6750.000,True,240.000,270.000,0.000,320.000,220.000,0.333333,0.208333,-0.919503,56.912,76.750,102.452,3356.5,118.576,10.134706,5.616
Josuep_intento_10.mp4,406,6766.667,True,240.000,270.000,0.000,320.000,220.000,0.333333,0.208333,-0.919503,56.469,77.165,102.179,3350.0,119.491,10.212938,5.529
Josuep_intento_10.mp4,407,6783.333,True,240.000,270.000,0.000,320.000,220.000,0.333333,0.208333,-0.919503,56.219,76.743,101.004,3330.5,118.616,10.138114,5.545
Josuep_intento_10.mp4,408,6800.000,False,240.000,270.000,,,,,,,,,,,,,
Josuep_intento_10.mp4,409,6816.667,False,240.000,270.000,,,,,,,,,,,,,
Josuep_intento_10.mp4,410,6833.333,False,240.000,270.000,,,,,,,,,,,,,
Josuep_intento_10.mp4,411,6850.000,False,240.000,270.000,,,,,,,,,,,,,
Josuep_intento_10.mp4,412,6866.667,True,240.000,270.000,0.000,320.000,220.000,0.333333,0.208333,-0.919503,55.704,76.245,100.620,3275.0,118.570,10.134224,5.497
Josuep_intento_10.mp4,413,6883.333,True,240.000,270.000,0.000,320.000,220.000,0.333333,0.208333,-0.919503,55.730,76.973,100.861,3289.5,118.330,10.113643,5.510
Josuep_intento_10.mp4,414,6900.000,False,240.000,270.000,,,,,,,,,,,,,
Josuep_intento_10.mp4,415,6916.667,False,240.000,270.000,,,,,,,,,,,,,
Josuep_intento_10.mp4,416,6933.333,False,240.000,270.000,,,,,,,,,,,,,
Josuep_intento_10.mp4,417,6950.000,True,240.000,270.000,0.000,320.000,220.000,0.333333,0.208333,-0.919503,55.962,76.632,101.565,3304.5,118.248,10.106705,5.537
Josuep_intento_10.mp4,418,6966.667,True,240.000,270.000,0.000,320.000,220.000,0.333333,0.208333,-0.919503,56.404,76.698,101.424,3333.5,118.594,10.136208,5.565
Josuep_intento_10.mp4,419,6983.333,True,240.000,270.000,0.000,320.000,220.000,0.333333,0.208333,-0.919503,56.432,76.623,101.215,3332.5,118.612,10.137808,5.566
Josuep_intento_10.mp4,420,7000.000,True,240.000,270.000,0.000,320.000,220.000,0.333333,0.208333,-0.919503,56.841,77.003,102.053,3368.0,118.641,10.140271,5.605
Josuep_intento_10.mp4,421,7016.667,True,240.000,270.000,0.000,320.000,220.000,0.333333,0.208333,-0.919503,56.649,77.021,101.507,3351.5,118.690,10.144413,5.584
Josuep_intento_10.mp4,422,7033.333,True,240.000,270.000,0.000,321.000,220.000,0.337500,0.208333,-0.917982,57.060,77.126,102.569,3376.0,118.739,10.148609,5.622
Josuep_intento_10.mp4,423,7050.000,True,240.000,270.000,0.000,321.000,220.000,0.337500,0.208333,-0.917982,57.204,77.152,102.575,3394.0,119.485,10.212408,5.601
Josuep_intento_10.mp4,424,7066.667,True,240.000,270.000,0.000,321.000,220.000,0.337500,0.208333,-0.917982,57.169,77.248,102.441,3405.0,119.481,10.212085,5.598
Josuep_intento_10.mp4,425,7083.333,True,240.000,270.000,0.000,321.000,220.000,0.337500,0.208333,-0.917982,57.548,77.143,102.793,3425.5,118.592,10.136105,5.678
Josuep_intento_10.mp4,426,7100.000,True,240.000,270.000,0.000,321.000,220.000,0.337500,0.208333,-0.917982,57.587,77.475,102.877,3437.0,119.716,10.232131,5.628
Josuep_intento_10.mp4,427,7116.667,True,240.000,270.000,0.000,321.000,220.000,0.337500,0.208333,-0.917982,58.102,77.398,103.244,3459.5,120.704,10.316541,5.632
Josuep_intento_10.mp4,428,7133.333,True,240.000,270.000,0.000,321.000,221.000,0.337500,0.204167,-0.918918,58.288,77.215,104.357,3483.5,120.550,10.303394,5.657
Josuep_intento_10.mp4,429,7150.000,True,240.000,270.000,0.000,321.000,221.000,0.337500,0.204167,-0.918918,58.798,77.632,105.763,3537.0,120.690,10.315378,5.700
Josuep_intento_10.mp4,430,7166.667,True,240.000,270.000,0.000,321.000,221.000,0.337500,0.204167,-0.918918,59.534,77.993,107.480,3592.0,120.606,10.308214,5.775
Josuep_intento_10.mp4,431,7183.333,True,240.000,270.000,0.000,321.000,221.000,0.337500,0.204167,-0.918918,59.820,78.478,108.617,3635.0,121.502,10.384816,5.760
Josuep_intento_10.mp4,432,7200.000,True,240.000,270.000,0.000,322.000,222.000,0.341667,0.200000,-0.918294,60.066,78.871,108.433,3657.5,122.556,10.474833,5.734
Josuep_intento_10.mp4,433,7216.667,True,240.000,270.000,0.000,322.000,222.000,0.341667,0.200000,-0.918294,59.943,78.582,107.411,3637.5,122.667,10.484375,5.717
Josuep_intento_10.mp4,434,7233.333,True,240.000,270.000,0.000,322.000,222.000,0.341667,0.200000,-0.918294,60.341,78.668,107.710,3681.5,122.929,10.506751,5.743
Josuep_intento_10.mp4,435,7250.000,True,240.000,270.000,0.000,322.000,222.000,0.341667,0.200000,-0.918294,60.275,79.069,106.987,3687.5,122.764,10.492625,5.745
Josuep_intento_10.mp4,436,7266.667,True,240.000,270.000,0.000,322.000,222.000,0.341667,0.200000,-0.918294,60.261,79.109,107.533,3690.5,122.462,10.466801,5.757
Josuep_intento_10.mp4,437,7283.333,True,240.000,270.000,0.000,334.000,225.000,0.391667,0.187500,-0.900800,58.011,86.110,117.504,3696.0,126.369,10.800764,5.371
Josuep_intento_10.mp4,438,7300.000,True,240.000,270.000,0.000,362.000,233.000,0.508333,0.154167,-0.847248,56.155,73.927,118.910,2980.5,115.834,9.900318,5.672
Josuep_intento_10.mp4,439,7316.667,True,240.000,270.000,0.000,379.000,240.000,0.579167,0.125000,-0.805569,55.421,70.877,113.308,2911.0,115.371,9.860741,5.620
Josuep_intento_10.mp4,440,7333.333,True,240.000,270.000,0.000,381.000,241.000,0.587500,0.120833,-0.800152,56.565,72.324,117.619,2938.0,115.906,9.906492,5.710
Josuep_intento_10.mp4,441,7350.000,True,240.000,270.000,0.000,380.000,241.000,0.583333,0.120833,-0.803195,55.943,71.484,115.868,2919.0,115.303,9.854920,5.677
Josuep_intento_10.mp4,442,7366.667,True,240.000,270.000,0.000,379.000,241.000,0.579167,0.120833,-0.806204,56.113,72.551,113.837,2928.0,115.626,9.882527,5.678
Josuep_intento_10.mp4,443,7383.333,True,240.000,270.000,0.000,378.000,241.000,0.575000,0.120833,-0.809181,55.948,72.974,112.517,2928.0,116.465,9.954261,5.621
Josuep_intento_10.mp4,444,7400.000,True,240.000,270.000,0.000,378.000,241.000,0.575000,0.120833,-0.809181,57.360,72.429,114.318,2906.0,114.564,9.791832,5.858
Josuep_intento_10.mp4,445,7416.667,True,240.000,270.000,0.000,378.000,242.000,0.575000,0.116667,-0.809792,58.729,72.986,117.311,2999.0,116.685,9.973060,5.889
Josuep_intento_10.mp4,446,7433.333,True,240.000,270.000,0.000,378.000,244.000,0.575000,0.108333,-0.810949,59.825,72.193,117.293,3025.0,116.136,9.926190,6.027
Josuep_intento_10.mp4,447,7450.000,True,240.000,270.000,0.000,379.000,244.000,0.579167,0.108333,-0.807979,57.769,72.524,111.582,3023.0,116.947,9.995428,5.780
Josuep_intento_10.mp4,448,7466.667,True,240.000,270.000,0.000,378.000,244.000,0.575000,0.108333,-0.810949,59.501,72.848,116.192,3055.0,115.357,9.859559,6.035
Josuep_intento_10.mp4,449,7483.333,True,240.000,270.000,0.000,378.000,245.000,0.575000,0.104167,-0.811495,59.601,72.709,117.817,3089.5,115.190,9.845278,6.054
Josuep_intento_10.mp4,450,7500.000,True,240.000,270.000,0.000,377.000,245.000,0.570833,0.104167,-0.814431,60.521,72.527,118.477,3072.5,116.141,9.926559,6.097
Josuep_intento_10.mp4,451,7516.667,True,240.000,270.000,0.000,377.000,244.000,0.570833,0.108333,-0.813888,59.724,73.131,117.943,3097.5,115.774,9.895174,6.036
Josuep_intento_10.mp4,452,7533.333,True,240.000,270.000,0.000,377.000,244.000,0.570833,0.108333,-0.813888,60.552,73.859,115.091,3138.5,115.665,9.885874,6.125
Josuep_intento_10.mp4,453,7550.000,True,240.000,270.000,0.000,377.000,244.000,0.570833,0.108333,-0.813888,60.257,74.051,115.888,3139.5,119.834,10.242250,5.883
Josuep_intento_10.mp4,454,7566.667,True,240.000,270.000,0.000,376.000,244.000,0.566667,0.108333,-0.816794,59.827,74.376,114.820,3170.5,117.263,10.022458,5.969
Josuep_intento_10.mp4,455,7583.333,True,240.000,270.000,0.000,376.000,244.000,0.566667,0.108333,-0.816794,59.377,74.525,111.829,3163.5,116.802,9.983079,5.948
Josuep_intento_10.mp4,456,7600.000,True,240.000,270.000,0.000,376.000,244.000,0.566667,0.108333,-0.816794,58.256,73.057,110.308,3073.0,116.017,9.915959,5.875
Josuep_intento_10.mp4,457,7616.667,True,240.000,270.000,0.000,376.000,244.000,0.566667,0.108333,-0.816794,57.911,72.674,111.609,3019.5,114.412,9.778811,5.922
Josuep_intento_10.mp4,458,7633.333,True,240.000,270.000,0.000,379.000,245.000,0.579167,0.104167,-0.808527,57.319,71.994,112.781,2935.5,115.542,9.875348,5.804
Josuep_intento_10.mp4,459,7650.000,True,240.000,270.000,0.000,383.000,249.000,0.595833,0.087500,-0.798327,59.562,70.245,120.798,2977.0,116.080,9.921344,6.003
Josuep_intento_10.mp4,460,7666.667,True,240.000,270.000,0.000,386.000,253.000,0.608333,0.070833,-0.790515,61.998,71.784,140.746,3135.0,119.430,10.207675,6.074
Josuep_intento_10.mp4,461,7683.333,True,240.000,270.000,0.000,387.000,255.000,0.612500,0.062500,-0.787996,59.790,70.492,129.158,2998.0,116.341,9.943700,6.013
Josuep_intento_10.mp4,462,7700.000,True,240.000,270.000,0.000,386.000,253.000,0.608333,0.070833,-0.790515,59.563,68.596,117.727,2899.5,113.555,9.705550,6.137
Josuep_intento_10.mp4,463,7716.667,True,240.000,270.000,0.000,385.000,251.000,0.604167,0.079167,-0.792916,57.885,69.318,115.243,2860.5,112.742,9.636098,6.007
Josuep_intento_10.mp4,464,7733.333,True,240.000,270.000,0.000,385.000,250.000,0.604167,0.083333,-0.792489,59.042,70.409,117.153,2967.0,115.604,9.880696,5.975
Josuep_intento_10.mp4,465,7750.000,True,240.000,270.000,0.000,384.000,251.000,0.600000,0.079167,-0.796073,59.458,69.043,118.105,2939.5,114.136,9.755246,6.095
Josuep_intento_10.mp4,466,7766.667,True,240.000,270.000,0.000,384.000,251.000,0.600000,0.079167,-0.796073,60.528,69.531,125.551,3000.0,114.290,9.768380,6.196
Josuep_intento_10.mp4,467,7783.333,True,240.000,270.000,0.000,383.000,251.000,0.595833,0.079167,-0.799197,59.178,70.481,115.915,3015.5,115.168,9.843405,6.012
Josuep_intento_10.mp4,468,7800.000,True,240.000,270.000,0.000,383.000,251.000,0.595833,0.079167,-0.799197,60.798,70.746,120.090,3014.5,116.199,9.931497,6.122
Josuep_intento_10.mp4,469,7816.667,True,240.000,270.000,0.000,382.000,250.000,0.591667,0.083333,-0.801864,58.711,70.340,113.441,3016.5,116.975,9.997831,5.872
Josuep_intento_10.mp4,470,7833.333,True,240.000,270.000,0.000,381.000,249.000,0.587500,0.087500,-0.804480,60.777,70.558,120.587,3057.5,116.665,9.971400,6.095
Josuep_intento_10.mp4,471,7850.000,True,240.000,270.000,0.000,380.000,250.000,0.583333,0.083333,-0.807947,60.841,70.419,120.616,3035.5,116.680,9.972610,6.101
Josuep_intento_10.mp4,472,7866.667,True,240.000,270.000,0.000,380.000,249.000,0.583333,0.087500,-0.807506,60.138,70.799,121.580,3035.0,115.964,9.911434,6.068
Josuep_intento_10.mp4,473,7883.333,True,240.000,270.000,0.000,379.000,249.000,0.579167,0.087500,-0.810500,61.242,69.974,119.693,3043.5,117.110,10.009403,6.118
Josuep_intento_10.mp4,474,7900.000,True,240.000,270.000,0.000,379.000,249.000,0.579167,0.087500,-0.810500,61.099,71.051,120.320,3053.0,117.446,10.038150,6.087
Josuep_intento_10.mp4,475,7916.667,True,240.000,270.000,0.000,379.000,248.000,0.579167,0.091667,-0.810039,59.256,70.220,112.358,3007.0,115.509,9.872562,6.002
Josuep_intento_10.mp4,476,7933.333,True,240.000,270.000,0.000,379.000,248.000,0.579167,0.091667,-0.810039,60.643,69.390,121.210,2999.0,113.779,9.724706,6.236
Josuep_intento_10.mp4,477,7950.000,True,240.000,270.000,0.000,376.000,247.000,0.566667,0.095833,-0.818355,60.182,70.966,108.347,3020.5,126.201,10.786416,5.579
Josuep_intento_10.mp4,478,7966.667,True,240.000,270.000,0.000,365.000,243.000,0.520833,0.112500,-0.846213,59.508,79.333,109.938,3405.0,120.874,10.331122,5.760
Josuep_intento_10.mp4,479,7983.333,True,240.000,270.000,0.000,358.000,241.000,0.491667,0.120833,-0.862359,59.746,78.650,113.451,3424.0,122.498,10.469944,5.706
Josuep_intento_10.mp4,480,8000.000,True,240.000,270.000,0.000,359.000,241.000,0.495833,0.120833,-0.859970,60.346,80.575,114.716,3466.0,123.569,10.561495,5.714
Josuep_intento_10.mp4,481,8016.667,True,240.000,270.000,0.000,359.000,241.000,0.495833,0.120833,-0.859970,60.425,79.290,112.491,3498.0,123.345,10.542326,5.732
Josuep_intento_10.mp4,482,8033.333,True,240.000,270.000,0.000,359.000,241.000,0.495833,0.120833,-0.859970,60.254,79.723,111.043,3476.0,123.757,10.577560,5.696
Josuep_intento_10.mp4,483,8050.000,True,240.000,270.000,0.000,359.000,241.000,0.495833,0.120833,-0.859970,59.890,79.245,113.225,3489.0,123.201,10.529992,5.688
Josuep_intento_10.mp4,484,8066.667,True,240.000,270.000,0.000,360.000,241.000,0.500000,0.120833,-0.857554,60.491,79.167,112.693,3483.0,123.047,10.516838,5.752
Josuep_intento_10.mp4,485,8083.333,True,240.000,270.000,0.000,360.000,241.000,0.500000,0.120833,-0.857554,59.884,78.853,113.226,3452.0,123.384,10.545611,5.679
Josuep_intento_10.mp4,486,8100.000,True,240.000,270.000,0.000,360.000,241.000,0.500000,0.120833,-0.857554,59.529,78.940,112.443,3403.5,123.015,10.514086,5.662
Josuep_intento_10.mp4,487,8116.667,True,240.000,270.000,0.000,360.000,241.000,0.500000,0.120833,-0.857554,59.453,78.500,111.469,3419.0,122.619,10.480248,5.673
Josuep_intento_10.mp4,488,8133.333,True,240.000,270.000,0.000,360.000,241.000,0.500000,0.120833,-0.857554,59.836,78.995,114.289,3430.0,123.900,10.589710,5.650
Josuep_intento_10.mp4,489,8150.000,True,240.000,270.000,0.000,360.000,241.000,0.500000,0.120833,-0.857554,60.166,78.381,111.898,3412.5,122.837,10.498854,5.731
Josuep_intento_10.mp4,490,8166.667,True,240.000,270.000,0.000,360.000,241.000,0.500000,0.120833,-0.857554,60.647,78.853,114.696,3463.0,123.854,10.585829,5.729
Josuep_intento_10.mp4,491,8183.333,True,240.000,270.000,0.000,360.000,241.000,0.500000,0.120833,-0.857554,59.487,79.230,112.347,3475.5,124.313,10.625035,5.599
Josuep_intento_10.mp4,492,8200.000,True,240.000,270.000,0.000,361.000,241.000,0.504167,0.120833,-0.855111,61.517,79.018,120.480,3557.5,124.355,10.628630,5.788
Josuep_intento_10.mp4,493,8216.667,True,240.000,270.000,0.000,362.000,242.000,0.508333,0.116667,-0.853221,62.776,79.910,122.235,3686.5,124.449,10.636661,5.902
Josuep_intento_10.mp4,494,8233.333,True,240.000,270.000,0.000,363.000,243.000,0.512500,0.112500,-0.851286,62.279,80.849,122.834,3681.5,127.568,10.903250,5.712
Josuep_intento_10.mp4,495,8250.000,True,240.000,270.000,0.000,363.000,241.000,0.512500,0.120833,-0.850143,61.453,79.937,119.889,3590.5,123.728,10.575079,5.811
Josuep_intento_10.mp4,496,8266.667,True,240.000,270.000,0.000,363.000,240.000,0.512500,0.125000,-0.849540,62.214,79.983,124.062,3652.5,125.983,10.767780,5.778
Josuep_intento_10.mp4,497,8283.333,True,240.000,270.000,0.000,348.000,241.000,0.450000,0.120833,-0.884816,65.743,82.341,100.732,4036.5,125.989,10.768305,6.105
Josuep_intento_10.mp4,498,8300.000,True,240.000,270.000,0.000,328.000,244.000,0.366667,0.108333,-0.924024,67.289,85.679,102.439,4241.5,128.736,11.003105,6.115
Josuep_intento_10.mp4,499,8316.667,True,240.000,270.000,0.000,324.000,246.000,0.350000,0.100000,-0.931397,66.722,85.703,103.508,4229.5,129.365,11.056800,6.034
Josuep_intento_10.mp4,500,8333.333,True,240.000,270.000,0.000,325.000,246.000,0.354167,0.100000,-0.929820,65.528,85.048,104.422,4180.0,129.901,11.102637,5.902
Josuep_intento_10.mp4,501,8350.000,True,240.000,270.000,0.000,326.000,247.000,0.358333,0.095833,-0.928662,65.552,85.086,101.467,4182.5,130.028,11.113473,5.898
Josuep_intento_10.mp4,502,8366.667,True,240.000,270.000,0.000,326.000,246.000,0.358333,0.100000,-0.928223,64.774,85.433,100.884,4097.0,128.881,11.015454,5.880
Josuep_intento_10.mp4,503,8383.333,True,240.000,270.000,0.000,327.000,246.000,0.362500,0.100000,-0.926603,64.681,85.442,98.429,4064.0,128.809,11.009323,5.875
Josuep_intento_10.mp4,504,8400.000,True,240.000,270.000,0.000,327.000,245.000,0.362500,0.104167,-0.926144,64.057,84.662,97.533,4038.5,128.525,10.985068,5.831
Josuep_intento_10.mp4,505,8416.667,True,240.000,270.000,0.000,328.000,246.000,0.366667,0.100000,-0.924962,68.032,85.045,104.118,4279.0,131.251,11.218036,6.065
Josuep_intento_10.mp4,506,8433.333,True,240.000,270.000,0.000,329.000,246.000,0.370833,0.100000,-0.923300,67.219,86.176,108.697,4397.5,132.184,11.297747,5.950
Josuep_intento_10.mp4,507,8450.000,True,240.000,270.000,0.000,326.000,246.000,0.358333,0.100000,-0.928223,67.915,86.320,104.817,4437.0,131.102,11.205341,6.061
Josuep_intento_10.mp4,508,8466.667,True,240.000,270.000,0.000,324.000,246.000,0.350000,0.100000,-0.931397,66.481,87.567,103.158,4364.0,132.046,11.286024,5.891
Josuep_intento_10.mp4,509,8483.333,True,240.000,270.000,0.000,324.000,245.000,0.350000,0.104167,-0.930940,66.389,87.450,101.810,4356.5,131.728,11.258785,5.897
Josuep_intento_10.mp4,510,8500.000,True,240.000,270.000,0.000,326.000,245.000,0.358333,0.104167,-0.927764,66.141,87.062,103.740,4375.5,130.613,11.163484,5.925
Josuep_intento_10.mp4,511,8516.667,True,240.000,270.000,0.000,328.000,246.000,0.366667,0.100000,-0.924962,66.242,88.004,106.503,4422.5,133.256,11.389411,5.816
Josuep_intento_10.mp4,512,8533.333,True,240.000,270.000,0.000,329.000,247.000,0.370833,0.095833,-0.923742,66.277,87.918,108.282,4435.0,132.910,11.359839,5.834
Josuep_intento_10.mp4,513,8550.000,True,240.000,270.000,0.000,330.000,247.000,0.375000,0.095833,-0.922058,66.896,88.443,108.943,4441.0,132.321,11.309462,5.915
Josuep_intento_10.mp4,514,8566.667,True,240.000,270.000,0.000,331.000,247.000,0.379167,0.095833,-0.920352,66.774,88.131,108.219,4452.0,132.742,11.345450,5.885
Josuep_intento_10.mp4,515,8583.333,True,240.000,270.000,0.000,332.000,246.000,0.383333,0.100000,-0.918181,65.811,87.865,107.484,4397.0,131.816,11.266285,5.841
Josuep_intento_10.mp4,516,8600.000,True,240.000,270.000,0.000,333.000,246.000,0.387500,0.100000,-0.916430,66.841,87.121,106.991,4421.5,130.655,11.167133,5.986
Josuep_intento_10.mp4,517,8616.667,True,240.000,270.000,0.000,334.000,246.000,0.391667,0.100000,-0.914657,67.602,88.237,109.870,4449.0,132.706,11.342382,5.960
Josuep_intento_10.mp4,518,8633.333,True,240.000,270.000,0.000,335.000,246.000,0.395833,0.100000,-0.912861,68.014,87.881,110.631,4517.5,132.892,11.358309,5.988
Josuep_intento_10.mp4,519,8650.000,True,240.000,270.000,0.000,336.000,246.000,0.400000,0.100000,-0.911043,67.532,88.789,109.892,4535.0,133.895,11.444032,5.901
Josuep_intento_10.mp4,520,8666.667,True,240.000,270.000,0.000,336.000,247.000,0.400000,0.095833,-0.911491,67.906,88.452,110.825,4490.5,132.513,11.325874,5.996
Josuep_intento_10.mp4,521,8683.333,True,240.000,270.000,0.000,336.000,246.000,0.400000,0.100000,-0.911043,66.425,88.923,106.443,4397.5,132.850,11.354661,5.850
Josuep_intento_10.mp4,522,8700.000,True,240.000,270.000,0.000,335.000,245.000,0.395833,0.104167,-0.912395,67.318,88.211,106.280,4416.5,132.191,11.298356,5.958
Josuep_intento_10.mp4,523,8716.667,True,240.000,270.000,0.000,335.000,245.000,0.395833,0.104167,-0.912395,69.065,87.386,107.674,4432.5,133.218,11.386161,6.066
Josuep_intento_10.mp4,524,8733.333,True,240.000,270.000,0.000,337.000,244.000,0.404167,0.108333,-0.908247,67.250,88.328,111.606,4433.0,132.779,11.348670,5.926
Josuep_intento_10.mp4,525,8750.000,True,240.000,270.000,0.000,338.000,243.000,0.408333,0.112500,-0.905874,66.087,87.729,113.990,4372.0,131.623,11.249804,5.875
Josuep_intento_10.mp4,526,8766.667,True,240.000,270.000,0.000,339.000,243.000,0.412500,0.112500,-0.903984,66.764,87.653,112.393,4399.5,132.631,11.335970,5.890
Josuep_intento_10.mp4,527,8783.333,True,240.000,270.000,0.000,340.000,244.000,0.416667,0.108333,-0.902581,65.929,87.037,111.204,4300.5,131.352,11.226663,5.873
Josuep_intento_10.mp4,528,8800.000,True,240.000,270.000,0.000,340.000,244.000,0.416667,0.108333,-0.902581,65.518,86.717,110.291,4289.0,130.742,11.174490,5.863
Josuep_intento_10.mp4,529,8816.667,True,240.000,270.000,0.000,341.000,244.000,0.420833,0.108333,-0.900646,65.845,86.743,110.019,4287.5,130.832,11.182194,5.888
Josuep_intento_10.mp4,530,8833.333,True,240.000,270.000,0.000,341.000,244.000,0.420833,0.108333,-0.900646,65.910,86.734,109.104,4277.0,131.267,11.219433,5.875
Josuep_intento_10.mp4,531,8850.000,True,240.000,270.000,0.000,340.000,244.000,0.416667,0.108333,-0.902581,65.218,87.491,107.027,4275.0,131.116,11.206525,5.820
Josuep_intento_10.mp4,532,8866.667,True,240.000,270.000,0.000,340.000,244.000,0.416667,0.108333,-0.902581,66.054,86.729,110.067,4267.5,130.840,11.182943,5.907
Josuep_intento_10.mp4,533,8883.333,True,240.000,270.000,0.000,340.000,244.000,0.416667,0.108333,-0.902581,65.865,87.478,108.507,4325.5,131.263,11.219035,5.871
Josuep_intento_10.mp4,534,8900.000,True,240.000,270.000,0.000,340.000,244.000,0.416667,0.108333,-0.902581,67.250,87.751,108.998,4403.0,131.856,11.269756,5.967
Josuep_intento_10.mp4,535,8916.667,True,240.000,270.000,0.000,340.000,244.000,0.416667,0.108333,-0.902581,67.084,87.681,109.637,4403.5,131.339,11.225579,5.976
Josuep_intento_10.mp4,536,8933.333,True,240.000,270.000,0.000,340.000,243.000,0.416667,0.112500,-0.902071,66.596,87.841,109.685,4398.0,131.036,11.199694,5.946
Josuep_intento_10.mp4,537,8950.000,True,240.000,270.000,0.000,339.000,242.000,0.412500,0.116667,-0.903456,66.970,87.006,109.950,4356.5,129.370,11.057244,6.057
Josuep_intento_10.mp4,538,8966.667,True,240.000,270.000,0.000,339.000,242.000,0.412500,0.116667,-0.903456,66.946,87.595,110.159,4392.5,130.502,11.154021,6.002
Josuep_intento_10.mp4,539,8983.333,True,240.000,270.000,0.000,338.000,242.000,0.408333,0.116667,-0.905347,66.972,87.536,110.332,4413.5,130.871,11.185577,5.987
Josuep_intento_10.mp4,540,9000.000,True,240.000,270.000,0.000,337.000,242.000,0.404167,0.116667,-0.907215,67.907,87.598,110.969,4429.0,131.648,11.251981,6.035
Josuep_intento_10.mp4,541,9016.667,True,240.000,270.000,0.000,336.000,243.000,0.400000,0.112500,-0.909584,67.604,88.253,112.323,4477.5,131.435,11.233727,6.018
Josuep_intento_10.mp4,542,9033.333,True,240.000,270.000,0.000,335.000,243.000,0.395833,0.112500,-0.911405,68.603,87.935,113.667,4553.0,132.507,11.325384,6.057
Josuep_intento_10.mp4,543,9050.000,True,240.000,270.000,0.000,334.000,244.000,0.391667,0.108333,-0.913707,69.345,88.018,113.262,4545.5,131.682,11.254844,6.161
Josuep_intento_10.mp4,544,9066.667,True,240.000,270.000,0.000,333.000,244.000,0.387500,0.108333,-0.915482,68.549,88.608,114.324,4595.5,132.467,11.321971,6.055
Josuep_intento_10.mp4,545,9083.333,True,240.000,270.000,0.000,332.000,244.000,0.383333,0.108333,-0.917235,68.018,89.015,114.234,4569.5,132.439,11.319554,6.009
Josuep_intento_10.mp4,546,9100.000,True,240.000,270.000,0.000,332.000,244.000,0.383333,0.108333,-0.917235,68.608,88.594,115.584,4606.0,133.012,11.368535,6.035
Josuep_intento_10.mp4,547,9116.667,True,240.000,270.000,0.000,332.000,244.000,0.383333,0.108333,-0.917235,69.791,89.570,115.953,4662.0,133.363,11.398537,6.123
Josuep_intento_10.mp4,548,9133.333,True,240.000,270.000,0.000,331.000,244.000,0.379167,0.108333,-0.918965,68.985,89.624,115.531,4685.0,133.051,11.371894,6.066
Josuep_intento_10.mp4,549,9150.000,True,240.000,270.000,0.000,331.000,244.000,0.379167,0.108333,-0.918965,69.981,89.901,116.475,4704.5,133.376,11.399678,6.139
Josuep_intento_10.mp4,550,9166.667,True,240.000,270.000,0.000,330.000,245.000,0.375000,0.104167,-0.921154,69.840,89.424,115.872,4707.0,133.774,11.433657,6.108
Josuep_intento_10.mp4,551,9183.333,True,240.000,270.000,0.000,329.000,246.000,0.370833,0.100000,-0.923300,69.031,90.145,114.634,4701.0,134.853,11.525934,5.989
Josuep_intento_10.mp4,552,9200.000,True,240.000,270.000,0.000,328.000,246.000,0.366667,0.100000,-0.924962,69.424,90.266,114.860,4745.5,135.180,11.553809,6.009
Josuep_intento_10.mp4,553,9216.667,True,240.000,270.000,0.000,328.000,246.000,0.366667,0.100000,-0.924962,69.414,90.355,115.056,4779.0,135.789,11.605885,5.981
Josuep_intento_10.mp4,554,9233.333,True,240.000,270.000,0.000,328.000,245.000,0.366667,0.104167,-0.924502,67.726,90.590,115.792,4669.0,134.757,11.517708,5.880
Josuep_intento_10.mp4,555,9250.000,True,240.000,270.000,0.000,335.000,241.000,0.395833,0.120833,-0.910338,66.257,87.734,118.513,4440.5,129.461,11.065050,5.988
Josuep_intento_10.mp4,556,9266.667,True,240.000,270.000,0.000,344.000,237.000,0.433333,0.137500,-0.890683,67.659,88.330,123.960,4502.0,131.055,11.201283,6.040
Josuep_intento_10.mp4,557,9283.333,True,240.000,270.000,0.000,346.000,237.000,0.441667,0.137500,-0.886580,67.449,89.120,126.598,4532.0,132.970,11.364999,5.935
Josuep_intento_10.mp4,558,9300.000,True,240.000,270.000,0.000,347.000,237.000,0.445833,0.137500,-0.884492,67.307,88.136,123.919,4551.0,132.180,11.297454,5.958
Josuep_intento_10.mp4,559,9316.667,True,240.000,270.000,0.000,347.000,238.000,0.445833,0.133333,-0.885130,67.226,88.390,125.105,4533.5,131.805,11.265353,5.968
Josuep_intento_10.mp4,560,9333.333,True,240.000,270.000,0.000,351.000,236.000,0.462500,0.141667,-0.875228,64.079,87.501,126.645,4258.5,129.610,11.077765,5.785
Josuep_intento_10.mp4,561,9350.000,True,240.000,270.000,0.000,355.000,235.000,0.479167,0.145833,-0.865524,64.276,88.125,130.186,4276.5,130.572,11.159963,5.760
Josuep_intento_10.mp4,562,9366.667,True,240.000,270.000,0.000,356.000,234.000,0.483333,0.150000,-0.862490,63.845,87.256,128.621,4244.0,130.563,11.159232,5.721
Josuep_intento_10.mp4,563,9383.333,True,240.000,270.000,0.000,356.000,234.000,0.483333,0.150000,-0.862490,63.688,87.636,128.661,4215.0,130.684,11.169538,5.702
Josuep_intento_10.mp4,564,9400.000,True,240.000,270.000,0.000,356.000,234.000,0.483333,0.150000,-0.862490,63.492,87.103,129.390,4185.0,129.950,11.106850,5.716
Josuep_intento_10.mp4,565,9416.667,True,240.000,270.000,0.000,356.000,234.000,0.483333,0.150000,-0.862490,62.788,86.636,128.927,4127.0,131.103,11.205365,5.603
Josuep_intento_10.mp4,566,9433.333,True,240.000,270.000,0.000,356.000,233.000,0.483333,0.154167,-0.861755,62.937,86.205,127.989,4105.5,129.659,11.081972,5.679
Josuep_intento_10.mp4,567,9450.000,True,240.000,270.000,0.000,356.000,233.000,0.483333,0.154167,-0.861755,62.548,85.611,127.298,3998.5,128.463,10.979734,5.697
Josuep_intento_10.mp4,568,9466.667,True,240.000,270.000,0.000,355.000,232.000,0.479167,0.158333,-0.863325,61.497,83.116,122.258,3842.0,126.070,10.775180,5.707
Josuep_intento_10.mp4,569,9483.333,True,240.000,270.000,0.000,353.000,230.000,0.470833,0.166667,-0.866336,61.024,82.371,119.677,3723.5,124.245,10.619201,5.747
Josuep_intento_10.mp4,570,9500.000,True,240.000,270.000,0.000,352.000,230.000,0.466667,0.166667,-0.868588,60.134,81.634,116.096,3720.5,124.538,10.644265,5.649
Josuep_intento_10.mp4,571,9516.667,True,240.000,270.000,0.000,352.000,230.000,0.466667,0.166667,-0.868588,60.728,81.765,117.651,3722.0,124.912,10.676208,5.688
Josuep_intento_10.mp4,572,9533.333,True,240.000,270.000,0.000,352.000,231.000,0.466667,0.162500,-0.869377,60.936,81.274,117.092,3734.0,123.306,10.538948,5.782
Josuep_intento_10.mp4,573,9550.000,True,240.000,270.000,0.000,352.000,231.000,0.466667,0.162500,-0.869377,61.516,82.061,119.534,3736.5,125.189,10.699954,5.749
Josuep_intento_10.mp4,574,9566.667,True,240.000,270.000,0.000,351.000,232.000,0.462500,0.158333,-0.872367,62.255,82.208,120.169,3785.5,125.464,10.723430,5.806
Josuep_intento_10.mp4,575,9583.333,True,240.000,270.000,0.000,351.000,232.000,0.462500,0.158333,-0.872367,62.183,80.787,118.384,3800.0,124.943,10.678893,5.823
Josuep_intento_10.mp4,576,9600.000,True,240.000,270.000,0.000,351.000,232.000,0.462500,0.158333,-0.872367,62.439,81.724,122.568,3818.0,126.500,10.811982,5.775
Josuep_intento_10.mp4,577,9616.667,True,240.000,270.000,0.000,351.000,232.000,0.462500,0.158333,-0.872367,62.039,82.577,120.041,3838.0,126.337,10.798056,5.745
Josuep_intento_10.mp4,578,9633.333,True,240.000,270.000,0.000,351.000,232.000,0.462500,0.158333,-0.872367,62.222,82.408,121.730,3863.0,126.693,10.828479,5.746
Josuep_intento_10.mp4,579,9650.000,True,240.000,270.000,0.000,351.000,233.000,0.462500,0.154167,-0.873113,62.663,82.280,123.875,3863.5,126.906,10.846683,5.777
Josuep_intento_10.mp4,580,9666.667,True,240.000,270.000,0.000,351.000,233.000,0.462500,0.154167,-0.873113,62.689,82.505,124.575,3868.5,127.151,10.867646,5.768
Josuep_intento_10.mp4,581,9683.333,True,240.000,270.000,0.000,350.000,233.000,0.458333,0.154167,-0.875307,61.929,82.279,121.503,3851.0,127.447,10.892863,5.685
Josuep_intento_10.mp4,582,9700.000,True,240.000,270.000,0.000,350.000,233.000,0.458333,0.154167,-0.875307,62.545,82.496,123.651,3858.0,127.320,10.882063,5.747
Josuep_intento_10.mp4,583,9716.667,True,240.000,270.000,0.000,350.000,233.000,0.458333,0.154167,-0.875307,62.578,81.979,121.056,3861.5,127.379,10.887052,5.748
Josuep_intento_10.mp4,584,9733.333,True,240.000,270.000,0.000,350.000,233.000,0.458333,0.154167,-0.875307,62.912,82.572,123.305,3877.0,127.548,10.901532,5.771
Josuep_intento_10.mp4,585,9750.000,True,240.000,270.000,0.000,350.000,233.000,0.458333,0.154167,-0.875307,62.398,82.600,121.537,3901.5,127.466,10.894524,5.728
Josuep_intento_10.mp4,586,9766.667,True,240.000,270.000,0.000,350.000,233.000,0.458333,0.154167,-0.875307,62.632,82.256,120.526,3924.5,127.249,10.875975,5.759
Josuep_intento_10.mp4,587,9783.333,True,240.000,270.000,0.000,351.000,233.000,0.462500,0.154167,-0.873113,63.244,82.931,121.988,3935.0,128.259,10.962305,5.769
Josuep_intento_10.mp4,588,9800.000,True,240.000,270.000,0.000,351.000,233.000,0.462500,0.154167,-0.873113,62.773,82.741,121.031,3951.0,127.373,10.886585,5.766
Josuep_intento_10.mp4,589,9816.667,True,240.000,270.000,0.000,351.000,233.000,0.462500,0.154167,-0.873113,62.841,83.581,123.119,3984.0,129.163,11.039550,5.692
Josuep_intento_10.mp4,590,9833.333,True,240.000,270.000,0.000,352.000,234.000,0.466667,0.150000,-0.871620,63.755,83.792,124.477,3998.5,128.933,11.019886,5.785
Josuep_intento_10.mp4,591,9850.000,True,240.000,270.000,0.000,352.000,234.000,0.466667,0.150000,-0.871620,63.490,83.641,125.504,4021.5,128.911,11.018014,5.762
Josuep_intento_10.mp4,592,9866.667,True,240.000,270.000,0.000,352.000,234.000,0.466667,0.150000,-0.871620,62.891,84.207,123.350,4048.5,128.802,11.008736,5.713
Josuep_intento_10.mp4,593,9883.333,True,240.000,270.000,0.000,352.000,234.000,0.466667,0.150000,-0.871620,63.381,84.036,124.296,4024.5,128.874,11.014901,5.754
Josuep_intento_10.mp4,594,9900.000,True,240.000,270.000,0.000,352.000,234.000,0.466667,0.150000,-0.871620,63.582,83.884,125.354,4026.5,128.295,10.965382,5.798
Josuep_intento_10.mp4,595,9916.667,True,240.000,270.000,0.000,352.000,234.000,0.466667,0.150000,-0.871620,64.126,84.277,125.056,4066.0,128.810,11.009431,5.825
Josuep_intento_10.mp4,596,9933.333,True,240.000,270.000,0.000,352.000,235.000,0.466667,0.145833,-0.872327,64.248,84.437,124.567,4101.5,130.104,11.120015,5.778
Josuep_intento_10.mp4,597,9950.000,True,240.000,270.000,0.000,352.000,235.000,0.466667,0.145833,-0.872327,64.355,84.887,125.388,4120.0,129.709,11.086272,5.805
Josuep_intento_10.mp4,598,9966.667,True,240.000,270.000,0.000,351.000,235.000,0.462500,0.145833,-0.874544,64.609,85.620,125.461,4164.5,129.579,11.075129,5.834
Josuep_intento_10.mp4,599,9983.333,True,240.000,270.000,0.000,351.000,235.000,0.462500,0.145833,-0.874544,65.057,85.327,125.233,4183.5,129.724,11.087487,5.868
Josuep_intento_10.mp4,600,10000.000,True,240.000,270.000,0.000,351.000,235.000,0.462500,0.145833,-0.874544,65.124,86.002,124.332,4233.0,130.490,11.152958,5.839
Josuep_intento_10.mp4,601,10016.667,True,240.000,270.000,0.000,352.000,235.000,0.466667,0.145833,-0.872327,65.022,85.855,124.988,4215.0,131.037,11.199773,5.806
Josuep_intento_10.mp4,602,10033.333,True,240.000,270.000,0.000,352.000,235.000,0.466667,0.145833,-0.872327,65.354,85.868,124.780,4262.0,130.327,11.139039,5.867
Josuep_intento_10.mp4,603,10050.000,True,240.000,270.000,0.000,353.000,235.000,0.470833,0.145833,-0.870085,65.339,86.171,125.512,4297.0,131.116,11.206469,5.830
Josuep_intento_10.mp4,604,10066.667,True,240.000,270.000,0.000,353.000,236.000,0.470833,0.141667,-0.870774,65.952,86.569,126.333,4328.5,131.073,11.202857,5.887
Josuep_intento_10.mp4,605,10083.333,True,240.000,270.000,0.000,353.000,236.000,0.470833,0.141667,-0.870774,66.496,86.697,126.706,4379.5,130.565,11.159444,5.959
Josuep_intento_10.mp4,606,10100.000,True,240.000,270.000,0.000,352.000,236.000,0.466667,0.141667,-0.873014,67.220,86.944,126.801,4437.0,130.933,11.190894,6.007
Josuep_intento_10.mp4,607,10116.667,True,240.000,270.000,0.000,352.000,236.000,0.466667,0.141667,-0.873014,67.246,86.859,124.711,4454.0,131.071,11.202647,6.003
Josuep_intento_10.mp4,608,10133.333,True,240.000,270.000,0.000,351.000,236.000,0.462500,0.141667,-0.875228,67.484,87.822,124.537,4483.5,132.177,11.297154,5.974
Josuep_intento_10.mp4,609,10150.000,True,240.000,270.000,0.000,351.000,236.000,0.462500,0.141667,-0.875228,67.537,87.957,126.500,4473.0,132.355,11.312371,5.970
Josuep_intento_10.mp4,610,10166.667,True,240.000,270.000,0.000,351.000,236.000,0.462500,0.141667,-0.875228,67.673,87.317,121.980,4504.0,131.933,11.276331,6.001
Josuep_intento_10.mp4,611,10183.333,True,240.000,270.000,0.000,351.000,236.000,0.462500,0.141667,-0.875228,67.778,89.105,127.893,4534.0,132.399,11.316151,5.989
Josuep_intento_10.mp4,612,10200.000,True,240.000,270.000,0.000,351.000,236.000,0.462500,0.141667,-0.875228,67.636,88.540,126.546,4511.5,131.723,11.258385,6.008
Josuep_intento_10.mp4,613,10216.667,True,240.000,270.000,0.000,350.000,236.000,0.458333,0.141667,-0.877417,67.391,89.087,127.762,4512.5,133.608,11.419480,5.901
Josuep_intento_10.mp4,614,10233.333,True,240.000,270.000,0.000,350.000,236.000,0.458333,0.141667,-0.877417,67.751,88.481,128.326,4559.5,133.030,11.370063,5.959
