Frame,Tiempo(s),EAR_Original,EAR_Mejorado,Diferencia
0,0.00,0.303255,0.230423,0.072832
1,0.03,0.305034,0.232720,0.072315
2,0.07,0.305645,0.233170,0.072475
3,0.10,0.301192,0.230046,0.071146
4,0.13,0.299290,0.228737,0.070553
5,0.17,0.299777,0.229021,0.070755
6,0.20,0.298336,0.227909,0.070427
7,0.23,0.297098,0.227008,0.070089
8,0.27,0.301697,0.230326,0.071371
9,0.30,0.301209,0.229970,0.071239
10,0.33,0.300555,0.229493,0.071061
11,0.37,0.301065,0.229826,0.071239
12,0.40,0.301690,0.230315,0.071375
13,0.43,0.302629,0.230918,0.071711
14,0.47,0.303573,0.231673,0.071901
15,0.50,0.303689,0.231833,0.071856
16,0.53,0.302368,0.230805,0.071563
17,0.57,0.301967,0.230540,0.071427
18,0.60,0.302293,0.230693,0.071600
19,0.63,0.304374,0.232230,0.072144
20,0.67,0.306181,0.233569,0.072612
21,0.70,0.306169,0.233534,0.072635
22,0.73,0.307170,0.234351,0.072819
23,0.77,0.307377,0.234418,0.072959
24,0.80,0.307576,0.234547,0.073029
25,0.83,0.307015,0.234151,0.072864
26,0.87,0.305024,0.232682,0.072342
27,0.90,0.305228,0.232811,0.072417
28,0.93,0.304314,0.232106,0.072208
29,0.97,0.303968,0.231849,0.072119
30,1.00,0.303825,0.231714,0.072111
31,1.03,0.308658,0.235542,0.073116
32,1.07,0.308438,0.235346,0.073092
33,1.10,0.308135,0.235130,0.073005
34,1.13,0.308953,0.235802,0.073151
35,1.17,0.308622,0.235483,0.073139
36,1.20,0.309660,0.236223,0.073438
37,1.23,0.309907,0.236360,0.073547
38,1.27,0.309575,0.236157,0.073417
39,1.30,0.309970,0.236426,0.073544
40,1.33,0.304358,0.232232,0.072126
41,1.37,0.268048,0.205212,0.062836
42,1.40,0.205648,0.158916,0.046732
43,1.43,0.067660,0.055227,0.012433
44,1.47,0.043552,0.035376,0.008176
45,1.50,0.038460,0.032300,0.006160
46,1.53,0.037457,0.031708,0.005749
47,1.57,0.038065,0.032252,0.005812
48,1.60,0.036424,0.030805,0.005620
49,1.63,0.033351,0.029846,0.003504
50,1.67,0.154882,0.121176,0.033707
51,1.70,0.200748,0.155053,0.045696
52,1.73,0.225625,0.173249,0.052376
53,1.77,0.248343,0.190106,0.058237
54,1.80,0.256070,0.195998,0.060072
55,1.83,0.262154,0.200559,0.061595
56,1.87,0.264855,0.202612,0.062243
57,1.90,0.268427,0.205367,0.063060
58,1.93,0.274330,0.209814,0.064516
59,1.97,0.275559,0.210743,0.064816
60,2.00,0.275771,0.210929,0.064841
61,2.03,0.281233,0.215050,0.066183
62,2.07,0.286504,0.218995,0.067510
63,2.10,0.289312,0.221016,0.068296
64,2.13,0.292755,0.223572,0.069183
65,2.17,0.295268,0.225527,0.069741
66,2.20,0.295937,0.225987,0.069951
67,2.23,0.297296,0.227034,0.070262
68,2.27,0.299498,0.228707,0.070791
69,2.30,0.301854,0.230492,0.071362
70,2.33,0.303961,0.232082,0.071879
71,2.37,0.302138,0.230655,0.071483
72,2.40,0.301263,0.229993,0.071270
73,2.43,0.300735,0.229635,0.071100
74,2.47,0.300439,0.229474,0.070965
75,2.50,0.302021,0.230627,0.071394
76,2.53,0.302822,0.231186,0.071636
77,2.57,0.303679,0.231846,0.071834
78,2.60,0.303056,0.231381,0.071675
79,2.63,0.303436,0.231629,0.071807
80,2.67,0.303707,0.231896,0.071811
81,2.70,0.302167,0.230717,0.071450
82,2.73,0.303817,0.232000,0.071817
83,2.77,0.303214,0.231497,0.071716
84,2.80,0.305541,0.233297,0.072244
85,2.83,0.305598,0.233234,0.072364
86,2.87,0.305748,0.233362,0.072386
87,2.90,0.305948,0.233476,0.072472
88,2.93,0.306905,0.234211,0.072694
89,2.97,0.303092,0.231413,0.071679
90,3.00,0.242002,0.185812,0.056190
91,3.03,0.062893,0.051012,0.011881
92,3.07,0.043587,0.035419,0.008168
93,3.10,0.034465,0.029629,0.004837
94,3.13,0.039194,0.032839,0.006355
95,3.17,0.042339,0.035194,0.007145
96,3.20,0.033429,0.029370,0.004060
97,3.23,0.040400,0.033508,0.006892
98,3.27,0.040218,0.034497,0.005721
99,3.30,0.117314,0.092726,0.024588
100,3.33,0.185086,0.143208,0.041878
101,3.37,0.217924,0.167699,0.050224
102,3.40,0.250077,0.191518,0.058559
103,3.43,0.266033,0.203414,0.062618
104,3.47,0.273282,0.208826,0.064456
105,3.50,0.275250,0.210311,0.064939
106,3.53,0.281381,0.214946,0.066435
107,3.57,0.286884,0.219085,0.067799
108,3.60,0.289118,0.220844,0.068274
109,3.63,0.290737,0.222074,0.068663
110,3.67,0.296217,0.226132,0.070085
111,3.70,0.298926,0.228127,0.070799
112,3.73,0.302999,0.231183,0.071816
113,3.77,0.303109,0.231272,0.071837
114,3.80,0.304877,0.232557,0.072320
115,3.83,0.306639,0.233900,0.072739
116,3.87,0.307262,0.234395,0.072866
117,3.90,0.304220,0.232259,0.071962
118,3.93,0.305314,0.233006,0.072309
119,3.97,0.307701,0.234807,0.072894
120,4.00,0.305405,0.233060,0.072345
121,4.03,0.306508,0.233910,0.072597
122,4.07,0.308192,0.235170,0.073022
123,4.10,0.308810,0.235670,0.073139
124,4.13,0.308370,0.235351,0.073019
125,4.17,0.309959,0.236499,0.073460
126,4.20,0.308953,0.235748,0.073205
127,4.23,0.309368,0.236039,0.073329
128,4.27,0.310541,0.236945,0.073596
129,4.30,0.310662,0.236978,0.073684
130,4.33,0.310668,0.237050,0.073618
131,4.37,0.313696,0.239284,0.074412
132,4.40,0.314113,0.239586,0.074528
133,4.43,0.313528,0.239168,0.074360
134,4.47,0.315525,0.240693,0.074832
135,4.50,0.318033,0.242542,0.075492
136,4.53,0.317289,0.241991,0.075298
137,4.57,0.316095,0.241142,0.074954
138,4.60,0.315490,0.240673,0.074817
139,4.63,0.316854,0.241717,0.075138
140,4.67,0.318858,0.243213,0.075645
141,4.70,0.320447,0.244426,0.076020
142,4.73,0.318574,0.242978,0.075596
143,4.77,0.317564,0.242179,0.075384
144,4.80,0.318890,0.243152,0.075738
145,4.83,0.318661,0.242980,0.075681
146,4.87,0.316766,0.241568,0.075198
147,4.90,0.310939,0.237175,0.073764
148,4.93,0.228820,0.175980,0.052840
149,4.97,0.088632,0.070873,0.017759
150,5.00,0.039480,0.033433,0.006047
151,5.03,0.041884,0.033963,0.007921
152,5.07,0.052800,0.041506,0.011294
153,5.10,0.045361,0.036512,0.008849
154,5.13,0.043915,0.036023,0.007891
155,5.17,0.034358,0.029806,0.004553
156,5.20,0.033795,0.030645,0.003149
157,5.23,0.072885,0.059372,0.013513
158,5.27,0.152673,0.119364,0.033310
159,5.30,0.196907,0.152187,0.044720
160,5.33,0.227063,0.174553,0.052510
161,5.37,0.250055,0.191679,0.058376
162,5.40,0.267304,0.204555,0.062749
163,5.43,0.278672,0.213079,0.065592
164,5.47,0.287174,0.219425,0.067750
165,5.50,0.290568,0.222014,0.068554
166,5.53,0.291956,0.223055,0.068901
167,5.57,0.292017,0.223068,0.068949
168,5.60,0.293440,0.224131,0.069309
169,5.63,0.293963,0.224513,0.069450
170,5.67,0.296583,0.226509,0.070074
171,5.70,0.298393,0.227874,0.070519
172,5.73,0.297536,0.227201,0.070335
173,5.77,0.296335,0.226321,0.070015
174,5.80,0.297272,0.226992,0.070280
175,5.83,0.300563,0.229483,0.071080
176,5.87,0.301222,0.229944,0.071278
177,5.90,0.301941,0.230491,0.071450
178,5.93,0.302343,0.230758,0.071585
179,5.97,0.303237,0.231417,0.071820
180,6.00,0.303610,0.231721,0.071889
181,6.03,0.303539,0.231688,0.071851
182,6.07,0.303093,0.231363,0.071730
183,6.10,0.301333,0.230061,0.071271
184,6.13,0.301691,0.230391,0.071300
185,6.17,0.302967,0.231324,0.071644
186,6.20,0.302297,0.230784,0.071513
187,6.23,0.301709,0.230306,0.071403
188,6.27,0.299539,0.228628,0.070911
189,6.30,0.300270,0.229171,0.071099
190,6.33,0.299693,0.228758,0.070935
191,6.37,0.300030,0.229022,0.071008
192,6.40,0.300356,0.229190,0.071167
193,6.43,0.301541,0.230086,0.071454
194,6.47,0.302916,0.231130,0.071786
195,6.50,0.303970,0.231915,0.072055
196,6.53,0.302931,0.231109,0.071822
197,6.57,0.302129,0.230503,0.071625
198,6.60,0.302529,0.230788,0.071741
199,6.63,0.301602,0.230090,0.071512
200,6.67,0.302031,0.230486,0.071545
201,6.70,0.300772,0.229589,0.071184
202,6.73,0.301867,0.230417,0.071450
203,6.77,0.300139,0.229045,0.071094
204,6.80,0.300413,0.229275,0.071138
205,6.83,0.300322,0.229239,0.071083
206,6.87,0.300131,0.229103,0.071028
207,6.90,0.296577,0.226498,0.070079
208,6.93,0.267623,0.204766,0.062857
209,6.97,0.204596,0.157633,0.046963
210,7.00,0.105723,0.083862,0.021861
211,7.03,0.043644,0.036146,0.007498
212,7.07,0.039227,0.032567,0.006660
213,7.10,0.032328,0.027848,0.004479
214,7.13,0.038215,0.031218,0.006997
215,7.17,0.038274,0.031897,0.006377
216,7.20,0.035628,0.029682,0.005946
217,7.23,0.039279,0.032354,0.006926
218,7.27,0.086430,0.069109,0.017321
219,7.30,0.188032,0.145233,0.042800
220,7.33,0.216864,0.166976,0.049889
221,7.37,0.248513,0.190626,0.057886
222,7.40,0.259534,0.198853,0.060681
223,7.43,0.267111,0.204514,0.062596
224,7.47,0.273133,0.208981,0.064152
225,7.50,0.280903,0.214737,0.066166
226,7.53,0.285063,0.217832,0.067231
227,7.57,0.287115,0.219429,0.067686
228,7.60,0.289909,0.221476,0.068433
229,7.63,0.290342,0.221802,0.068540
230,7.66,0.287453,0.219697,0.067757
231,7.70,0.287075,0.219404,0.067671
232,7.73,0.289625,0.221326,0.068299
233,7.76,0.290269,0.221737,0.068533
234,7.80,0.290888,0.222192,0.068695
235,7.83,0.292289,0.223238,0.069051
236,7.86,0.289335,0.221128,0.068207
237,7.90,0.290129,0.221734,0.068395
238,7.93,0.293772,0.224400,0.069372
239,7.96,0.292446,0.223391,0.069055
240,8.00,0.290812,0.222169,0.068643
241,8.03,0.291515,0.222624,0.068891
242,8.06,0.292820,0.223679,0.069141
243,8.10,0.290090,0.221755,0.068335
244,8.13,0.293042,0.223864,0.069178
245,8.16,0.291553,0.222751,0.068802
246,8.20,0.290861,0.222339,0.068522
247,8.23,0.294170,0.224716,0.069454
248,8.26,0.294118,0.224708,0.069410
249,8.30,0.293441,0.224245,0.069196
250,8.33,0.294941,0.225297,0.069643
251,8.36,0.294653,0.225121,0.069532
252,8.40,0.295556,0.225781,0.069775
253,8.43,0.295482,0.225682,0.069800
254,8.46,0.295234,0.225553,0.069681
255,8.50,0.292713,0.223631,0.069082
256,8.53,0.265155,0.203038,0.062117
257,8.56,0.199962,0.154408,0.045554
258,8.60,0.036339,0.032004,0.004335
259,8.63,0.039508,0.033362,0.006145
260,8.66,0.041182,0.034491,0.006691
261,8.70,0.050296,0.040619,0.009676
262,8.73,0.046363,0.037868,0.008495
263,8.76,0.042344,0.034904,0.007440
264,8.80,0.037031,0.031251,0.005780
265,8.83,0.038111,0.033005,0.005106
266,8.86,0.043579,0.037635,0.005944
267,8.90,0.087574,0.070431,0.017142
268,8.93,0.174634,0.135564,0.039070
269,8.96,0.198093,0.152904,0.045189
270,9.00,0.219670,0.169176,0.050494
271,9.03,0.224525,0.172746,0.051779
272,9.06,0.234762,0.180444,0.054318
273,9.10,0.251523,0.192876,0.058647
274,9.13,0.261731,0.200544,0.061187
275,9.16,0.268571,0.205564,0.063007
276,9.20,0.272159,0.208218,0.063941
277,9.23,0.279038,0.213339,0.065699
278,9.26,0.281299,0.215106,0.066193
279,9.30,0.283645,0.216818,0.066828
280,9.33,0.286048,0.218664,0.067384
281,9.36,0.286665,0.219017,0.067648
282,9.40,0.286717,0.219153,0.067564
283,9.43,0.286718,0.219124,0.067594
284,9.46,0.287063,0.219401,0.067662
285,9.50,0.289248,0.221069,0.068180
286,9.53,0.290898,0.222283,0.068615
287,9.56,0.292284,0.223277,0.069008
288,9.60,0.293646,0.224268,0.069379
289,9.63,0.293913,0.224433,0.069480
290,9.66,0.293457,0.224120,0.069337
291,9.70,0.295862,0.225923,0.069940
292,9.73,0.295033,0.225269,0.069764
293,9.76,0.295047,0.225322,0.069725
294,9.80,0.293937,0.224464,0.069472
295,9.83,0.294545,0.224915,0.069630
296,9.86,0.293050,0.223825,0.069224
297,9.90,0.293774,0.224450,0.069325
298,9.93,0.294174,0.224663,0.069511
299,9.96,0.294959,0.225241,0.069718
300,10.00,0.290609,0.222043,0.068565
301,10.03,0.263249,0.201567,0.061682
302,10.06,0.200067,0.154687,0.045379
303,10.10,0.064658,0.052754,0.011904
304,10.13,0.048036,0.039492,0.008544
305,10.16,0.042589,0.035453,0.007136
306,10.20,0.040688,0.033856,0.006832
307,10.23,0.038640,0.032111,0.006529
308,10.26,0.037171,0.030771,0.006400
309,10.30,0.047430,0.038218,0.009213
310,10.33,0.050054,0.040307,0.009746
311,10.36,0.045722,0.037175,0.008547
312,10.40,0.042032,0.035009,0.007023
313,10.43,0.035958,0.032259,0.003699
314,10.46,0.126861,0.100242,0.026618
315,10.50,0.182008,0.141084,0.040923
316,10.53,0.209429,0.161392,0.048037
317,10.56,0.237499,0.182335,0.055164
318,10.60,0.252566,0.193662,0.058904
319,10.63,0.259495,0.198783,0.060712
320,10.66,0.264255,0.202375,0.061880
321,10.70,0.270589,0.207009,0.063580
322,10.73,0.273037,0.208879,0.064158
323,10.76,0.275826,0.210920,0.064907
324,10.80,0.278715,0.213135,0.065581
325,10.83,0.280612,0.214515,0.066097
326,10.86,0.282366,0.215809,0.066557
327,10.90,0.284950,0.217746,0.067204
328,10.93,0.284504,0.217441,0.067063
329,10.96,0.285794,0.218365,0.067429
330,11.00,0.289822,0.221414,0.068408
331,11.03,0.292389,0.223371,0.069018
332,11.06,0.291734,0.222928,0.068807
333,11.10,0.291954,0.223109,0.068845
334,11.13,0.290627,0.222187,0.068440
335,11.16,0.290284,0.221856,0.068427
336,11.20,0.290318,0.221883,0.068435
337,11.23,0.294463,0.224986,0.069478
338,11.26,0.295992,0.226055,0.069937
339,11.30,0.295392,0.225581,0.069812
340,11.33,0.296773,0.226607,0.070166
341,11.36,0.296141,0.226219,0.069923
342,11.40,0.295869,0.226024,0.069844
343,11.43,0.296333,0.226436,0.069897
344,11.46,0.296338,0.226358,0.069980
345,11.50,0.297276,0.227088,0.070188
346,11.53,0.296334,0.226331,0.070003
347,11.56,0.298655,0.228044,0.070612
348,11.60,0.299687,0.228828,0.070859
349,11.63,0.297870,0.227478,0.070392
350,11.66,0.297739,0.227392,0.070347
351,11.70,0.297390,0.227135,0.070255
352,11.73,0.296905,0.226709,0.070196
353,11.76,0.224658,0.173056,0.051602
354,11.80,0.060938,0.049614,0.011324
355,11.83,0.046650,0.038052,0.008598
356,11.86,0.040353,0.033612,0.006741
357,11.90,0.034840,0.029390,0.005450
358,11.93,0.031614,0.027593,0.004022
359,11.96,0.028593,0.025160,0.003433
360,12.00,0.031067,0.026168,0.004900
361,12.03,0.032879,0.027425,0.005454
362,12.06,0.029965,0.025310,0.004654
363,12.10,0.032957,0.027879,0.005077
364,12.13,0.036723,0.031219,0.005504
365,12.16,0.066540,0.054550,0.011991
366,12.20,0.149689,0.117364,0.032324
367,12.23,0.187176,0.144904,0.042272
368,12.26,0.213108,0.164170,0.048938
369,12.30,0.236372,0.181525,0.054847
370,12.33,0.255098,0.195424,0.059674
371,12.36,0.262027,0.200663,0.061365
372,12.40,0.267575,0.204778,0.062797
373,12.43,0.272391,0.208445,0.063946
374,12.46,0.274436,0.210007,0.064429
375,12.50,0.276645,0.211605,0.065041
376,12.53,0.274945,0.210344,0.064601
377,12.56,0.275945,0.211124,0.064822
378,12.60,0.277656,0.212396,0.065260
379,12.63,0.282356,0.215924,0.066432
380,12.66,0.283188,0.216491,0.066697
381,12.70,0.286048,0.218638,0.067410
382,12.73,0.288420,0.220451,0.067968
383,12.76,0.292951,0.223824,0.069127
384,12.80,0.296122,0.226211,0.069911
385,12.83,0.296278,0.226267,0.070011
386,12.86,0.297182,0.226990,0.070192
387,12.90,0.297495,0.227245,0.070250
388,12.93,0.299712,0.228855,0.070857
389,12.96,0.298609,0.228023,0.070587
390,13.00,0.301601,0.230362,0.071239
391,13.03,0.297015,0.226937,0.070078
392,13.06,0.298718,0.228175,0.070542
393,13.10,0.298824,0.228262,0.070562
394,13.13,0.298662,0.228155,0.070507
395,13.16,0.298137,0.227705,0.070431
396,13.20,0.296917,0.226747,0.070169
397,13.23,0.300423,0.229400,0.071023
398,13.26,0.301805,0.230434,0.071371
399,13.30,0.298476,0.227999,0.070476
400,13.33,0.295728,0.225910,0.069818
401,13.36,0.282253,0.215849,0.066404
402,13.40,0.150263,0.117598,0.032664
403,13.43,0.048838,0.040410,0.008428
404,13.46,0.033959,0.029478,0.004481
405,13.50,0.036018,0.031208,0.004810
406,13.53,0.028283,0.025721,0.002562
407,13.56,0.023038,0.021617,0.001421
408,13.60,0.021229,0.020123,0.001105
409,13.63,0.020922,0.020013,0.000908
410,13.66,0.022672,0.021340,0.001332
411,13.70,0.023776,0.022380,0.001396
412,13.73,0.019090,0.019368,0.000278
413,13.76,0.025250,0.023654,0.001596
414,13.80,0.033256,0.029814,0.003442
415,13.83,0.038127,0.033740,0.004387
416,13.86,0.134859,0.106154,0.028705
417,13.90,0.174785,0.136061,0.038724
418,13.93,0.216558,0.166893,0.049664
419,13.96,0.246895,0.189599,0.057296
420,14.00,0.267924,0.205232,0.062692
421,14.03,0.274586,0.210219,0.064367
422,14.06,0.284972,0.217947,0.067024
423,14.10,0.288655,0.220678,0.067977
424,14.13,0.295054,0.225388,0.069665
425,14.16,0.299963,0.229105,0.070858
426,14.20,0.302777,0.231201,0.071577
427,14.23,0.304146,0.232216,0.071930
428,14.26,0.308677,0.235599,0.073078
429,14.30,0.312001,0.238133,0.073868
430,14.33,0.313661,0.239407,0.074254
431,14.36,0.314093,0.239719,0.074374
432,14.40,0.314635,0.240106,0.074529
433,14.43,0.314657,0.240064,0.074593
434,14.46,0.315645,0.240854,0.074791
435,14.50,0.316033,0.241090,0.074943
436,14.53,0.314647,0.240075,0.074572
437,14.56,0.314294,0.239821,0.074473
438,14.60,0.314704,0.240138,0.074566
439,14.63,0.313914,0.239531,0.074382
440,14.66,0.312948,0.238801,0.074148
441,14.70,0.313401,0.239205,0.074196
442,14.73,0.316684,0.241705,0.074978
443,14.76,0.315456,0.240875,0.074581
444,14.80,0.314443,0.240140,0.074303
445,14.83,0.313197,0.239209,0.073988
446,14.86,0.313807,0.239658,0.074149
447,14.90,0.316287,0.241460,0.074827
448,14.93,0.316343,0.241574,0.074769
449,14.96,0.313217,0.239208,0.074009
450,15.00,0.318802,0.243412,0.075391
451,15.03,0.316595,0.241735,0.074861
452,15.06,0.315275,0.240720,0.074554
453,15.10,0.313658,0.239405,0.074253
454,15.13,0.312626,0.238613,0.074013
455,15.16,0.315340,0.240621,0.074720
456,15.20,0.313742,0.239428,0.074314
457,15.23,0.289991,0.221674,0.068317
458,15.26,0.194963,0.151188,0.043774
459,15.30,0.053142,0.044833,0.008310
460,15.33,0.039573,0.033461,0.006112
461,15.36,0.040035,0.033540,0.006495
462,15.40,0.036975,0.031836,0.005139
463,15.43,0.037466,0.032007,0.005460
464,15.46,0.028612,0.025747,0.002865
465,15.50,0.031303,0.027666,0.003637
466,15.53,0.035689,0.031375,0.004314
467,15.56,0.031812,0.027935,0.003876
468,15.60,0.033082,0.028932,0.004150
469,15.63,0.029610,0.026944,0.002666
470,15.66,0.077839,0.063266,0.014573
471,15.70,0.176358,0.137103,0.039254
472,15.73,0.212991,0.164168,0.048822
473,15.76,0.253633,0.194520,0.059114
474,15.80,0.266955,0.204384,0.062571
475,15.83,0.275454,0.210816,0.064638
476,15.86,0.282552,0.216017,0.066536
477,15.90,0.281809,0.215518,0.066291
478,15.93,0.283772,0.217019,0.066753
479,15.96,0.286724,0.219212,0.067512
480,16.00,0.291424,0.222724,0.068700
481,16.03,0.294224,0.224852,0.069372
482,16.06,0.294626,0.225167,0.069459
483,16.10,0.295721,0.225884,0.069837
484,16.13,0.295538,0.225726,0.069812
485,16.16,0.296736,0.226652,0.070084
486,16.20,0.297910,0.227547,0.070363
487,16.23,0.300606,0.229643,0.070964
488,16.26,0.300707,0.229647,0.071060
489,16.30,0.300595,0.229562,0.071033
490,16.33,0.300425,0.229431,0.070995
491,16.36,0.300357,0.229401,0.070955
492,16.40,0.298911,0.228293,0.070617
493,16.43,0.300707,0.229668,0.071039
494,16.46,0.300428,0.229388,0.071039
495,16.50,0.301378,0.230189,0.071189
496,16.53,0.304038,0.232196,0.071842
497,16.56,0.301541,0.230313,0.071227
498,16.60,0.300664,0.229662,0.071002
499,16.63,0.301416,0.230222,0.071194
500,16.66,0.303328,0.231690,0.071638
501,16.70,0.301043,0.229980,0.071063
502,16.73,0.301183,0.230072,0.071111
503,16.76,0.303520,0.231849,0.071670
504,16.80,0.304149,0.232267,0.071882
505,16.83,0.301684,0.230473,0.071211
506,16.86,0.298721,0.228278,0.070442
507,16.90,0.298014,0.227701,0.070313
508,16.93,0.296659,0.226700,0.069959
509,16.96,0.297317,0.227207,0.070110
510,17.00,0.297831,0.227616,0.070215
511,17.03,0.297729,0.227517,0.070212
512,17.06,0.297594,0.227417,0.070177
513,17.10,0.296980,0.226914,0.070067
514,17.13,0.266261,0.203991,0.062270
515,17.16,0.123801,0.097775,0.026026
516,17.20,0.052671,0.043480,0.009191
517,17.23,0.039420,0.033377,0.006043
518,17.26,0.028498,0.026020,0.002478
519,17.30,0.027222,0.025209,0.002013
520,17.33,0.021292,0.020995,0.000297
521,17.36,0.015703,0.017245,0.001543
522,17.40,0.020680,0.020395,0.000285
523,17.43,0.020633,0.020141,0.000492
524,17.46,0.033733,0.029077,0.004655
525,17.50,0.074757,0.060936,0.013821
526,17.53,0.154250,0.120879,0.033371
527,17.56,0.202835,0.156742,0.046093
528,17.60,0.233571,0.179516,0.054055
529,17.63,0.245336,0.188165,0.057171
530,17.66,0.258967,0.198278,0.060689
531,17.70,0.266585,0.203916,0.062669
532,17.73,0.271646,0.207754,0.063892
533,17.76,0.274645,0.209950,0.064695
534,17.80,0.277240,0.211924,0.065316
535,17.83,0.281950,0.215391,0.066559
536,17.86,0.283135,0.216357,0.066778
537,17.90,0.281883,0.215471,0.066412
538,17.93,0.285749,0.218349,0.067400
539,17.96,0.284132,0.217190,0.066941
540,18.00,0.282144,0.215945,0.066199
541,18.03,0.283162,0.216599,0.066563
542,18.06,0.280724,0.214790,0.065934
543,18.10,0.281008,0.215018,0.065991
544,18.13,0.279600,0.213966,0.065634
545,18.16,0.280581,0.214614,0.065967
546,18.20,0.278912,0.213394,0.065517
547,18.23,0.281545,0.215356,0.066189
548,18.26,0.284002,0.217419,0.066583
549,18.30,0.285778,0.218824,0.066954
550,18.33,0.289670,0.221729,0.067940
551,18.36,0.289442,0.221596,0.067846
552,18.40,0.292355,0.223662,0.068692
553,18.43,0.301988,0.230722,0.071265
554,18.46,0.283481,0.217158,0.066323
555,18.50,0.282200,0.215925,0.066275
556,18.53,0.293288,0.224189,0.069100
