video_name,frame_number,timestamp_ms,valid_deteccion,sphere_center_x,sphere_center_y,sphere_center_z,pupil_center_x,pupil_center_y,gaze_x,gaze_y,gaze_z,ellipse_width,ellipse_height,ellipse_angle,contour_area,yolo_confidence
Venegas_intento_3.mp4,1,33.333,True,300.000,220.000,0.000,374.000,144.000,0.308333,0.316667,-0.897024,65.474,75.205,96.410,3562.5,0.917
Venegas_intento_3.mp4,2,66.667,True,300.000,220.000,0.000,376.000,142.000,0.316667,0.325000,-0.891121,65.494,77.930,115.445,3784.5,0.923
Venegas_intento_3.mp4,3,100.000,True,300.000,220.000,0.000,378.000,138.000,0.325000,0.341667,-0.881838,68.474,87.703,136.917,4460.5,0.930
Venegas_intento_3.mp4,4,133.333,True,300.000,220.000,0.000,377.000,135.000,0.320833,0.354167,-0.878426,68.623,90.385,142.596,4679.5,0.933
Venegas_intento_3.mp4,5,166.667,True,300.000,220.000,0.000,377.000,134.000,0.320833,0.358333,-0.876734,68.838,90.811,142.392,4705.5,0.936
Venegas_intento_3.mp4,6,200.000,True,300.000,220.000,0.000,377.000,134.000,0.320833,0.358333,-0.876734,68.798,90.960,143.338,4732.0,0.934
Venegas_intento_3.mp4,7,233.333,True,300.000,220.000,0.000,377.000,134.000,0.320833,0.358333,-0.876734,69.144,91.855,144.219,4780.0,0.930
Venegas_intento_3.mp4,8,266.667,True,300.000,220.000,0.000,376.000,134.000,0.316667,0.358333,-0.878248,69.315,92.131,143.534,4854.0,0.929
Venegas_intento_3.mp4,9,300.000,True,300.000,220.000,0.000,375.000,134.000,0.312500,0.358333,-0.879739,70.386,92.186,142.291,4894.5,0.932
Venegas_intento_3.mp4,10,333.333,True,300.000,220.000,0.000,382.000,132.000,0.341667,0.366667,-0.865344,61.126,92.398,143.767,4323.0,0.914
Venegas_intento_3.mp4,11,366.667,True,300.000,220.000,0.000,399.000,128.000,0.412500,0.383333,-0.826377,51.553,87.211,144.656,3477.0,0.911
Venegas_intento_3.mp4,12,400.000,True,300.000,220.000,0.000,407.000,125.000,0.445833,0.395833,-0.802838,51.289,87.985,145.213,3473.0,0.910
Venegas_intento_3.mp4,13,433.333,True,300.000,220.000,0.000,407.000,124.000,0.445833,0.400000,-0.800770,51.420,88.661,144.598,3490.5,0.908
Venegas_intento_3.mp4,14,466.667,True,300.000,220.000,0.000,406.000,124.000,0.441667,0.400000,-0.803076,52.005,89.206,144.798,3582.0,0.907
Venegas_intento_3.mp4,15,500.000,True,300.000,220.000,0.000,406.000,124.000,0.441667,0.400000,-0.803076,52.536,89.609,144.321,3609.5,0.905
Venegas_intento_3.mp4,16,533.333,True,300.000,220.000,0.000,406.000,124.000,0.441667,0.400000,-0.803076,52.522,89.990,144.241,3623.5,0.906
Venegas_intento_3.mp4,17,566.667,True,300.000,220.000,0.000,406.000,124.000,0.441667,0.400000,-0.803076,51.813,89.166,145.553,3542.5,0.905
Venegas_intento_3.mp4,18,600.000,True,259.000,226.000,0.000,407.000,124.000,0.616667,0.425000,-0.662644,51.661,89.785,145.983,3537.5,0.908
Venegas_intento_3.mp4,19,633.333,True,259.000,226.000,0.000,398.000,122.000,0.579167,0.433333,-0.690499,59.499,87.643,144.927,3939.0,0.931
Venegas_intento_3.mp4,20,666.667,True,259.000,226.000,0.000,388.000,120.000,0.537500,0.441667,-0.718348,59.642,90.948,141.646,4166.5,0.920
Venegas_intento_3.mp4,21,700.000,True,259.000,226.000,0.000,387.000,120.000,0.533333,0.441667,-0.721447,59.454,91.543,140.811,4130.0,0.915
Venegas_intento_3.mp4,22,733.333,True,259.000,226.000,0.000,386.000,120.000,0.529167,0.441667,-0.724509,59.110,90.188,140.234,4101.5,0.912
Venegas_intento_3.mp4,23,766.667,True,259.000,226.000,0.000,386.000,119.000,0.529167,0.445833,-0.721952,58.764,90.176,140.869,4064.0,0.904
Venegas_intento_3.mp4,24,800.000,True,258.000,226.000,0.000,386.000,118.000,0.533333,0.450000,-0.716279,58.317,89.779,139.882,4016.0,0.906
Venegas_intento_3.mp4,25,833.333,True,257.000,227.000,0.000,386.000,118.000,0.537500,0.454167,-0.710511,57.666,89.481,140.312,3981.0,0.904
Venegas_intento_3.mp4,26,866.667,True,255.000,228.000,0.000,386.000,123.000,0.545833,0.437500,-0.714605,55.011,65.230,87.363,2635.0,0.906
Venegas_intento_3.mp4,27,900.000,True,254.000,229.000,0.000,381.000,127.000,0.529167,0.425000,-0.734410,44.255,69.318,88.323,2260.5,0.904
Venegas_intento_3.mp4,28,933.333,True,253.000,229.000,0.000,374.000,124.000,0.504167,0.437500,-0.744587,59.186,76.876,117.320,3521.5,0.910
Venegas_intento_3.mp4,29,966.667,True,253.000,230.000,0.000,372.000,118.000,0.495833,0.466667,-0.732374,61.046,86.878,130.542,4080.5,0.910
Venegas_intento_3.mp4,30,1000.000,True,252.000,231.000,0.000,371.000,115.000,0.495833,0.483333,-0.721483,60.888,88.616,133.393,4152.0,0.928
Venegas_intento_3.mp4,31,1033.333,True,252.000,231.000,0.000,371.000,115.000,0.495833,0.483333,-0.721483,60.266,88.738,135.030,4119.5,0.925
Venegas_intento_3.mp4,32,1066.667,True,251.000,231.000,0.000,372.000,115.000,0.504167,0.483333,-0.715685,60.059,88.726,136.400,4132.0,0.921
Venegas_intento_3.mp4,33,1100.000,True,251.000,232.000,0.000,374.000,115.000,0.512500,0.487500,-0.706886,59.108,90.458,136.222,4078.0,0.923
Venegas_intento_3.mp4,34,1133.333,True,251.000,232.000,0.000,390.000,118.000,0.579167,0.475000,-0.662526,47.381,90.554,141.527,3345.5,0.906
Venegas_intento_3.mp4,35,1166.667,True,251.000,232.000,0.000,409.000,121.000,0.658333,0.462500,-0.593878,47.983,89.286,143.770,3324.5,0.911
Venegas_intento_3.mp4,36,1200.000,True,251.000,232.000,0.000,412.000,122.000,0.670833,0.458333,-0.583021,47.015,90.065,144.026,3273.0,0.905
Venegas_intento_3.mp4,37,1233.333,True,251.000,232.000,0.000,413.000,122.000,0.675000,0.458333,-0.578192,46.715,91.126,144.597,3290.5,0.903
Venegas_intento_3.mp4,38,1266.667,True,251.000,232.000,0.000,413.000,122.000,0.675000,0.458333,-0.578192,46.751,90.927,144.811,3279.5,0.903
Venegas_intento_3.mp4,39,1300.000,True,251.000,232.000,0.000,414.000,122.000,0.679167,0.458333,-0.573292,46.260,91.120,145.556,3261.0,0.895
Venegas_intento_3.mp4,40,1333.333,True,251.000,232.000,0.000,417.000,123.000,0.691667,0.454167,-0.561542,43.597,91.521,146.588,3070.0,0.869
Venegas_intento_3.mp4,41,1366.667,True,251.000,232.000,0.000,420.000,124.000,0.704167,0.450000,-0.549226,44.444,92.420,145.928,3086.0,0.864
Venegas_intento_3.mp4,42,1400.000,True,251.000,232.000,0.000,420.000,124.000,0.704167,0.450000,-0.549226,43.314,91.576,146.935,3068.0,0.864
Venegas_intento_3.mp4,43,1433.333,True,251.000,232.000,0.000,420.000,124.000,0.704167,0.450000,-0.549226,43.871,91.117,146.338,3066.5,0.863
Venegas_intento_3.mp4,44,1466.667,True,251.000,232.000,0.000,420.000,124.000,0.704167,0.450000,-0.549226,43.791,91.254,146.000,3041.5,0.868
Venegas_intento_3.mp4,45,1500.000,True,251.000,232.000,0.000,420.000,124.000,0.704167,0.450000,-0.549226,43.385,90.822,146.813,3038.0,0.876
Venegas_intento_3.mp4,46,1533.333,True,251.000,232.000,0.000,421.000,124.000,0.708333,0.450000,-0.543842,43.340,90.534,146.916,3023.5,0.866
Venegas_intento_3.mp4,47,1566.667,True,251.000,232.000,0.000,421.000,124.000,0.708333,0.450000,-0.543842,43.483,90.917,146.864,3011.5,0.865
Venegas_intento_3.mp4,48,1600.000,True,251.000,232.000,0.000,418.000,123.000,0.695833,0.454167,-0.556371,45.925,87.528,147.268,3070.5,0.890
Venegas_intento_3.mp4,49,1633.333,True,251.000,232.000,0.000,405.000,122.000,0.641667,0.458333,-0.614975,56.150,91.631,141.842,3901.5,0.921
Venegas_intento_3.mp4,50,1666.667,True,251.000,232.000,0.000,394.000,121.000,0.595833,0.462500,-0.656564,55.851,90.772,140.199,3876.5,0.921
Venegas_intento_3.mp4,51,1700.000,True,251.000,232.000,0.000,394.000,121.000,0.595833,0.462500,-0.656564,55.315,90.640,140.777,3834.0,0.921
Venegas_intento_3.mp4,52,1733.333,True,251.000,232.000,0.000,394.000,121.000,0.595833,0.462500,-0.656564,55.089,90.526,139.922,3839.0,0.922
Venegas_intento_3.mp4,53,1766.667,True,251.000,232.000,0.000,394.000,121.000,0.595833,0.462500,-0.656564,55.517,90.390,140.145,3836.5,0.922
Venegas_intento_3.mp4,54,1800.000,True,251.000,232.000,0.000,394.000,121.000,0.595833,0.462500,-0.656564,55.474,90.303,141.099,3844.0,0.923
Venegas_intento_3.mp4,55,1833.333,True,252.000,232.000,0.000,395.000,120.000,0.595833,0.466667,-0.653609,53.568,91.449,140.249,3735.5,0.920
Venegas_intento_3.mp4,56,1866.667,True,252.000,232.000,0.000,404.000,120.000,0.633333,0.466667,-0.617342,47.528,89.020,142.668,3286.0,0.908
Venegas_intento_3.mp4,57,1900.000,True,252.000,232.000,0.000,410.000,121.000,0.658333,0.462500,-0.593878,47.784,88.898,142.750,3308.0,0.907
Venegas_intento_3.mp4,58,1933.333,True,252.000,232.000,0.000,409.000,121.000,0.654167,0.462500,-0.598464,48.041,88.627,142.312,3310.5,0.907
Venegas_intento_3.mp4,59,1966.667,True,252.000,232.000,0.000,409.000,121.000,0.654167,0.462500,-0.598464,48.970,88.910,141.467,3337.0,0.908
Venegas_intento_3.mp4,60,2000.000,True,252.000,232.000,0.000,408.000,120.000,0.650000,0.466667,-0.599768,48.900,88.324,142.127,3338.0,0.906
Venegas_intento_3.mp4,61,2033.333,True,252.000,232.000,0.000,390.000,119.000,0.575000,0.470833,-0.669097,63.289,86.350,138.469,4226.5,0.922
Venegas_intento_3.mp4,62,2066.667,True,252.000,231.000,0.000,370.000,118.000,0.491667,0.470833,-0.732516,62.934,89.982,133.648,4349.0,0.921
Venegas_intento_3.mp4,63,2100.000,True,252.000,231.000,0.000,369.000,118.000,0.487500,0.470833,-0.735296,62.318,90.140,135.353,4351.0,0.924
Venegas_intento_3.mp4,64,2133.333,True,252.000,231.000,0.000,369.000,117.000,0.487500,0.475000,-0.732611,62.415,90.327,134.393,4361.5,0.924
Venegas_intento_3.mp4,65,2166.667,True,252.000,231.000,0.000,369.000,117.000,0.487500,0.475000,-0.732611,62.564,90.796,135.132,4376.0,0.923
Venegas_intento_3.mp4,66,2200.000,True,252.000,231.000,0.000,369.000,117.000,0.487500,0.475000,-0.732611,62.382,90.662,135.930,4368.5,0.922
Venegas_intento_3.mp4,67,2233.333,True,252.000,231.000,0.000,380.000,118.000,0.533333,0.470833,-0.702760,54.434,91.141,139.688,3835.0,0.919
Venegas_intento_3.mp4,68,2266.667,True,252.000,231.000,0.000,393.000,119.000,0.587500,0.466667,-0.661110,54.726,90.616,140.805,3791.0,0.916
Venegas_intento_3.mp4,69,2300.000,True,252.000,231.000,0.000,395.000,119.000,0.595833,0.466667,-0.653609,54.588,90.288,140.362,3794.5,0.915
Venegas_intento_3.mp4,70,2333.333,True,252.000,231.000,0.000,395.000,119.000,0.595833,0.466667,-0.653609,54.107,90.697,141.398,3797.0,0.916
Venegas_intento_3.mp4,71,2366.667,True,252.000,231.000,0.000,395.000,119.000,0.595833,0.466667,-0.653609,54.418,91.021,140.047,3824.5,0.915
Venegas_intento_3.mp4,72,2400.000,True,252.000,231.000,0.000,394.000,120.000,0.591667,0.462500,-0.660321,54.958,92.501,142.002,3900.0,0.905
Venegas_intento_3.mp4,73,2433.333,False,252.000,231.000,,,,,,,,,,,0.000
Venegas_intento_3.mp4,74,2466.667,True,252.000,231.000,0.000,378.000,135.000,0.525000,0.400000,-0.751249,16.843,48.914,82.495,553.5,0.854
Venegas_intento_3.mp4,75,2500.000,True,253.000,231.000,0.000,364.000,140.000,0.462500,0.379167,-0.801453,47.747,74.970,85.433,2551.5,0.929
Venegas_intento_3.mp4,76,2533.333,True,253.000,231.000,0.000,364.000,126.000,0.462500,0.437500,-0.771160,65.351,80.931,122.403,3977.0,0.929
Venegas_intento_3.mp4,77,2566.667,True,253.000,231.000,0.000,361.000,119.000,0.450000,0.466667,-0.761395,66.078,90.527,131.227,4511.5,0.933
Venegas_intento_3.mp4,78,2600.000,True,253.000,231.000,0.000,360.000,118.000,0.445833,0.470833,-0.761281,65.584,90.473,134.502,4529.5,0.931
Venegas_intento_3.mp4,79,2633.333,True,253.000,231.000,0.000,362.000,118.000,0.454167,0.470833,-0.756339,64.841,89.796,136.772,4495.5,0.930
Venegas_intento_3.mp4,80,2666.667,True,253.000,231.000,0.000,366.000,118.000,0.470833,0.470833,-0.746078,61.562,91.541,135.978,4368.0,0.919
Venegas_intento_3.mp4,81,2700.000,True,253.000,231.000,0.000,375.000,118.000,0.508333,0.470833,-0.721050,60.935,88.836,139.279,4237.0,0.929
Venegas_intento_3.mp4,82,2733.333,True,253.000,231.000,0.000,381.000,119.000,0.533333,0.466667,-0.705534,60.516,89.473,139.365,4215.5,0.925
Venegas_intento_3.mp4,83,2766.667,True,253.000,231.000,0.000,381.000,119.000,0.533333,0.466667,-0.705534,60.451,89.125,140.785,4170.5,0.926
Venegas_intento_3.mp4,84,2800.000,True,253.000,231.000,0.000,382.000,119.000,0.537500,0.466667,-0.702365,60.327,89.575,139.864,4177.0,0.922
Venegas_intento_3.mp4,85,2833.333,True,253.000,231.000,0.000,382.000,118.000,0.537500,0.470833,-0.699578,60.494,89.083,139.533,4167.0,0.919
Venegas_intento_3.mp4,86,2866.667,True,253.000,231.000,0.000,383.000,118.000,0.541667,0.470833,-0.696357,60.211,89.599,140.368,4163.5,0.917
Venegas_intento_3.mp4,87,2900.000,True,253.000,231.000,0.000,383.000,118.000,0.541667,0.470833,-0.696357,60.104,89.611,141.181,4171.5,0.915
Venegas_intento_3.mp4,88,2933.333,True,253.000,231.000,0.000,384.000,118.000,0.545833,0.470833,-0.693096,60.112,89.461,141.182,4170.5,0.917
Venegas_intento_3.mp4,89,2966.667,True,253.000,231.000,0.000,385.000,118.000,0.550000,0.470833,-0.689794,59.997,90.426,140.426,4208.5,0.918
Venegas_intento_3.mp4,90,3000.000,True,253.000,231.000,0.000,385.000,118.000,0.550000,0.470833,-0.689794,59.307,90.043,140.829,4167.0,0.908
Venegas_intento_3.mp4,91,3033.333,True,253.000,231.000,0.000,382.000,119.000,0.537500,0.466667,-0.702365,62.520,90.965,137.865,4377.0,0.930
Venegas_intento_3.mp4,92,3066.667,True,253.000,231.000,0.000,379.000,120.000,0.525000,0.462500,-0.714471,61.398,90.032,137.809,4303.5,0.927
Venegas_intento_3.mp4,93,3100.000,True,253.000,231.000,0.000,379.000,120.000,0.525000,0.462500,-0.714471,61.404,89.564,138.602,4268.5,0.929
Venegas_intento_3.mp4,94,3133.333,True,253.000,231.000,0.000,380.000,120.000,0.529167,0.462500,-0.711390,60.818,89.851,138.369,4255.0,0.927
Venegas_intento_3.mp4,95,3166.667,True,253.000,231.000,0.000,381.000,120.000,0.533333,0.462500,-0.708272,60.837,89.759,138.378,4237.0,0.923
Venegas_intento_3.mp4,96,3200.000,True,253.000,231.000,0.000,381.000,120.000,0.533333,0.462500,-0.708272,60.567,89.347,138.333,4209.5,0.923
Venegas_intento_3.mp4,97,3233.333,True,253.000,231.000,0.000,384.000,119.000,0.545833,0.466667,-0.695908,57.665,88.400,139.461,3965.0,0.911
Venegas_intento_3.mp4,98,3266.667,True,253.000,231.000,0.000,388.000,119.000,0.562500,0.466667,-0.682507,57.685,88.499,139.514,3963.0,0.911
Venegas_intento_3.mp4,99,3300.000,True,253.000,231.000,0.000,388.000,119.000,0.562500,0.466667,-0.682507,57.602,88.350,139.900,3952.0,0.914
Venegas_intento_3.mp4,100,3333.333,True,254.000,231.000,0.000,388.000,119.000,0.558333,0.466667,-0.685920,57.446,88.391,139.912,3950.5,0.913
Venegas_intento_3.mp4,101,3366.667,True,254.000,231.000,0.000,388.000,119.000,0.558333,0.466667,-0.685920,57.689,87.977,139.130,3949.5,0.914
Venegas_intento_3.mp4,102,3400.000,True,254.000,231.000,0.000,387.000,119.000,0.554167,0.466667,-0.689291,57.295,88.220,139.055,3929.5,0.909
Venegas_intento_3.mp4,103,3433.333,True,254.000,231.000,0.000,387.000,119.000,0.554167,0.466667,-0.689291,57.099,87.661,138.843,3917.0,0.906
Venegas_intento_3.mp4,104,3466.667,True,254.000,231.000,0.000,387.000,119.000,0.554167,0.466667,-0.689291,57.171,87.661,139.022,3903.0,0.902
Venegas_intento_3.mp4,105,3500.000,True,254.000,231.000,0.000,387.000,119.000,0.554167,0.466667,-0.689291,57.218,87.038,138.717,3876.0,0.904
Venegas_intento_3.mp4,106,3533.333,True,254.000,231.000,0.000,386.000,119.000,0.550000,0.466667,-0.692620,56.870,87.104,138.893,3869.5,0.910
Venegas_intento_3.mp4,107,3566.667,True,254.000,231.000,0.000,386.000,118.000,0.550000,0.470833,-0.689794,56.884,87.018,138.913,3863.0,0.911
Venegas_intento_3.mp4,108,3600.000,True,254.000,231.000,0.000,386.000,118.000,0.550000,0.470833,-0.689794,57.440,86.388,139.228,3875.0,0.917
Venegas_intento_3.mp4,109,3633.333,True,254.000,231.000,0.000,376.000,118.000,0.508333,0.470833,-0.721050,62.093,87.728,135.921,4154.0,0.926
Venegas_intento_3.mp4,110,3666.667,True,254.000,231.000,0.000,367.000,118.000,0.470833,0.470833,-0.746078,61.321,88.561,135.676,4166.0,0.922
Venegas_intento_3.mp4,111,3700.000,True,254.000,231.000,0.000,367.000,118.000,0.470833,0.470833,-0.746078,61.211,88.261,136.753,4179.5,0.924
Venegas_intento_3.mp4,112,3733.333,True,254.000,231.000,0.000,368.000,119.000,0.475000,0.466667,-0.746054,61.848,88.081,137.802,4220.5,0.925
Venegas_intento_3.mp4,113,3766.667,True,254.000,231.000,0.000,367.000,118.000,0.470833,0.470833,-0.746078,61.643,88.832,136.774,4210.0,0.927
Venegas_intento_3.mp4,114,3800.000,True,254.000,231.000,0.000,367.000,118.000,0.470833,0.470833,-0.746078,61.728,89.221,136.835,4240.5,0.926
Venegas_intento_3.mp4,115,3833.333,True,254.000,231.000,0.000,367.000,118.000,0.470833,0.470833,-0.746078,62.261,88.865,137.112,4251.5,0.925
Venegas_intento_3.mp4,116,3866.667,True,254.000,231.000,0.000,367.000,118.000,0.470833,0.470833,-0.746078,62.254,88.998,136.084,4272.0,0.926
Venegas_intento_3.mp4,117,3900.000,True,254.000,231.000,0.000,367.000,118.000,0.470833,0.470833,-0.746078,61.935,89.540,137.522,4284.5,0.925
Venegas_intento_3.mp4,118,3933.333,True,254.000,231.000,0.000,367.000,118.000,0.470833,0.470833,-0.746078,61.984,90.671,135.889,4269.0,0.922
Venegas_intento_3.mp4,119,3966.667,True,254.000,231.000,0.000,375.000,119.000,0.504167,0.466667,-0.726662,58.559,88.938,139.368,4035.5,0.914
Venegas_intento_3.mp4,120,4000.000,True,254.000,231.000,0.000,383.000,120.000,0.537500,0.462500,-0.705115,59.302,88.382,140.339,4077.5,0.914
Venegas_intento_3.mp4,121,4033.333,True,254.000,231.000,0.000,383.000,120.000,0.537500,0.462500,-0.705115,59.311,88.403,139.366,4077.0,0.916
Venegas_intento_3.mp4,122,4066.667,True,254.000,231.000,0.000,383.000,120.000,0.537500,0.462500,-0.705115,59.705,89.171,140.001,4131.0,0.919
Venegas_intento_3.mp4,123,4100.000,True,254.000,231.000,0.000,382.000,119.000,0.533333,0.466667,-0.705534,59.805,89.236,139.892,4140.5,0.922
Venegas_intento_3.mp4,124,4133.333,True,254.000,231.000,0.000,382.000,119.000,0.533333,0.466667,-0.705534,59.921,89.279,138.695,4153.0,0.921
Venegas_intento_3.mp4,125,4166.667,True,254.000,231.000,0.000,383.000,119.000,0.537500,0.466667,-0.702365,59.081,89.641,139.758,4117.5,0.913
Venegas_intento_3.mp4,126,4200.000,True,254.000,231.000,0.000,385.000,119.000,0.545833,0.466667,-0.695908,59.261,89.394,140.700,4113.5,0.905
Venegas_intento_3.mp4,127,4233.333,True,254.000,231.000,0.000,386.000,119.000,0.550000,0.466667,-0.692620,59.300,89.463,140.459,4112.5,0.905
Venegas_intento_3.mp4,128,4266.667,True,254.000,231.000,0.000,386.000,119.000,0.550000,0.466667,-0.692620,59.315,89.663,140.825,4113.5,0.906
Venegas_intento_3.mp4,129,4300.000,True,254.000,231.000,0.000,386.000,119.000,0.550000,0.466667,-0.692620,59.250,89.882,141.178,4137.5,0.909
Venegas_intento_3.mp4,130,4333.333,True,254.000,231.000,0.000,371.000,119.000,0.487500,0.466667,-0.737947,66.189,88.246,137.843,4412.0,0.923
Venegas_intento_3.mp4,131,4366.667,True,254.000,231.000,0.000,353.000,119.000,0.412500,0.466667,-0.782346,67.830,91.926,131.247,4643.0,0.933
Venegas_intento_3.mp4,132,4400.000,True,254.000,231.000,0.000,350.000,119.000,0.400000,0.466667,-0.788811,67.492,92.608,132.633,4669.5,0.934
Venegas_intento_3.mp4,133,4433.333,True,254.000,231.000,0.000,350.000,119.000,0.400000,0.466667,-0.788811,68.379,92.594,131.760,4692.0,0.928
Venegas_intento_3.mp4,134,4466.667,True,254.000,231.000,0.000,350.000,119.000,0.400000,0.466667,-0.788811,68.078,93.010,132.557,4750.5,0.926
Venegas_intento_3.mp4,135,4500.000,True,254.000,231.000,0.000,350.000,119.000,0.400000,0.466667,-0.788811,68.438,93.116,132.470,4737.5,0.926
Venegas_intento_3.mp4,136,4533.333,True,254.000,231.000,0.000,351.000,119.000,0.404167,0.466667,-0.786684,67.950,93.327,131.113,4748.0,0.924
Venegas_intento_3.mp4,137,4566.667,True,254.000,231.000,0.000,351.000,119.000,0.404167,0.466667,-0.786684,67.385,93.082,134.038,4695.5,0.922
Venegas_intento_3.mp4,138,4600.000,True,254.000,231.000,0.000,351.000,118.000,0.404167,0.470833,-0.784197,67.243,93.609,132.935,4699.0,0.923
Venegas_intento_3.mp4,139,4633.333,True,254.000,231.000,0.000,361.000,120.000,0.445833,0.462500,-0.766372,60.973,95.561,141.160,4487.0,0.920
Venegas_intento_3.mp4,140,4666.667,True,254.000,231.000,0.000,391.000,129.000,0.570833,0.425000,-0.702513,54.209,95.649,148.234,4027.0,0.891
Venegas_intento_3.mp4,141,4700.000,True,254.000,231.000,0.000,414.000,136.000,0.666667,0.395833,-0.631563,53.345,93.289,150.519,3847.0,0.882
Venegas_intento_3.mp4,142,4733.333,True,254.000,231.000,0.000,417.000,137.000,0.679167,0.391667,-0.620749,52.991,93.113,151.293,3830.5,0.878
Venegas_intento_3.mp4,143,4766.667,True,254.000,231.000,0.000,416.000,136.000,0.675000,0.395833,-0.622648,53.363,92.507,150.755,3834.5,0.878
Venegas_intento_3.mp4,144,4800.000,True,254.000,231.000,0.000,415.000,136.000,0.670833,0.395833,-0.627135,53.693,93.343,150.786,3882.0,0.879
Venegas_intento_3.mp4,145,4833.333,True,254.000,231.000,0.000,414.000,135.000,0.666667,0.400000,-0.628932,54.279,92.468,149.463,3902.5,0.882
Venegas_intento_3.mp4,146,4866.667,True,254.000,231.000,0.000,413.000,135.000,0.662500,0.400000,-0.633320,55.003,92.818,149.068,3961.5,0.886
Venegas_intento_3.mp4,147,4900.000,True,254.000,231.000,0.000,412.000,135.000,0.658333,0.400000,-0.637650,55.148,92.593,148.814,3966.0,0.895
Venegas_intento_3.mp4,148,4933.333,True,254.000,231.000,0.000,412.000,134.000,0.658333,0.404167,-0.635017,55.124,91.420,148.423,3927.5,0.899
Venegas_intento_3.mp4,149,4966.667,True,254.000,231.000,0.000,403.000,132.000,0.620833,0.412500,-0.666641,61.682,84.440,150.246,4048.0,0.914
Venegas_intento_3.mp4,150,5000.000,True,254.000,231.000,0.000,377.000,128.000,0.512500,0.429167,-0.743747,65.964,90.269,133.060,4553.5,0.930
Venegas_intento_3.mp4,151,5033.333,True,254.000,231.000,0.000,360.000,124.000,0.441667,0.445833,-0.778565,65.791,89.836,132.828,4525.5,0.931
Venegas_intento_3.mp4,152,5066.667,True,254.000,231.000,0.000,360.000,124.000,0.441667,0.445833,-0.778565,65.346,89.230,133.533,4469.5,0.933
Venegas_intento_3.mp4,153,5100.000,True,254.000,231.000,0.000,360.000,124.000,0.441667,0.445833,-0.778565,65.109,88.508,133.071,4423.5,0.932
Venegas_intento_3.mp4,154,5133.333,True,254.000,231.000,0.000,360.000,123.000,0.441667,0.450000,-0.776164,65.217,88.622,132.976,4424.0,0.931
Venegas_intento_3.mp4,155,5166.667,True,254.000,231.000,0.000,361.000,123.000,0.445833,0.450000,-0.773778,65.871,88.317,132.754,4434.0,0.932
Venegas_intento_3.mp4,156,5200.000,True,254.000,231.000,0.000,363.000,123.000,0.454167,0.450000,-0.768917,62.867,89.926,134.789,4366.5,0.926
Venegas_intento_3.mp4,157,5233.333,True,254.000,231.000,0.000,384.000,127.000,0.541667,0.433333,-0.720291,53.615,89.384,144.338,3701.5,0.902
Venegas_intento_3.mp4,158,5266.667,True,254.000,231.000,0.000,406.000,131.000,0.633333,0.416667,-0.652133,53.786,86.750,146.581,3644.0,0.913
Venegas_intento_3.mp4,159,5300.000,True,254.000,231.000,0.000,408.000,132.000,0.641667,0.412500,-0.646612,54.081,87.607,146.501,3678.0,0.912
Venegas_intento_3.mp4,160,5333.333,True,254.000,231.000,0.000,407.000,131.000,0.637500,0.416667,-0.648061,54.124,87.940,146.672,3709.5,0.912
Venegas_intento_3.mp4,161,5366.667,True,254.000,231.000,0.000,406.000,131.000,0.633333,0.416667,-0.652133,54.661,88.735,147.014,3772.5,0.913
Venegas_intento_3.mp4,162,5400.000,True,254.000,231.000,0.000,406.000,131.000,0.633333,0.416667,-0.652133,55.343,88.950,146.716,3828.0,0.914
Venegas_intento_3.mp4,163,5433.333,True,254.000,231.000,0.000,405.000,131.000,0.629167,0.416667,-0.656154,55.785,89.525,146.805,3852.5,0.916
Venegas_intento_3.mp4,164,5466.667,True,254.000,231.000,0.000,404.000,131.000,0.625000,0.416667,-0.660124,56.350,90.524,146.315,3935.0,0.912
Venegas_intento_3.mp4,165,5500.000,True,254.000,231.000,0.000,404.000,131.000,0.625000,0.416667,-0.660124,57.156,91.372,146.264,4002.0,0.904
Venegas_intento_3.mp4,166,5533.333,True,254.000,231.000,0.000,403.000,131.000,0.620833,0.416667,-0.664044,57.860,91.601,146.145,4125.0,0.897
Venegas_intento_3.mp4,167,5566.667,True,254.000,231.000,0.000,411.000,133.000,0.654167,0.408333,-0.636655,49.277,92.876,150.587,3545.5,0.870
Venegas_intento_3.mp4,168,5600.000,True,254.000,231.000,0.000,421.000,137.000,0.695833,0.391667,-0.602008,49.899,92.391,152.838,3548.5,0.889
Venegas_intento_3.mp4,169,5633.333,True,254.000,231.000,0.000,421.000,138.000,0.695833,0.387500,-0.604698,51.159,92.409,151.993,3616.5,0.891
Venegas_intento_3.mp4,170,5666.667,True,254.000,231.000,0.000,420.000,137.000,0.691667,0.391667,-0.606790,51.280,93.463,152.482,3672.5,0.889
Venegas_intento_3.mp4,171,5700.000,True,254.000,231.000,0.000,419.000,137.000,0.687500,0.391667,-0.611507,52.367,92.472,151.961,3743.0,0.883
Venegas_intento_3.mp4,172,5733.333,True,254.000,231.000,0.000,418.000,137.000,0.683333,0.391667,-0.616160,52.942,93.063,151.161,3804.5,0.882
Venegas_intento_3.mp4,173,5766.667,True,254.000,231.000,0.000,411.000,136.000,0.654167,0.395833,-0.644501,59.857,90.042,152.749,4192.0,0.909
Venegas_intento_3.mp4,174,5800.000,True,254.000,231.000,0.000,399.000,135.000,0.604167,0.400000,-0.689190,62.629,94.118,147.700,4611.5,0.921
Venegas_intento_3.mp4,175,5833.333,True,254.000,231.000,0.000,393.000,134.000,0.579167,0.404167,-0.707966,63.807,94.617,147.208,4698.5,0.923
Venegas_intento_3.mp4,176,5866.667,True,254.000,231.000,0.000,391.000,134.000,0.570833,0.404167,-0.714702,64.234,94.417,147.486,4711.0,0.924
Venegas_intento_3.mp4,177,5900.000,True,254.000,231.000,0.000,389.000,134.000,0.562500,0.404167,-0.721279,64.737,94.291,146.027,4761.5,0.922
Venegas_intento_3.mp4,178,5933.333,True,254.000,231.000,0.000,388.000,133.000,0.558333,0.408333,-0.722169,64.624,93.841,146.222,4734.0,0.917
Venegas_intento_3.mp4,179,5966.667,True,254.000,231.000,0.000,387.000,133.000,0.554167,0.408333,-0.725371,64.618,93.671,145.978,4697.5,0.908
Venegas_intento_3.mp4,180,6000.000,True,254.000,231.000,0.000,386.000,132.000,0.550000,0.412500,-0.726184,64.483,93.340,145.299,4672.5,0.902
Venegas_intento_3.mp4,181,6033.333,True,254.000,231.000,0.000,386.000,132.000,0.550000,0.412500,-0.726184,64.165,92.628,145.530,4638.0,0.904
Venegas_intento_3.mp4,182,6066.667,True,254.000,231.000,0.000,385.000,132.000,0.545833,0.412500,-0.729321,64.365,92.963,144.448,4634.5,0.905
Venegas_intento_3.mp4,183,6100.000,True,254.000,231.000,0.000,385.000,132.000,0.545833,0.412500,-0.729321,64.258,93.345,144.444,4618.0,0.908
Venegas_intento_3.mp4,184,6133.333,True,254.000,231.000,0.000,385.000,131.000,0.545833,0.416667,-0.726949,64.521,92.708,144.275,4639.0,0.909
Venegas_intento_3.mp4,185,6166.667,True,254.000,231.000,0.000,385.000,131.000,0.545833,0.416667,-0.726949,64.590,94.057,142.877,4709.0,0.909
Venegas_intento_3.mp4,186,6200.000,True,254.000,231.000,0.000,385.000,131.000,0.545833,0.416667,-0.726949,65.099,93.905,144.162,4759.5,0.910
Venegas_intento_3.mp4,187,6233.333,True,254.000,231.000,0.000,385.000,131.000,0.545833,0.416667,-0.726949,64.686,94.444,144.751,4768.5,0.906
Venegas_intento_3.mp4,188,6266.667,True,254.000,231.000,0.000,386.000,131.000,0.550000,0.416667,-0.723802,65.129,94.728,144.473,4792.0,0.903
Venegas_intento_3.mp4,189,6300.000,True,254.000,231.000,0.000,387.000,131.000,0.554167,0.416667,-0.720617,64.725,95.438,144.672,4786.5,0.911
Venegas_intento_3.mp4,190,6333.333,True,254.000,231.000,0.000,388.000,131.000,0.558333,0.416667,-0.717393,64.389,95.717,145.653,4781.5,0.918
Venegas_intento_3.mp4,191,6366.667,True,254.000,231.000,0.000,388.000,131.000,0.558333,0.416667,-0.717393,64.137,95.811,145.752,4779.5,0.924
Venegas_intento_3.mp4,192,6400.000,True,254.000,231.000,0.000,396.000,134.000,0.591667,0.404167,-0.697553,61.635,99.143,148.557,4738.5,0.906
Venegas_intento_3.mp4,193,6433.333,True,254.000,231.000,0.000,404.000,138.000,0.625000,0.387500,-0.677657,61.960,96.939,149.539,4670.0,0.911
Venegas_intento_3.mp4,194,6466.667,True,254.000,231.000,0.000,405.000,139.000,0.629167,0.383333,-0.676169,61.675,96.909,149.757,4640.0,0.914
Venegas_intento_3.mp4,195,6500.000,True,254.000,231.000,0.000,406.000,139.000,0.633333,0.383333,-0.672268,60.964,96.350,150.807,4618.0,0.914
Venegas_intento_3.mp4,196,6533.333,True,254.000,231.000,0.000,407.000,139.000,0.637500,0.383333,-0.668318,60.879,96.219,150.987,4563.5,0.916
Venegas_intento_3.mp4,197,6566.667,True,254.000,231.000,0.000,408.000,139.000,0.641667,0.383333,-0.664319,60.046,96.376,151.270,4508.5,0.915
Venegas_intento_3.mp4,198,6600.000,True,254.000,231.000,0.000,408.000,139.000,0.641667,0.383333,-0.664319,59.944,96.124,151.887,4463.0,0.916
Venegas_intento_3.mp4,199,6633.333,True,254.000,231.000,0.000,409.000,139.000,0.645833,0.383333,-0.660269,59.495,96.454,151.884,4458.0,0.913
Venegas_intento_3.mp4,200,6666.667,True,254.000,231.000,0.000,404.000,140.000,0.625000,0.379167,-0.682354,65.386,96.866,149.569,4917.0,0.924
Venegas_intento_3.mp4,201,6700.000,True,254.000,231.000,0.000,399.000,139.000,0.604167,0.383333,-0.698597,63.856,97.043,149.733,4819.0,0.921
Venegas_intento_3.mp4,202,6733.333,True,254.000,231.000,0.000,400.000,139.000,0.608333,0.383333,-0.694972,63.683,97.270,149.777,4816.5,0.916
Venegas_intento_3.mp4,203,6766.667,True,254.000,231.000,0.000,401.000,140.000,0.612500,0.379167,-0.693597,63.499,97.215,150.181,4795.5,0.913
Venegas_intento_3.mp4,204,6800.000,True,254.000,231.000,0.000,405.000,140.000,0.629167,0.379167,-0.678515,60.092,97.626,150.814,4583.0,0.915
Venegas_intento_3.mp4,205,6833.333,True,254.000,231.000,0.000,411.000,141.000,0.654167,0.375000,-0.656842,58.353,95.973,152.987,4355.0,0.897
Venegas_intento_3.mp4,206,6866.667,True,254.000,231.000,0.000,414.000,142.000,0.666667,0.370833,-0.646559,57.733,96.083,152.979,4315.0,0.899
Venegas_intento_3.mp4,207,6900.000,True,254.000,231.000,0.000,416.000,142.000,0.675000,0.370833,-0.637854,56.968,95.132,153.689,4240.5,0.902
Venegas_intento_3.mp4,208,6933.333,True,254.000,231.000,0.000,417.000,142.000,0.679167,0.370833,-0.633416,56.708,95.507,153.926,4203.5,0.903
Venegas_intento_3.mp4,209,6966.667,True,254.000,231.000,0.000,418.000,142.000,0.683333,0.370833,-0.628918,56.120,94.980,154.280,4139.0,0.901
Venegas_intento_3.mp4,210,7000.000,True,254.000,231.000,0.000,419.000,142.000,0.687500,0.370833,-0.624361,55.500,94.801,154.535,4095.0,0.901
Venegas_intento_3.mp4,211,7033.333,True,254.000,231.000,0.000,420.000,143.000,0.691667,0.366667,-0.622216,55.101,94.962,154.730,4070.5,0.903
Venegas_intento_3.mp4,212,7066.667,True,254.000,231.000,0.000,421.000,143.000,0.695833,0.366667,-0.617553,54.715,94.718,155.218,4041.0,0.896
Venegas_intento_3.mp4,213,7100.000,True,254.000,231.000,0.000,422.000,143.000,0.700000,0.366667,-0.612826,53.825,94.990,155.160,3992.0,0.894
Venegas_intento_3.mp4,214,7133.333,True,254.000,231.000,0.000,425.000,144.000,0.712500,0.362500,-0.600781,51.933,94.853,155.859,3818.0,0.874
Venegas_intento_3.mp4,215,7166.667,True,254.000,231.000,0.000,427.000,145.000,0.720833,0.358333,-0.593293,51.109,94.170,155.999,3756.5,0.868
Venegas_intento_3.mp4,216,7200.000,True,254.000,231.000,0.000,428.000,145.000,0.725000,0.358333,-0.588194,50.936,94.444,156.677,3733.0,0.864
Venegas_intento_3.mp4,217,7233.333,True,254.000,231.000,0.000,428.000,145.000,0.725000,0.358333,-0.588194,50.158,94.217,156.510,3678.0,0.856
Venegas_intento_3.mp4,218,7266.667,True,254.000,231.000,0.000,429.000,146.000,0.729167,0.354167,-0.585561,49.903,94.798,156.682,3640.5,0.852
Venegas_intento_3.mp4,219,7300.000,True,254.000,231.000,0.000,429.000,146.000,0.729167,0.354167,-0.585561,49.349,93.481,156.214,3577.0,0.851
Venegas_intento_3.mp4,220,7333.333,True,254.000,231.000,0.000,430.000,146.000,0.733333,0.354167,-0.580335,48.487,93.037,156.680,3498.5,0.842
Venegas_intento_3.mp4,221,7366.667,True,254.000,231.000,0.000,424.000,144.000,0.708333,0.362500,-0.605688,54.211,92.174,153.777,3894.5,0.898
Venegas_intento_3.mp4,222,7400.000,True,254.000,231.000,0.000,419.000,142.000,0.687500,0.370833,-0.624361,52.633,91.688,154.615,3756.0,0.892
Venegas_intento_3.mp4,223,7433.333,True,254.000,231.000,0.000,420.000,142.000,0.691667,0.370833,-0.619742,52.248,91.218,154.959,3721.0,0.892
Venegas_intento_3.mp4,224,7466.667,True,254.000,231.000,0.000,420.000,142.000,0.691667,0.370833,-0.619742,52.073,91.066,154.974,3698.0,0.891
Venegas_intento_3.mp4,225,7500.000,True,254.000,231.000,0.000,420.000,142.000,0.691667,0.370833,-0.619742,51.880,91.100,154.736,3686.0,0.891
Venegas_intento_3.mp4,226,7533.333,True,254.000,231.000,0.000,421.000,142.000,0.695833,0.370833,-0.615060,52.097,90.747,154.874,3690.0,0.891
Venegas_intento_3.mp4,227,7566.667,True,254.000,231.000,0.000,421.000,142.000,0.695833,0.370833,-0.615060,52.353,90.984,155.389,3702.0,0.891
Venegas_intento_3.mp4,228,7600.000,True,254.000,231.000,0.000,421.000,143.000,0.695833,0.366667,-0.617553,52.378,91.442,155.513,3716.0,0.891
Venegas_intento_3.mp4,229,7633.333,True,254.000,231.000,0.000,420.000,143.000,0.691667,0.366667,-0.622216,52.556,91.773,154.964,3756.5,0.890
Venegas_intento_3.mp4,230,7666.667,True,254.000,231.000,0.000,420.000,143.000,0.691667,0.366667,-0.622216,52.852,92.018,154.866,3775.0,0.892
Venegas_intento_3.mp4,231,7700.000,True,254.000,231.000,0.000,415.000,142.000,0.670833,0.370833,-0.642235,57.658,90.031,157.993,4053.5,0.904
Venegas_intento_3.mp4,232,7733.333,True,254.000,231.000,0.000,403.000,141.000,0.620833,0.375000,-0.688434,62.762,94.633,150.714,4630.5,0.919
Venegas_intento_3.mp4,233,7766.667,True,254.000,231.000,0.000,396.000,140.000,0.591667,0.379167,-0.711451,63.448,95.024,150.074,4691.0,0.921
Venegas_intento_3.mp4,234,7800.000,True,254.000,231.000,0.000,396.000,140.000,0.591667,0.379167,-0.711451,63.930,94.794,149.861,4735.5,0.923
Venegas_intento_3.mp4,235,7833.333,True,254.000,231.000,0.000,395.000,139.000,0.587500,0.383333,-0.712671,64.129,95.042,149.875,4776.0,0.925
Venegas_intento_3.mp4,236,7866.667,True,254.000,231.000,0.000,395.000,139.000,0.587500,0.383333,-0.712671,63.823,95.658,150.106,4774.5,0.928
Venegas_intento_3.mp4,237,7900.000,True,254.000,231.000,0.000,395.000,139.000,0.587500,0.383333,-0.712671,64.543,95.370,149.310,4800.0,0.930
Venegas_intento_3.mp4,238,7933.333,True,254.000,231.000,0.000,394.000,139.000,0.583333,0.383333,-0.716085,64.786,95.298,149.624,4816.0,0.930
Venegas_intento_3.mp4,239,7966.667,True,254.000,231.000,0.000,394.000,138.000,0.583333,0.387500,-0.713839,64.384,95.760,150.222,4807.0,0.931
Venegas_intento_3.mp4,240,8000.000,True,254.000,231.000,0.000,394.000,138.000,0.583333,0.387500,-0.713839,64.154,95.714,150.640,4806.5,0.931
Venegas_intento_3.mp4,241,8033.333,True,254.000,231.000,0.000,394.000,138.000,0.583333,0.387500,-0.713839,64.175,95.020,150.475,4785.5,0.929
Venegas_intento_3.mp4,242,8066.667,True,254.000,231.000,0.000,394.000,138.000,0.583333,0.387500,-0.713839,64.804,95.149,150.016,4800.5,0.929
Venegas_intento_3.mp4,243,8100.000,True,254.000,231.000,0.000,394.000,138.000,0.583333,0.387500,-0.713839,64.522,94.941,149.806,4754.5,0.930
Venegas_intento_3.mp4,244,8133.333,True,254.000,231.000,0.000,394.000,138.000,0.583333,0.387500,-0.713839,64.334,94.760,149.761,4755.5,0.931
Venegas_intento_3.mp4,245,8166.667,True,254.000,231.000,0.000,394.000,138.000,0.583333,0.387500,-0.713839,63.757,93.899,149.715,4661.5,0.931
Venegas_intento_3.mp4,246,8200.000,True,254.000,231.000,0.000,394.000,138.000,0.583333,0.387500,-0.713839,63.411,93.733,149.324,4634.5,0.929
Venegas_intento_3.mp4,247,8233.333,True,254.000,231.000,0.000,394.000,138.000,0.583333,0.387500,-0.713839,63.284,93.182,149.674,4582.5,0.930
Venegas_intento_3.mp4,248,8266.667,True,254.000,231.000,0.000,394.000,138.000,0.583333,0.387500,-0.713839,63.164,92.893,149.827,4568.5,0.928
Venegas_intento_3.mp4,249,8300.000,True,254.000,231.000,0.000,394.000,139.000,0.583333,0.383333,-0.716085,63.158,92.909,149.424,4562.0,0.929
Venegas_intento_3.mp4,250,8333.333,True,254.000,231.000,0.000,394.000,139.000,0.583333,0.383333,-0.716085,62.921,92.600,150.030,4543.0,0.928
Venegas_intento_3.mp4,251,8366.667,True,254.000,231.000,0.000,395.000,139.000,0.587500,0.383333,-0.712671,62.787,92.546,149.741,4515.5,0.928
Venegas_intento_3.mp4,252,8400.000,True,254.000,231.000,0.000,395.000,139.000,0.587500,0.383333,-0.712671,62.717,92.842,149.855,4530.0,0.928
Venegas_intento_3.mp4,253,8433.333,True,254.000,231.000,0.000,395.000,139.000,0.587500,0.383333,-0.712671,62.423,93.092,150.219,4526.0,0.928
Venegas_intento_3.mp4,254,8466.667,True,254.000,230.000,0.000,395.000,139.000,0.587500,0.379167,-0.714896,62.526,92.903,150.179,4529.5,0.927
Venegas_intento_3.mp4,255,8500.000,True,254.000,230.000,0.000,395.000,139.000,0.587500,0.379167,-0.714896,62.635,92.899,150.859,4540.0,0.930
Venegas_intento_3.mp4,256,8533.333,True,254.000,230.000,0.000,393.000,139.000,0.579167,0.379167,-0.721664,63.282,92.246,151.018,4520.5,0.930
Venegas_intento_3.mp4,257,8566.667,True,254.000,230.000,0.000,391.000,139.000,0.570833,0.379167,-0.728273,63.458,93.057,150.047,4587.0,0.928
Venegas_intento_3.mp4,258,8600.000,True,254.000,230.000,0.000,391.000,140.000,0.570833,0.375000,-0.730427,63.571,92.652,151.475,4605.5,0.925
Venegas_intento_3.mp4,259,8633.333,True,254.000,230.000,0.000,390.000,141.000,0.566667,0.370833,-0.735780,63.760,86.366,149.237,4239.5,0.912
Venegas_intento_3.mp4,260,8666.667,True,254.000,230.000,0.000,389.000,147.000,0.562500,0.345833,-0.750995,58.081,69.221,94.263,3017.5,0.923
Venegas_intento_3.mp4,261,8700.000,True,254.000,230.000,0.000,388.000,151.000,0.558333,0.329167,-0.761520,59.245,72.448,96.539,2921.0,0.902
Venegas_intento_3.mp4,262,8733.333,True,254.000,230.000,0.000,387.000,152.000,0.554167,0.325000,-0.766338,54.431,70.064,93.082,2648.0,0.900
Venegas_intento_3.mp4,263,8766.667,True,254.000,230.000,0.000,389.000,154.000,0.562500,0.316667,-0.763751,52.447,72.778,82.813,2429.0,0.907
Venegas_intento_3.mp4,264,8800.000,True,254.000,230.000,0.000,390.000,153.000,0.566667,0.320833,-0.758917,58.364,81.276,90.197,3098.0,0.909
Venegas_intento_3.mp4,265,8833.333,True,254.000,230.000,0.000,391.000,148.000,0.570833,0.341667,-0.746601,66.203,76.898,140.049,3600.0,0.903
Venegas_intento_3.mp4,266,8866.667,True,254.000,230.000,0.000,390.000,143.000,0.566667,0.362500,-0.739921,64.953,86.257,148.800,4107.5,0.905
Venegas_intento_3.mp4,267,8900.000,True,254.000,230.000,0.000,389.000,141.000,0.562500,0.370833,-0.738970,63.045,90.608,149.155,4373.0,0.911
Venegas_intento_3.mp4,268,8933.333,True,254.000,230.000,0.000,389.000,141.000,0.562500,0.370833,-0.738970,62.949,91.828,151.348,4406.5,0.902
Venegas_intento_3.mp4,269,8966.667,True,254.000,230.000,0.000,389.000,141.000,0.562500,0.370833,-0.738970,63.593,91.223,151.072,4460.0,0.911
Venegas_intento_3.mp4,270,9000.000,True,254.000,230.000,0.000,391.000,141.000,0.570833,0.370833,-0.732552,62.104,91.410,152.932,4384.0,0.923
Venegas_intento_3.mp4,271,9033.333,True,254.000,230.000,0.000,393.000,141.000,0.579167,0.370833,-0.725981,62.693,91.281,152.905,4426.0,0.927
Venegas_intento_3.mp4,272,9066.667,True,254.000,230.000,0.000,393.000,141.000,0.579167,0.370833,-0.725981,62.771,91.998,152.965,4463.5,0.932
Venegas_intento_3.mp4,273,9100.000,True,254.000,230.000,0.000,393.000,140.000,0.579167,0.375000,-0.723838,63.013,91.717,153.676,4467.0,0.929
Venegas_intento_3.mp4,274,9133.333,True,254.000,230.000,0.000,393.000,140.000,0.579167,0.375000,-0.723838,63.188,92.550,151.826,4518.5,0.931
Venegas_intento_3.mp4,275,9166.667,True,254.000,230.000,0.000,393.000,140.000,0.579167,0.375000,-0.723838,63.688,92.733,152.479,4549.5,0.931
Venegas_intento_3.mp4,276,9200.000,True,254.000,230.000,0.000,392.000,140.000,0.575000,0.375000,-0.727152,63.863,92.787,152.395,4583.0,0.931
Venegas_intento_3.mp4,277,9233.333,True,254.000,230.000,0.000,386.000,139.000,0.550000,0.379167,-0.744132,66.362,91.044,154.141,4518.5,0.929
Venegas_intento_3.mp4,278,9266.667,True,254.000,230.000,0.000,374.000,137.000,0.500000,0.387500,-0.774496,69.839,94.260,141.090,4839.5,0.915
Venegas_intento_3.mp4,279,9300.000,True,254.000,230.000,0.000,368.000,136.000,0.475000,0.391667,-0.788018,69.929,93.391,140.728,4828.0,0.912
Venegas_intento_3.mp4,280,9333.333,True,254.000,230.000,0.000,368.000,136.000,0.475000,0.391667,-0.788018,69.954,93.583,140.904,4852.5,0.910
Venegas_intento_3.mp4,281,9366.667,True,254.000,230.000,0.000,368.000,136.000,0.475000,0.391667,-0.788018,70.707,92.876,140.613,4832.0,0.910
Venegas_intento_3.mp4,282,9400.000,True,254.000,230.000,0.000,368.000,136.000,0.475000,0.391667,-0.788018,69.172,93.231,141.783,4807.0,0.907
Venegas_intento_3.mp4,283,9433.333,True,254.000,230.000,0.000,369.000,136.000,0.479167,0.391667,-0.785491,69.689,92.767,140.750,4770.0,0.906
Venegas_intento_3.mp4,284,9466.667,True,254.000,230.000,0.000,369.000,136.000,0.479167,0.391667,-0.785491,68.596,93.409,140.963,4766.5,0.903
Venegas_intento_3.mp4,285,9500.000,True,254.000,230.000,0.000,375.000,136.000,0.504167,0.391667,-0.769684,63.859,93.204,146.911,4536.5,0.924
Venegas_intento_3.mp4,286,9533.333,True,254.000,230.000,0.000,382.000,137.000,0.533333,0.387500,-0.751930,64.975,91.510,148.346,4498.5,0.928
Venegas_intento_3.mp4,287,9566.667,True,254.000,230.000,0.000,384.000,137.000,0.541667,0.387500,-0.745950,63.533,91.064,148.819,4427.5,0.930
Venegas_intento_3.mp4,288,9600.000,True,254.000,230.000,0.000,384.000,137.000,0.541667,0.387500,-0.745950,63.120,89.929,148.926,4388.0,0.929
Venegas_intento_3.mp4,289,9633.333,True,254.000,230.000,0.000,384.000,137.000,0.541667,0.387500,-0.745950,63.088,89.633,148.647,4345.0,0.925
Venegas_intento_3.mp4,290,9666.667,True,254.000,230.000,0.000,388.000,138.000,0.558333,0.383333,-0.735744,60.643,89.040,150.279,4215.5,0.923
Venegas_intento_3.mp4,291,9700.000,True,254.000,230.000,0.000,393.000,139.000,0.579167,0.379167,-0.721664,61.057,88.614,150.264,4209.0,0.923
Venegas_intento_3.mp4,292,9733.333,True,254.000,230.000,0.000,393.000,139.000,0.579167,0.379167,-0.721664,60.857,88.280,150.714,4201.5,0.924
Venegas_intento_3.mp4,293,9766.667,True,254.000,230.000,0.000,393.000,139.000,0.579167,0.379167,-0.721664,60.847,88.356,150.934,4195.0,0.923
Venegas_intento_3.mp4,294,9800.000,True,254.000,230.000,0.000,393.000,139.000,0.579167,0.379167,-0.721664,60.748,88.570,150.159,4178.5,0.924
Venegas_intento_3.mp4,295,9833.333,True,254.000,230.000,0.000,393.000,139.000,0.579167,0.379167,-0.721664,60.664,88.597,150.362,4197.0,0.925
Venegas_intento_3.mp4,296,9866.667,True,254.000,230.000,0.000,393.000,139.000,0.579167,0.379167,-0.721664,60.653,88.665,150.414,4208.5,0.927
Venegas_intento_3.mp4,297,9900.000,True,254.000,230.000,0.000,393.000,139.000,0.579167,0.379167,-0.721664,60.892,89.096,150.278,4224.0,0.925
Venegas_intento_3.mp4,298,9933.333,True,254.000,230.000,0.000,393.000,139.000,0.579167,0.379167,-0.721664,60.799,89.516,150.819,4243.0,0.927
Venegas_intento_3.mp4,299,9966.667,True,254.000,230.000,0.000,385.000,138.000,0.545833,0.383333,-0.745065,66.247,86.586,150.134,4315.5,0.930
Venegas_intento_3.mp4,300,10000.000,True,254.000,230.000,0.000,374.000,138.000,0.500000,0.383333,-0.776567,67.200,89.329,140.980,4416.0,0.900
Venegas_intento_3.mp4,301,10033.333,True,254.000,230.000,0.000,373.000,138.000,0.495833,0.383333,-0.779234,66.242,89.958,143.947,4472.0,0.898
Venegas_intento_3.mp4,302,10066.667,True,254.000,230.000,0.000,374.000,138.000,0.500000,0.383333,-0.776567,66.268,90.961,146.634,4470.5,0.918
Venegas_intento_3.mp4,303,10100.000,True,254.000,230.000,0.000,375.000,138.000,0.504167,0.383333,-0.773868,67.043,91.379,144.685,4493.5,0.932
Venegas_intento_3.mp4,304,10133.333,True,254.000,230.000,0.000,376.000,138.000,0.508333,0.383333,-0.771137,67.212,91.567,145.101,4494.5,0.934
Venegas_intento_3.mp4,305,10166.667,True,254.000,230.000,0.000,377.000,138.000,0.512500,0.383333,-0.768374,67.044,92.842,146.026,4544.0,0.935
Venegas_intento_3.mp4,306,10200.000,True,254.000,230.000,0.000,379.000,138.000,0.520833,0.383333,-0.762750,64.004,93.218,148.130,4512.0,0.935
Venegas_intento_3.mp4,307,10233.333,True,254.000,230.000,0.000,380.000,138.000,0.525000,0.383333,-0.759889,64.932,93.250,149.402,4475.5,0.935
Venegas_intento_3.mp4,308,10266.667,True,254.000,230.000,0.000,380.000,138.000,0.525000,0.383333,-0.759889,65.862,93.049,149.099,4509.0,0.935
Venegas_intento_3.mp4,309,10300.000,True,254.000,230.000,0.000,379.000,138.000,0.520833,0.383333,-0.762750,65.193,95.023,147.356,4558.0,0.937
Venegas_intento_3.mp4,310,10333.333,True,254.000,230.000,0.000,378.000,138.000,0.516667,0.383333,-0.765579,66.869,94.108,148.122,4653.5,0.936
Venegas_intento_3.mp4,311,10366.667,True,254.000,230.000,0.000,378.000,139.000,0.516667,0.379167,-0.767651,67.223,93.911,147.809,4676.5,0.936
Venegas_intento_3.mp4,312,10400.000,True,254.000,230.000,0.000,378.000,138.000,0.516667,0.383333,-0.765579,66.689,94.010,148.455,4680.5,0.934
Venegas_intento_3.mp4,313,10433.333,True,254.000,230.000,0.000,377.000,138.000,0.512500,0.383333,-0.768374,67.301,94.774,147.543,4703.0,0.928
Venegas_intento_3.mp4,314,10466.667,True,254.000,230.000,0.000,368.000,138.000,0.475000,0.383333,-0.792105,71.783,93.648,135.478,4844.0,0.941
Venegas_intento_3.mp4,315,10500.000,True,254.000,230.000,0.000,358.000,138.000,0.433333,0.383333,-0.815646,70.566,95.905,136.168,4896.0,0.922
Venegas_intento_3.mp4,316,10533.333,True,254.000,230.000,0.000,356.000,138.000,0.425000,0.383333,-0.820019,70.270,97.529,134.168,4943.5,0.924
Venegas_intento_3.mp4,317,10566.667,True,254.000,230.000,0.000,355.000,138.000,0.420833,0.383333,-0.822165,71.070,96.323,134.457,4916.0,0.931
Venegas_intento_3.mp4,318,10600.000,True,254.000,230.000,0.000,358.000,143.000,0.433333,0.362500,-0.825116,66.092,74.592,101.959,3472.5,0.906
Venegas_intento_3.mp4,319,10633.333,True,254.000,230.000,0.000,378.000,158.000,0.516667,0.300000,-0.801907,28.312,51.224,82.040,1009.0,0.824
Venegas_intento_3.mp4,320,10666.667,False,254.000,230.000,,,,,,,,,,,0.000
Venegas_intento_3.mp4,321,10700.000,True,254.000,230.000,0.000,404.000,170.000,0.625000,0.250000,-0.739510,28.444,63.222,85.854,1185.0,0.473
Venegas_intento_3.mp4,322,10733.333,True,254.000,229.000,0.000,411.000,171.000,0.654167,0.241667,-0.716703,46.914,76.809,83.649,2407.0,0.870
Venegas_intento_3.mp4,323,10766.667,True,254.000,229.000,0.000,406.000,166.000,0.633333,0.262500,-0.727999,57.458,78.545,84.767,3115.0,0.886
Venegas_intento_3.mp4,324,10800.000,True,254.000,229.000,0.000,400.000,160.000,0.608333,0.287500,-0.739780,64.799,78.245,92.016,3541.5,0.915
Venegas_intento_3.mp4,325,10833.333,True,254.000,229.000,0.000,396.000,155.000,0.591667,0.308333,-0.744890,69.300,81.533,125.763,4031.5,0.918
Venegas_intento_3.mp4,326,10866.667,True,254.000,229.000,0.000,391.000,151.000,0.570833,0.325000,-0.754006,72.110,79.784,129.220,4202.5,0.889
Venegas_intento_3.mp4,327,10900.000,True,254.000,229.000,0.000,363.000,151.000,0.454167,0.325000,-0.829523,59.104,80.017,85.275,3119.0,0.877
Venegas_intento_3.mp4,328,10933.333,True,254.000,229.000,0.000,333.000,149.000,0.329167,0.333333,-0.883481,64.659,87.517,104.169,3769.0,0.918
Venegas_intento_3.mp4,329,10966.667,True,254.000,229.000,0.000,326.000,144.000,0.300000,0.354167,-0.885757,71.576,92.895,121.565,4632.0,0.910
Venegas_intento_3.mp4,330,11000.000,True,254.000,229.000,0.000,324.000,141.000,0.291667,0.366667,-0.883451,72.050,97.807,126.183,5017.5,0.904
Venegas_intento_3.mp4,331,11033.333,True,254.000,229.000,0.000,324.000,140.000,0.291667,0.370833,-0.881710,72.863,97.316,128.840,5078.5,0.911
Venegas_intento_3.mp4,332,11066.667,True,254.000,229.000,0.000,324.000,139.000,0.291667,0.375000,-0.879946,73.636,99.274,126.932,5260.0,0.924
Venegas_intento_3.mp4,333,11100.000,True,254.000,229.000,0.000,325.000,139.000,0.295833,0.375000,-0.878554,73.371,98.685,126.899,5258.0,0.921
Venegas_intento_3.mp4,334,11133.333,True,254.000,229.000,0.000,326.000,138.000,0.300000,0.379167,-0.875347,73.582,99.417,127.009,5256.0,0.920
Venegas_intento_3.mp4,335,11166.667,True,254.000,229.000,0.000,327.000,138.000,0.304167,0.379167,-0.873908,73.672,99.399,127.097,5270.5,0.918
Venegas_intento_3.mp4,336,11200.000,True,254.000,229.000,0.000,327.000,137.000,0.304167,0.383333,-0.872088,75.573,97.632,128.779,5283.5,0.921
Venegas_intento_3.mp4,337,11233.333,True,254.000,229.000,0.000,327.000,137.000,0.304167,0.383333,-0.872088,76.932,97.335,129.963,5290.5,0.927
Venegas_intento_3.mp4,338,11266.667,True,254.000,229.000,0.000,328.000,136.000,0.308333,0.387500,-0.868777,72.967,98.580,126.845,5231.5,0.929
Venegas_intento_3.mp4,339,11300.000,True,254.000,229.000,0.000,328.000,135.000,0.308333,0.391667,-0.866907,76.528,96.100,128.944,5224.0,0.930
Venegas_intento_3.mp4,340,11333.333,True,254.000,229.000,0.000,328.000,135.000,0.308333,0.391667,-0.866907,71.349,98.017,125.297,5167.0,0.926
Venegas_intento_3.mp4,341,11366.667,True,254.000,229.000,0.000,327.000,135.000,0.304167,0.391667,-0.868378,72.137,95.942,124.887,5060.5,0.937
Venegas_intento_3.mp4,342,11400.000,True,254.000,229.000,0.000,326.000,135.000,0.300000,0.391667,-0.869826,73.401,95.046,124.700,5042.5,0.931
Venegas_intento_3.mp4,343,11433.333,True,254.000,229.000,0.000,328.000,135.000,0.308333,0.391667,-0.866907,72.339,95.113,125.607,5009.0,0.935
Venegas_intento_3.mp4,344,11466.667,True,254.000,229.000,0.000,332.000,134.000,0.325000,0.395833,-0.858889,70.807,95.490,126.900,4946.0,0.934
Venegas_intento_3.mp4,345,11500.000,True,254.000,229.000,0.000,335.000,134.000,0.337500,0.395833,-0.854055,68.878,95.718,128.233,4884.0,0.917
Venegas_intento_3.mp4,346,11533.333,True,254.000,229.000,0.000,338.000,134.000,0.350000,0.395833,-0.849009,72.157,92.293,127.007,4855.5,0.917
Venegas_intento_3.mp4,347,11566.667,True,254.000,229.000,0.000,340.000,133.000,0.358333,0.400000,-0.843562,69.605,93.349,128.820,4804.0,0.928
Venegas_intento_3.mp4,348,11600.000,True,254.000,229.000,0.000,343.000,133.000,0.370833,0.400000,-0.838142,69.629,93.474,129.748,4795.5,0.926
Venegas_intento_3.mp4,349,11633.333,True,254.000,229.000,0.000,345.000,133.000,0.379167,0.400000,-0.834406,68.268,94.072,130.763,4727.0,0.919
Venegas_intento_3.mp4,350,11666.667,True,254.000,229.000,0.000,348.000,133.000,0.391667,0.400000,-0.828612,69.620,93.301,132.350,4735.0,0.914
Venegas_intento_3.mp4,351,11700.000,True,254.000,229.000,0.000,352.000,132.000,0.408333,0.404167,-0.818482,67.559,93.582,134.032,4660.5,0.910
Venegas_intento_3.mp4,352,11733.333,True,254.000,229.000,0.000,357.000,132.000,0.429167,0.404167,-0.807753,68.212,92.626,133.870,4643.5,0.912
Venegas_intento_3.mp4,353,11766.667,True,254.000,229.000,0.000,359.000,131.000,0.437500,0.408333,-0.801160,66.349,93.492,133.929,4594.5,0.917
Venegas_intento_3.mp4,354,11800.000,True,254.000,229.000,0.000,362.000,131.000,0.450000,0.408333,-0.794206,65.715,93.604,134.957,4550.5,0.918
Venegas_intento_3.mp4,355,11833.333,True,254.000,229.000,0.000,365.000,130.000,0.462500,0.412500,-0.784817,65.208,92.746,134.668,4472.0,0.917
Venegas_intento_3.mp4,356,11866.667,True,254.000,229.000,0.000,369.000,130.000,0.479167,0.412500,-0.774754,63.918,93.121,137.090,4445.0,0.911
Venegas_intento_3.mp4,357,11900.000,True,255.000,229.000,0.000,370.000,130.000,0.479167,0.412500,-0.774754,64.569,93.152,136.960,4423.0,0.909
Venegas_intento_3.mp4,358,11933.333,True,255.000,229.000,0.000,371.000,130.000,0.483333,0.412500,-0.772161,64.051,93.365,138.668,4394.5,0.913
Venegas_intento_3.mp4,359,11966.667,True,255.000,229.000,0.000,374.000,130.000,0.495833,0.412500,-0.764194,62.479,94.720,139.350,4335.0,0.913
Venegas_intento_3.mp4,360,12000.000,True,255.000,229.000,0.000,377.000,130.000,0.508333,0.412500,-0.755937,62.037,93.220,138.887,4280.5,0.918
Venegas_intento_3.mp4,361,12033.333,True,255.000,229.000,0.000,378.000,129.000,0.512500,0.416667,-0.750821,62.323,92.660,139.947,4250.5,0.919
Venegas_intento_3.mp4,362,12066.667,True,255.000,229.000,0.000,379.000,129.000,0.516667,0.416667,-0.747960,63.008,92.389,140.822,4230.0,0.920
Venegas_intento_3.mp4,363,12100.000,True,255.000,229.000,0.000,379.000,129.000,0.516667,0.416667,-0.747960,62.287,93.262,141.163,4211.5,0.920
Venegas_intento_3.mp4,364,12133.333,True,255.000,229.000,0.000,380.000,128.000,0.520833,0.420833,-0.742719,61.672,93.572,141.712,4207.5,0.919
Venegas_intento_3.mp4,365,12166.667,True,255.000,229.000,0.000,380.000,128.000,0.520833,0.420833,-0.742719,62.083,92.958,141.012,4210.0,0.919
Venegas_intento_3.mp4,366,12200.000,True,255.000,229.000,0.000,379.000,128.000,0.516667,0.420833,-0.745624,62.300,93.636,139.701,4245.5,0.921
Venegas_intento_3.mp4,367,12233.333,True,255.000,229.000,0.000,378.000,128.000,0.512500,0.420833,-0.748494,62.257,93.471,138.784,4279.5,0.922
Venegas_intento_3.mp4,368,12266.667,True,255.000,229.000,0.000,377.000,128.000,0.508333,0.420833,-0.751330,63.056,93.295,140.498,4323.0,0.918
Venegas_intento_3.mp4,369,12300.000,True,255.000,229.000,0.000,375.000,128.000,0.500000,0.420833,-0.756901,63.436,94.521,137.673,4392.0,0.909
Venegas_intento_3.mp4,370,12333.333,True,255.000,229.000,0.000,389.000,133.000,0.558333,0.400000,-0.726818,55.816,96.693,148.377,4193.5,0.899
Venegas_intento_3.mp4,371,12366.667,True,255.000,229.000,0.000,415.000,144.000,0.666667,0.354167,-0.655837,51.804,91.303,156.463,3605.5,0.889
Venegas_intento_3.mp4,372,12400.000,True,255.000,229.000,0.000,424.000,149.000,0.704167,0.333333,-0.626928,53.381,91.542,156.974,3734.5,0.897
Venegas_intento_3.mp4,373,12433.333,True,255.000,229.000,0.000,422.000,148.000,0.695833,0.337500,-0.633964,54.506,93.283,156.360,3854.5,0.896
Venegas_intento_3.mp4,374,12466.667,True,255.000,229.000,0.000,420.000,147.000,0.687500,0.341667,-0.640787,55.443,92.993,155.980,3914.0,0.901
Venegas_intento_3.mp4,375,12500.000,True,255.000,229.000,0.000,418.000,147.000,0.679167,0.341667,-0.649613,55.638,92.582,155.413,3959.5,0.900
Venegas_intento_3.mp4,376,12533.333,True,255.000,229.000,0.000,418.000,146.000,0.679167,0.345833,-0.647404,56.125,92.664,155.494,4014.5,0.900
Venegas_intento_3.mp4,377,12566.667,True,255.000,229.000,0.000,418.000,146.000,0.679167,0.345833,-0.647404,56.104,93.015,155.045,4038.5,0.898
Venegas_intento_3.mp4,378,12600.000,True,255.000,229.000,0.000,417.000,146.000,0.675000,0.345833,-0.651747,56.364,92.937,154.823,4079.5,0.892
Venegas_intento_3.mp4,379,12633.333,True,255.000,229.000,0.000,416.000,146.000,0.670833,0.345833,-0.656035,56.916,93.527,154.709,4118.5,0.893
Venegas_intento_3.mp4,380,12666.667,True,255.000,229.000,0.000,421.000,148.000,0.691667,0.337500,-0.638507,52.457,93.879,155.090,3791.0,0.887
Venegas_intento_3.mp4,381,12700.000,True,255.000,229.000,0.000,426.000,150.000,0.712500,0.329167,-0.619672,53.089,92.380,156.730,3784.5,0.884
Venegas_intento_3.mp4,382,12733.333,True,255.000,229.000,0.000,426.000,150.000,0.712500,0.329167,-0.619672,52.843,92.161,156.998,3775.0,0.888
Venegas_intento_3.mp4,383,12766.667,True,255.000,229.000,0.000,425.000,150.000,0.708333,0.329167,-0.624430,53.378,93.388,156.571,3798.0,0.887
Venegas_intento_3.mp4,384,12800.000,True,255.000,229.000,0.000,426.000,151.000,0.712500,0.325000,-0.621867,53.611,94.980,156.793,3871.0,0.882
Venegas_intento_3.mp4,385,12833.333,True,255.000,229.000,0.000,428.000,154.000,0.720833,0.312500,-0.618662,53.993,92.260,157.964,3843.0,0.894
Venegas_intento_3.mp4,386,12866.667,True,255.000,229.000,0.000,428.000,155.000,0.720833,0.308333,-0.620749,54.006,91.929,158.093,3824.0,0.892
Venegas_intento_3.mp4,387,12900.000,True,255.000,229.000,0.000,428.000,155.000,0.720833,0.308333,-0.620749,53.636,92.591,158.566,3822.0,0.894
Venegas_intento_3.mp4,388,12933.333,True,255.000,229.000,0.000,427.000,155.000,0.716667,0.308333,-0.625555,54.050,92.197,158.118,3841.0,0.894
Venegas_intento_3.mp4,389,12966.667,True,255.000,229.000,0.000,427.000,154.000,0.716667,0.312500,-0.623484,54.073,92.154,158.591,3832.0,0.895
Venegas_intento_3.mp4,390,13000.000,True,255.000,229.000,0.000,428.000,154.000,0.720833,0.312500,-0.618662,54.084,91.981,158.544,3849.0,0.892
Venegas_intento_3.mp4,391,13033.333,True,255.000,229.000,0.000,428.000,154.000,0.720833,0.312500,-0.618662,54.200,91.947,158.356,3846.0,0.892
Venegas_intento_3.mp4,392,13066.667,True,255.000,229.000,0.000,428.000,155.000,0.720833,0.308333,-0.620749,54.499,92.065,158.627,3849.0,0.892
Venegas_intento_3.mp4,393,13100.000,True,255.000,229.000,0.000,428.000,155.000,0.720833,0.308333,-0.620749,54.032,93.722,159.252,3846.5,0.892
Venegas_intento_3.mp4,394,13133.333,True,255.000,228.000,0.000,427.000,155.000,0.716667,0.304167,-0.627592,54.559,92.166,160.084,3859.0,0.889
Venegas_intento_3.mp4,395,13166.667,True,255.000,228.000,0.000,421.000,154.000,0.691667,0.308333,-0.653091,60.566,91.561,156.231,4297.0,0.894
Venegas_intento_3.mp4,396,13200.000,True,255.000,228.000,0.000,415.000,153.000,0.666667,0.312500,-0.676683,60.080,91.616,157.015,4254.0,0.894
Venegas_intento_3.mp4,397,13233.333,True,255.000,228.000,0.000,415.000,153.000,0.666667,0.312500,-0.676683,59.929,92.440,157.834,4263.0,0.896
Venegas_intento_3.mp4,398,13266.667,True,255.000,228.000,0.000,416.000,153.000,0.670833,0.312500,-0.672552,60.028,92.056,157.203,4253.5,0.896
Venegas_intento_3.mp4,399,13300.000,True,255.000,228.000,0.000,416.000,153.000,0.670833,0.312500,-0.672552,59.695,92.487,157.403,4253.0,0.897
Venegas_intento_3.mp4,400,13333.333,True,255.000,228.000,0.000,416.000,153.000,0.670833,0.312500,-0.672552,59.681,92.310,157.234,4242.5,0.896
Venegas_intento_3.mp4,401,13366.667,True,255.000,228.000,0.000,416.000,153.000,0.670833,0.312500,-0.672552,58.951,92.274,156.973,4217.0,0.895
Venegas_intento_3.mp4,402,13400.000,True,255.000,228.000,0.000,416.000,153.000,0.670833,0.312500,-0.672552,59.054,92.426,157.102,4221.0,0.893
Venegas_intento_3.mp4,403,13433.333,True,255.000,228.000,0.000,416.000,153.000,0.670833,0.312500,-0.672552,59.107,91.880,156.915,4215.0,0.893
Venegas_intento_3.mp4,404,13466.667,True,255.000,228.000,0.000,416.000,153.000,0.670833,0.312500,-0.672552,58.896,92.667,156.644,4233.5,0.890
Venegas_intento_3.mp4,405,13500.000,True,255.000,228.000,0.000,406.000,151.000,0.629167,0.320833,-0.707966,65.404,91.002,156.914,4616.5,0.908
Venegas_intento_3.mp4,406,13533.333,True,255.000,228.000,0.000,392.000,150.000,0.570833,0.325000,-0.754006,65.972,95.466,150.459,4798.0,0.901
Venegas_intento_3.mp4,407,13566.667,True,255.000,228.000,0.000,389.000,150.000,0.558333,0.325000,-0.763308,66.198,95.988,151.184,4850.0,0.906
Venegas_intento_3.mp4,408,13600.000,True,255.000,228.000,0.000,389.000,150.000,0.558333,0.325000,-0.763308,65.942,96.471,152.108,4910.0,0.904
Venegas_intento_3.mp4,409,13633.333,True,255.000,228.000,0.000,390.000,149.000,0.562500,0.329167,-0.758448,66.421,96.927,150.361,4938.5,0.906
Venegas_intento_3.mp4,410,13666.667,True,255.000,228.000,0.000,390.000,149.000,0.562500,0.329167,-0.758448,67.041,98.004,149.986,4981.0,0.905
Venegas_intento_3.mp4,411,13700.000,True,255.000,228.000,0.000,390.000,149.000,0.562500,0.329167,-0.758448,67.273,97.642,149.874,5004.5,0.907
Venegas_intento_3.mp4,412,13733.333,True,255.000,228.000,0.000,390.000,149.000,0.562500,0.329167,-0.758448,67.446,97.707,149.164,5037.5,0.906
Venegas_intento_3.mp4,413,13766.667,True,255.000,228.000,0.000,396.000,150.000,0.587500,0.325000,-0.741093,64.440,97.272,149.091,4847.5,0.906
Venegas_intento_3.mp4,414,13800.000,True,255.000,228.000,0.000,406.000,151.000,0.629167,0.320833,-0.707966,64.647,95.891,154.105,4833.5,0.909
Venegas_intento_3.mp4,415,13833.333,True,255.000,228.000,0.000,410.000,152.000,0.645833,0.316667,-0.694710,64.529,95.497,153.786,4795.5,0.913
Venegas_intento_3.mp4,416,13866.667,True,255.000,228.000,0.000,410.000,152.000,0.645833,0.316667,-0.694710,64.720,96.149,153.795,4823.0,0.912
Venegas_intento_3.mp4,417,13900.000,True,255.000,228.000,0.000,410.000,152.000,0.645833,0.316667,-0.694710,64.682,96.282,153.987,4847.0,0.912
Venegas_intento_3.mp4,418,13933.333,True,255.000,228.000,0.000,410.000,152.000,0.645833,0.316667,-0.694710,64.660,95.842,154.056,4845.0,0.912
Venegas_intento_3.mp4,419,13966.667,True,255.000,228.000,0.000,410.000,152.000,0.645833,0.316667,-0.694710,64.649,95.863,154.440,4824.5,0.914
Venegas_intento_3.mp4,420,14000.000,True,255.000,228.000,0.000,410.000,152.000,0.645833,0.316667,-0.694710,64.154,96.032,153.925,4797.5,0.911
Venegas_intento_3.mp4,421,14033.333,True,255.000,228.000,0.000,416.000,152.000,0.670833,0.316667,-0.670600,56.340,94.990,156.801,4141.5,0.883
Venegas_intento_3.mp4,422,14066.667,True,255.000,228.000,0.000,423.000,153.000,0.700000,0.312500,-0.642140,57.340,93.906,157.923,4165.0,0.885
Venegas_intento_3.mp4,423,14100.000,True,255.000,228.000,0.000,424.000,154.000,0.704167,0.308333,-0.639594,57.039,94.181,157.735,4148.5,0.887
Venegas_intento_3.mp4,424,14133.333,True,255.000,228.000,0.000,424.000,154.000,0.704167,0.308333,-0.639594,56.762,93.684,158.135,4140.5,0.886
Venegas_intento_3.mp4,425,14166.667,True,255.000,228.000,0.000,424.000,154.000,0.704167,0.308333,-0.639594,57.035,93.697,158.022,4158.0,0.884
Venegas_intento_3.mp4,426,14200.000,True,255.000,228.000,0.000,424.000,154.000,0.704167,0.308333,-0.639594,56.906,94.673,158.134,4180.5,0.883
Venegas_intento_3.mp4,427,14233.333,True,255.000,228.000,0.000,424.000,154.000,0.704167,0.308333,-0.639594,56.898,94.413,158.546,4176.5,0.887
Venegas_intento_3.mp4,428,14266.667,True,255.000,228.000,0.000,409.000,153.000,0.641667,0.312500,-0.700434,68.164,94.958,157.850,4965.5,0.917
Venegas_intento_3.mp4,429,14300.000,True,255.000,228.000,0.000,392.000,151.000,0.570833,0.320833,-0.755788,68.269,98.660,150.314,5085.0,0.913
Venegas_intento_3.mp4,430,14333.333,True,255.000,228.000,0.000,390.000,151.000,0.562500,0.320833,-0.762010,68.073,98.952,150.832,5118.0,0.911
Venegas_intento_3.mp4,431,14366.667,True,255.000,228.000,0.000,391.000,151.000,0.566667,0.320833,-0.758917,67.840,99.350,151.726,5123.0,0.914
Venegas_intento_3.mp4,432,14400.000,True,255.000,228.000,0.000,391.000,151.000,0.566667,0.320833,-0.758917,68.096,100.122,152.295,5188.5,0.917
Venegas_intento_3.mp4,433,14433.333,True,255.000,228.000,0.000,391.000,151.000,0.566667,0.320833,-0.758917,68.470,100.220,151.697,5209.5,0.918
Venegas_intento_3.mp4,434,14466.667,True,255.000,228.000,0.000,394.000,151.000,0.579167,0.320833,-0.749421,66.009,102.937,152.808,5263.0,0.914
Venegas_intento_3.mp4,435,14500.000,True,255.000,228.000,0.000,400.000,152.000,0.604167,0.316667,-0.731235,65.561,99.793,154.215,5036.5,0.907
Venegas_intento_3.mp4,436,14533.333,True,255.000,228.000,0.000,403.000,153.000,0.616667,0.312500,-0.722541,65.813,99.939,155.131,5074.0,0.907
Venegas_intento_3.mp4,437,14566.667,True,255.000,228.000,0.000,403.000,153.000,0.616667,0.312500,-0.722541,66.212,97.955,153.750,5020.0,0.912
Venegas_intento_3.mp4,438,14600.000,True,255.000,228.000,0.000,401.000,153.000,0.608333,0.312500,-0.729571,68.619,87.587,146.104,4612.5,0.904
Venegas_intento_3.mp4,439,14633.333,True,255.000,228.000,0.000,397.000,155.000,0.591667,0.304167,-0.746601,69.896,79.758,116.183,4036.5,0.900
Venegas_intento_3.mp4,440,14666.667,True,255.000,228.000,0.000,395.000,156.000,0.583333,0.300000,-0.754799,70.485,90.621,149.694,4626.0,0.905
Venegas_intento_3.mp4,441,14700.000,True,255.000,228.000,0.000,395.000,154.000,0.583333,0.308333,-0.751434,68.623,98.135,151.733,4979.0,0.896
Venegas_intento_3.mp4,442,14733.333,True,255.000,228.000,0.000,395.000,153.000,0.583333,0.312500,-0.749711,69.277,99.454,150.907,5111.5,0.901
Venegas_intento_3.mp4,443,14766.667,True,255.000,228.000,0.000,395.000,154.000,0.583333,0.308333,-0.751434,66.949,100.447,154.348,5123.5,0.902
Venegas_intento_3.mp4,444,14800.000,True,255.000,228.000,0.000,396.000,154.000,0.587500,0.308333,-0.748181,66.441,100.488,155.455,5130.5,0.901
Venegas_intento_3.mp4,445,14833.333,True,255.000,228.000,0.000,395.000,153.000,0.583333,0.312500,-0.749711,68.027,100.481,153.873,5140.0,0.904
Venegas_intento_3.mp4,446,14866.667,True,255.000,228.000,0.000,395.000,153.000,0.583333,0.312500,-0.749711,67.256,100.908,154.658,5146.5,0.904
Venegas_intento_3.mp4,447,14900.000,True,255.000,228.000,0.000,394.000,154.000,0.579167,0.308333,-0.754650,66.876,100.894,154.766,5161.5,0.907
Venegas_intento_3.mp4,448,14933.333,True,255.000,228.000,0.000,394.000,154.000,0.579167,0.308333,-0.754650,67.848,100.656,153.955,5198.0,0.907
Venegas_intento_3.mp4,449,14966.667,True,255.000,228.000,0.000,393.000,154.000,0.575000,0.308333,-0.757830,67.656,100.473,154.502,5242.5,0.908
Venegas_intento_3.mp4,450,15000.000,True,255.000,228.000,0.000,393.000,154.000,0.575000,0.308333,-0.757830,68.707,100.412,153.942,5267.0,0.909
Venegas_intento_3.mp4,451,15033.333,True,255.000,228.000,0.000,392.000,154.000,0.570833,0.308333,-0.760973,68.488,100.706,153.339,5262.0,0.907
Venegas_intento_3.mp4,452,15066.667,True,255.000,228.000,0.000,392.000,154.000,0.570833,0.308333,-0.760973,68.247,100.319,153.755,5248.0,0.906
Venegas_intento_3.mp4,453,15100.000,True,255.000,228.000,0.000,391.000,153.000,0.566667,0.312500,-0.762386,68.368,100.003,153.493,5230.0,0.902
Venegas_intento_3.mp4,454,15133.333,True,255.000,228.000,0.000,390.000,153.000,0.562500,0.312500,-0.765466,69.036,99.326,153.300,5224.0,0.900
Venegas_intento_3.mp4,455,15166.667,True,255.000,228.000,0.000,390.000,153.000,0.562500,0.312500,-0.765466,68.661,99.434,152.639,5219.5,0.900
Venegas_intento_3.mp4,456,15200.000,True,255.000,228.000,0.000,390.000,153.000,0.562500,0.312500,-0.765466,68.062,99.448,152.708,5188.5,0.897
Venegas_intento_3.mp4,457,15233.333,True,255.000,228.000,0.000,390.000,153.000,0.562500,0.312500,-0.765466,68.293,99.767,154.269,5174.0,0.897
Venegas_intento_3.mp4,458,15266.667,True,255.000,228.000,0.000,390.000,154.000,0.562500,0.308333,-0.767153,68.132,100.124,154.129,5175.0,0.893
Venegas_intento_3.mp4,459,15300.000,True,255.000,228.000,0.000,390.000,154.000,0.562500,0.308333,-0.767153,67.962,99.110,153.762,5154.5,0.894
Venegas_intento_3.mp4,460,15333.333,True,255.000,228.000,0.000,391.000,154.000,0.566667,0.308333,-0.764081,67.462,99.298,152.620,5157.5,0.905
Venegas_intento_3.mp4,461,15366.667,True,255.000,228.000,0.000,392.000,153.000,0.570833,0.312500,-0.759271,67.812,98.751,153.409,5154.0,0.904
Venegas_intento_3.mp4,462,15400.000,True,255.000,228.000,0.000,392.000,153.000,0.570833,0.312500,-0.759271,67.668,99.940,153.742,5174.0,0.901
Venegas_intento_3.mp4,463,15433.333,True,255.000,228.000,0.000,392.000,153.000,0.570833,0.312500,-0.759271,67.921,100.347,153.383,5198.0,0.902
Venegas_intento_3.mp4,464,15466.667,True,255.000,228.000,0.000,392.000,154.000,0.570833,0.308333,-0.760973,67.241,100.905,154.430,5218.0,0.903
Venegas_intento_3.mp4,465,15500.000,True,255.000,228.000,0.000,392.000,154.000,0.570833,0.308333,-0.760973,68.558,100.230,153.870,5229.5,0.904
Venegas_intento_3.mp4,466,15533.333,True,256.000,228.000,0.000,392.000,153.000,0.566667,0.312500,-0.762386,67.707,100.232,152.958,5218.5,0.905
Venegas_intento_3.mp4,467,15566.667,True,256.000,228.000,0.000,392.000,153.000,0.566667,0.312500,-0.762386,68.291,99.937,153.292,5211.5,0.904
Venegas_intento_3.mp4,468,15600.000,True,256.000,228.000,0.000,388.000,153.000,0.550000,0.312500,-0.774496,71.351,96.041,158.265,5136.0,0.905
Venegas_intento_3.mp4,469,15633.333,True,256.000,228.000,0.000,375.000,152.000,0.495833,0.316667,-0.808623,72.896,99.345,143.757,5253.5,0.922
Venegas_intento_3.mp4,470,15666.667,True,256.000,228.000,0.000,367.000,151.000,0.462500,0.320833,-0.826535,73.776,98.204,143.950,5227.5,0.918
Venegas_intento_3.mp4,471,15700.000,True,256.000,228.000,0.000,367.000,151.000,0.462500,0.320833,-0.826535,71.653,98.214,145.694,5194.0,0.915
Venegas_intento_3.mp4,472,15733.333,True,256.000,227.000,0.000,368.000,150.000,0.466667,0.320833,-0.824189,70.454,99.758,144.538,5219.5,0.916
Venegas_intento_3.mp4,473,15766.667,True,256.000,227.000,0.000,368.000,151.000,0.466667,0.316667,-0.825799,73.767,98.720,143.615,5343.0,0.916
Venegas_intento_3.mp4,474,15800.000,True,256.000,227.000,0.000,364.000,155.000,0.450000,0.300000,-0.841130,69.869,83.131,84.767,3696.5,0.912
Venegas_intento_3.mp4,475,15833.333,True,256.000,227.000,0.000,357.000,157.000,0.420833,0.291667,-0.858970,67.137,83.367,94.258,3789.0,0.917
Venegas_intento_3.mp4,476,15866.667,True,256.000,227.000,0.000,358.000,153.000,0.425000,0.308333,-0.851061,68.585,92.286,129.902,4526.5,0.925
Venegas_intento_3.mp4,477,15900.000,True,256.000,227.000,0.000,366.000,148.000,0.458333,0.329167,-0.825579,70.641,97.714,139.644,5006.5,0.903
Venegas_intento_3.mp4,478,15933.333,True,256.000,227.000,0.000,371.000,147.000,0.479167,0.333333,-0.811966,70.598,96.800,139.750,4953.5,0.898
Venegas_intento_3.mp4,479,15966.667,True,256.000,227.000,0.000,373.000,148.000,0.487500,0.329167,-0.808698,70.433,95.827,142.894,4875.0,0.917
Venegas_intento_3.mp4,480,16000.000,True,256.000,227.000,0.000,375.000,147.000,0.495833,0.333333,-0.801897,67.770,96.279,143.186,4858.0,0.921
Venegas_intento_3.mp4,481,16033.333,True,256.000,227.000,0.000,377.000,147.000,0.504167,0.333333,-0.796684,67.778,96.307,144.400,4846.0,0.926
Venegas_intento_3.mp4,482,16066.667,True,256.000,227.000,0.000,378.000,147.000,0.508333,0.333333,-0.794032,67.615,96.706,145.760,4846.5,0.917
Venegas_intento_3.mp4,483,16100.000,True,256.000,227.000,0.000,379.000,147.000,0.512500,0.333333,-0.791349,66.538,96.720,147.025,4799.5,0.914
Venegas_intento_3.mp4,484,16133.333,True,256.000,227.000,0.000,380.000,147.000,0.516667,0.333333,-0.788635,67.756,96.342,146.107,4823.0,0.917
Venegas_intento_3.mp4,485,16166.667,True,256.000,227.000,0.000,383.000,147.000,0.529167,0.333333,-0.780302,65.269,98.576,145.249,4771.0,0.894
Venegas_intento_3.mp4,486,16200.000,True,256.000,227.000,0.000,391.000,148.000,0.562500,0.329167,-0.758448,64.559,96.268,151.897,4753.5,0.912
Venegas_intento_3.mp4,487,16233.333,True,256.000,227.000,0.000,396.000,149.000,0.583333,0.325000,-0.744377,64.874,96.731,151.698,4777.5,0.914
Venegas_intento_3.mp4,488,16266.667,True,256.000,227.000,0.000,397.000,149.000,0.587500,0.325000,-0.741093,65.060,96.991,152.232,4801.0,0.914
Venegas_intento_3.mp4,489,16300.000,True,256.000,227.000,0.000,397.000,149.000,0.587500,0.325000,-0.741093,64.204,97.647,153.076,4798.0,0.913
Venegas_intento_3.mp4,490,16333.333,True,256.000,227.000,0.000,398.000,148.000,0.591667,0.329167,-0.735921,64.410,97.659,153.867,4804.0,0.910
Venegas_intento_3.mp4,491,16366.667,True,256.000,227.000,0.000,391.000,148.000,0.562500,0.329167,-0.758448,67.341,99.450,148.788,4967.5,0.917
Venegas_intento_3.mp4,492,16400.000,True,256.000,227.000,0.000,385.000,147.000,0.537500,0.333333,-0.774585,66.122,100.127,148.908,4915.0,0.909
Venegas_intento_3.mp4,493,16433.333,True,256.000,227.000,0.000,385.000,147.000,0.537500,0.333333,-0.774585,67.279,99.155,148.188,4937.0,0.913
Venegas_intento_3.mp4,494,16466.667,True,256.000,227.000,0.000,385.000,147.000,0.537500,0.333333,-0.774585,68.609,99.443,148.921,4944.5,0.911
Venegas_intento_3.mp4,495,16500.000,True,256.000,227.000,0.000,385.000,146.000,0.537500,0.337500,-0.772779,68.087,99.436,147.995,4956.5,0.908
Venegas_intento_3.mp4,496,16533.333,True,256.000,227.000,0.000,385.000,146.000,0.537500,0.337500,-0.772779,68.044,99.581,149.322,4975.0,0.903
Venegas_intento_3.mp4,497,16566.667,True,256.000,227.000,0.000,385.000,145.000,0.537500,0.341667,-0.770946,68.341,99.788,148.734,4959.5,0.913
Venegas_intento_3.mp4,498,16600.000,True,256.000,227.000,0.000,380.000,145.000,0.516667,0.341667,-0.785060,70.886,99.687,145.301,5065.5,0.934
Venegas_intento_3.mp4,499,16633.333,True,256.000,227.000,0.000,374.000,145.000,0.491667,0.341667,-0.800954,70.995,99.391,144.339,5026.5,0.932
Venegas_intento_3.mp4,500,16666.667,True,256.000,227.000,0.000,373.000,145.000,0.487500,0.341667,-0.803497,72.322,99.073,143.864,5058.0,0.912
Venegas_intento_3.mp4,501,16700.000,True,256.000,227.000,0.000,371.000,145.000,0.479167,0.341667,-0.808494,71.763,99.378,143.216,5133.0,0.905
Venegas_intento_3.mp4,502,16733.333,True,256.000,227.000,0.000,370.000,145.000,0.475000,0.341667,-0.810949,72.190,99.946,142.686,5149.5,0.916
Venegas_intento_3.mp4,503,16766.667,True,256.000,227.000,0.000,369.000,145.000,0.470833,0.341667,-0.813376,72.738,100.164,143.179,5195.5,0.922
Venegas_intento_3.mp4,504,16800.000,True,256.000,227.000,0.000,367.000,146.000,0.462500,0.337500,-0.819870,72.482,99.689,142.891,5175.5,0.927
Venegas_intento_3.mp4,505,16833.333,True,256.000,227.000,0.000,366.000,146.000,0.458333,0.337500,-0.822207,75.460,99.233,143.613,5217.5,0.931
Venegas_intento_3.mp4,506,16866.667,True,256.000,227.000,0.000,365.000,147.000,0.454167,0.333333,-0.826209,74.333,99.512,142.798,5197.0,0.931
Venegas_intento_3.mp4,507,16900.000,True,256.000,227.000,0.000,365.000,147.000,0.454167,0.333333,-0.826209,73.881,99.836,141.570,5166.0,0.930
Venegas_intento_3.mp4,508,16933.333,True,256.000,227.000,0.000,374.000,144.000,0.491667,0.345833,-0.799164,67.196,96.375,145.262,4797.0,0.921
Venegas_intento_3.mp4,509,16966.667,True,256.000,227.000,0.000,383.000,142.000,0.529167,0.354167,-0.771070,68.396,95.832,147.038,4893.5,0.926
Venegas_intento_3.mp4,510,17000.000,True,256.000,227.000,0.000,382.000,142.000,0.525000,0.354167,-0.773913,68.239,96.233,147.712,4901.5,0.926
Venegas_intento_3.mp4,511,17033.333,True,256.000,227.000,0.000,381.000,141.000,0.520833,0.358333,-0.774810,68.300,95.455,147.023,4906.5,0.928
Venegas_intento_3.mp4,512,17066.667,True,256.000,227.000,0.000,381.000,141.000,0.520833,0.358333,-0.774810,66.771,96.350,147.287,4926.5,0.932
Venegas_intento_3.mp4,513,17100.000,True,256.000,227.000,0.000,380.000,141.000,0.516667,0.358333,-0.777594,67.282,96.813,146.115,4896.0,0.932
Venegas_intento_3.mp4,514,17133.333,True,256.000,227.000,0.000,379.000,141.000,0.512500,0.358333,-0.780347,67.470,95.631,146.544,4890.0,0.934
Venegas_intento_3.mp4,515,17166.667,True,256.000,227.000,0.000,379.000,141.000,0.512500,0.358333,-0.780347,68.320,95.341,145.276,4900.5,0.932
Venegas_intento_3.mp4,516,17200.000,True,256.000,227.000,0.000,379.000,141.000,0.512500,0.358333,-0.780347,67.897,95.720,145.367,4907.5,0.932
Venegas_intento_3.mp4,517,17233.333,True,256.000,227.000,0.000,374.000,141.000,0.491667,0.358333,-0.793638,70.438,92.931,143.673,4871.5,0.922
Venegas_intento_3.mp4,518,17266.667,True,256.000,227.000,0.000,364.000,140.000,0.450000,0.362500,-0.816146,70.186,96.812,137.258,5027.0,0.935
Venegas_intento_3.mp4,519,17300.000,True,256.000,227.000,0.000,359.000,140.000,0.429167,0.362500,-0.827291,71.098,96.029,135.533,5025.5,0.937
Venegas_intento_3.mp4,520,17333.333,True,256.000,227.000,0.000,358.000,140.000,0.425000,0.362500,-0.829439,71.977,95.927,135.959,5066.0,0.938
Venegas_intento_3.mp4,521,17366.667,True,256.000,227.000,0.000,358.000,140.000,0.425000,0.362500,-0.829439,71.401,96.755,136.124,5064.0,0.936
Venegas_intento_3.mp4,522,17400.000,True,256.000,227.000,0.000,359.000,139.000,0.429167,0.366667,-0.825452,70.542,97.582,134.394,5071.0,0.938
Venegas_intento_3.mp4,523,17433.333,True,256.000,227.000,0.000,359.000,139.000,0.429167,0.366667,-0.825452,70.479,97.727,134.582,5080.5,0.940
Venegas_intento_3.mp4,524,17466.667,True,256.000,227.000,0.000,359.000,139.000,0.429167,0.366667,-0.825452,72.607,96.660,134.495,5093.5,0.940
Venegas_intento_3.mp4,525,17500.000,True,256.000,227.000,0.000,359.000,139.000,0.429167,0.366667,-0.825452,72.979,97.242,136.360,5134.0,0.938
Venegas_intento_3.mp4,526,17533.333,True,256.000,227.000,0.000,360.000,139.000,0.433333,0.366667,-0.823273,71.691,98.231,136.426,5126.5,0.938
Venegas_intento_3.mp4,527,17566.667,True,256.000,227.000,0.000,371.000,138.000,0.479167,0.370833,-0.795539,66.210,97.115,144.614,4852.0,0.926
Venegas_intento_3.mp4,528,17600.000,True,256.000,227.000,0.000,381.000,136.000,0.520833,0.379167,-0.764830,66.991,96.655,146.202,4897.0,0.928
Venegas_intento_3.mp4,529,17633.333,True,256.000,227.000,0.000,382.000,136.000,0.525000,0.379167,-0.761976,67.432,96.748,145.996,4958.0,0.927
Venegas_intento_3.mp4,530,17666.667,True,256.000,227.000,0.000,382.000,136.000,0.525000,0.379167,-0.761976,68.466,96.467,145.796,4971.5,0.929
Venegas_intento_3.mp4,531,17700.000,True,256.000,227.000,0.000,382.000,136.000,0.525000,0.379167,-0.761976,67.948,96.869,146.577,4973.0,0.931
Venegas_intento_3.mp4,532,17733.333,True,256.000,227.000,0.000,382.000,136.000,0.525000,0.379167,-0.761976,68.412,96.938,145.758,4990.0,0.931
Venegas_intento_3.mp4,533,17766.667,True,256.000,227.000,0.000,381.000,135.000,0.520833,0.383333,-0.762750,68.472,96.128,146.377,4963.5,0.929
Venegas_intento_3.mp4,534,17800.000,True,256.000,227.000,0.000,372.000,136.000,0.483333,0.379167,-0.789064,73.096,97.759,136.632,5231.0,0.927
Venegas_intento_3.mp4,535,17833.333,True,256.000,227.000,0.000,363.000,136.000,0.445833,0.379167,-0.810842,70.927,98.891,134.898,5198.0,0.927
Venegas_intento_3.mp4,536,17866.667,True,256.000,227.000,0.000,363.000,136.000,0.445833,0.379167,-0.810842,72.013,98.612,135.765,5209.0,0.927
Venegas_intento_3.mp4,537,17900.000,True,256.000,227.000,0.000,363.000,136.000,0.445833,0.379167,-0.810842,71.100,98.974,135.064,5194.0,0.932
Venegas_intento_3.mp4,538,17933.333,True,256.000,227.000,0.000,363.000,136.000,0.445833,0.379167,-0.810842,71.510,98.407,135.822,5206.0,0.933
Venegas_intento_3.mp4,539,17966.667,True,256.000,227.000,0.000,363.000,136.000,0.445833,0.379167,-0.810842,71.481,98.415,135.917,5200.0,0.932
Venegas_intento_3.mp4,540,18000.000,True,256.000,227.000,0.000,363.000,136.000,0.445833,0.379167,-0.810842,71.737,99.123,137.560,5256.5,0.934
Venegas_intento_3.mp4,541,18033.333,True,256.000,227.000,0.000,366.000,137.000,0.458333,0.375000,-0.805795,72.180,99.003,137.428,5251.0,0.928
Venegas_intento_3.mp4,542,18066.667,True,256.000,227.000,0.000,369.000,138.000,0.470833,0.370833,-0.800499,72.142,98.964,137.574,5234.0,0.928
Venegas_intento_3.mp4,543,18100.000,True,256.000,227.000,0.000,369.000,138.000,0.470833,0.370833,-0.800499,71.915,98.526,138.635,5226.0,0.932
Venegas_intento_3.mp4,544,18133.333,True,256.000,227.000,0.000,369.000,138.000,0.470833,0.370833,-0.800499,71.976,99.506,138.399,5276.0,0.930
Venegas_intento_3.mp4,545,18166.667,True,256.000,227.000,0.000,369.000,138.000,0.470833,0.370833,-0.800499,72.888,98.898,137.167,5286.0,0.929
Venegas_intento_3.mp4,546,18200.000,True,256.000,227.000,0.000,369.000,138.000,0.470833,0.370833,-0.800499,72.041,99.833,138.255,5293.5,0.930
Venegas_intento_3.mp4,547,18233.333,True,256.000,227.000,0.000,369.000,138.000,0.470833,0.370833,-0.800499,73.495,99.366,139.093,5307.5,0.930
Venegas_intento_3.mp4,548,18266.667,True,256.000,227.000,0.000,369.000,138.000,0.470833,0.370833,-0.800499,72.239,99.714,139.431,5329.0,0.928
Venegas_intento_3.mp4,549,18300.000,True,256.000,227.000,0.000,370.000,138.000,0.475000,0.370833,-0.798034,71.664,101.280,138.229,5316.5,0.928
Venegas_intento_3.mp4,550,18333.333,True,256.000,227.000,0.000,370.000,138.000,0.475000,0.370833,-0.798034,72.266,100.649,138.858,5315.0,0.926
Venegas_intento_3.mp4,551,18366.667,True,256.000,227.000,0.000,370.000,138.000,0.475000,0.370833,-0.798034,71.966,101.136,138.354,5318.5,0.932
Venegas_intento_3.mp4,552,18400.000,True,256.000,227.000,0.000,370.000,138.000,0.475000,0.370833,-0.798034,71.409,101.889,138.743,5330.0,0.933
Venegas_intento_3.mp4,553,18433.333,True,256.000,227.000,0.000,369.000,138.000,0.470833,0.370833,-0.800499,73.886,100.165,137.941,5341.0,0.929
