video_name,frame_number,timestamp_ms,valid_deteccion,sphere_center_x,sphere_center_y,sphere_center_z,pupil_center_x,pupil_center_y,gaze_x,gaze_y,gaze_z,ellipse_width,ellipse_height,ellipse_angle,contour_area,iris_horiz_diameter_px,px_per_mm,pupil_horiz_diameter_mm
Venegas_intento_7.mp4,1,33.333,False,280.000,150.000,,,,,,,,,,,,,
Venegas_intento_7.mp4,2,66.667,False,280.000,150.000,,,,,,,,,,,,,
Venegas_intento_7.mp4,3,100.000,False,280.000,150.000,,,,,,,,,,,,,
Venegas_intento_7.mp4,4,133.333,True,280.000,150.000,0.000,355.000,119.000,0.312500,0.129167,-0.941095,66.099,85.508,118.070,4272.5,144.604,12.359277,5.348
Venegas_intento_7.mp4,5,166.667,True,280.000,150.000,0.000,354.000,119.000,0.308333,0.129167,-0.942468,66.813,89.509,128.569,4674.0,135.633,11.592599,5.763
Venegas_intento_7.mp4,6,200.000,True,280.000,150.000,0.000,354.000,119.000,0.308333,0.129167,-0.942468,66.769,89.347,128.320,4658.0,138.863,11.868647,5.626
Venegas_intento_7.mp4,7,233.333,True,280.000,150.000,0.000,354.000,120.000,0.308333,0.125000,-0.943030,67.483,89.499,128.390,4723.0,141.010,12.052138,5.599
Venegas_intento_7.mp4,8,266.667,True,280.000,150.000,0.000,354.000,121.000,0.308333,0.120833,-0.943573,67.822,89.085,127.974,4712.0,137.628,11.763083,5.766
Venegas_intento_7.mp4,9,300.000,True,280.000,150.000,0.000,354.000,122.000,0.308333,0.116667,-0.944097,67.821,88.639,127.978,4703.5,141.553,12.098580,5.606
Venegas_intento_7.mp4,10,333.333,True,280.000,150.000,0.000,359.000,119.000,0.329167,0.129167,-0.935396,58.746,85.543,128.348,3945.5,122.373,10.459222,5.617
Venegas_intento_7.mp4,11,366.667,True,280.000,150.000,0.000,366.000,115.000,0.358333,0.145833,-0.922133,56.605,85.017,131.730,3727.0,121.134,10.353371,5.467
Venegas_intento_7.mp4,12,400.000,True,280.000,150.000,0.000,373.000,110.000,0.387500,0.166667,-0.906679,55.986,85.253,131.649,3709.5,120.519,10.300770,5.435
Venegas_intento_7.mp4,13,433.333,True,280.000,150.000,0.000,376.000,109.000,0.400000,0.170833,-0.900453,56.099,84.674,132.908,3714.5,121.792,10.409574,5.389
Venegas_intento_7.mp4,14,466.667,True,280.000,150.000,0.000,376.000,109.000,0.400000,0.170833,-0.900453,56.265,85.137,132.862,3729.5,120.799,10.324687,5.450
Venegas_intento_7.mp4,15,500.000,True,280.000,150.000,0.000,376.000,109.000,0.400000,0.170833,-0.900453,55.993,84.448,132.743,3681.0,120.643,10.311389,5.430
Venegas_intento_7.mp4,16,533.333,True,280.000,150.000,0.000,376.000,110.000,0.400000,0.166667,-0.901234,56.415,84.763,133.362,3685.5,120.819,10.326390,5.463
Venegas_intento_7.mp4,17,566.667,True,280.000,150.000,0.000,378.000,109.000,0.408333,0.170833,-0.896705,52.762,82.496,131.211,3366.0,116.565,9.962855,5.296
Venegas_intento_7.mp4,18,600.000,True,280.000,150.000,0.000,380.000,109.000,0.416667,0.170833,-0.892863,53.025,82.510,131.724,3369.5,116.039,9.917867,5.346
Venegas_intento_7.mp4,19,633.333,True,280.000,150.000,0.000,382.000,108.000,0.425000,0.175000,-0.888116,52.257,81.232,132.303,3305.0,115.196,9.845846,5.308
Venegas_intento_7.mp4,20,666.667,True,280.000,150.000,0.000,383.000,108.000,0.429167,0.175000,-0.886110,52.164,81.029,131.803,3273.5,115.453,9.867798,5.286
Venegas_intento_7.mp4,21,700.000,True,280.000,150.000,0.000,383.000,108.000,0.429167,0.175000,-0.886110,52.312,80.371,131.904,3253.5,115.158,9.842579,5.315
Venegas_intento_7.mp4,22,733.333,True,280.000,150.000,0.000,383.000,109.000,0.429167,0.170833,-0.886923,52.180,80.047,131.657,3217.5,115.518,9.873334,5.285
Venegas_intento_7.mp4,23,766.667,True,280.000,150.000,0.000,383.000,109.000,0.429167,0.170833,-0.886923,52.033,79.346,131.604,3167.5,114.715,9.804713,5.307
Venegas_intento_7.mp4,24,800.000,True,280.000,150.000,0.000,384.000,109.000,0.433333,0.170833,-0.884894,51.958,79.459,132.138,3162.5,115.498,9.871597,5.263
Venegas_intento_7.mp4,25,833.333,True,280.000,150.000,0.000,384.000,109.000,0.433333,0.170833,-0.884894,51.415,78.936,131.773,3091.0,115.225,9.848321,5.221
Venegas_intento_7.mp4,26,866.667,True,280.000,150.000,0.000,384.000,110.000,0.433333,0.166667,-0.885689,50.835,78.050,132.569,3044.0,114.294,9.768696,5.204
Venegas_intento_7.mp4,27,900.000,True,280.000,150.000,0.000,385.000,109.000,0.437500,0.170833,-0.882842,49.848,77.094,132.520,2967.5,113.319,9.685372,5.147
Venegas_intento_7.mp4,28,933.333,True,280.000,150.000,0.000,385.000,109.000,0.437500,0.170833,-0.882842,48.810,76.157,132.545,2885.5,112.914,9.650741,5.058
Venegas_intento_7.mp4,29,966.667,True,280.000,150.000,0.000,386.000,109.000,0.441667,0.170833,-0.880765,48.300,75.824,133.074,2837.5,112.016,9.573997,5.045
Venegas_intento_7.mp4,30,1000.000,True,280.000,150.000,0.000,387.000,109.000,0.445833,0.170833,-0.878663,47.689,75.207,133.264,2774.0,111.206,9.504777,5.017
Venegas_intento_7.mp4,31,1033.333,True,280.000,150.000,0.000,388.000,109.000,0.450000,0.170833,-0.876536,47.526,75.309,135.399,2757.0,110.387,9.434822,5.037
Venegas_intento_7.mp4,32,1066.667,True,280.000,150.000,0.000,390.000,110.000,0.458333,0.166667,-0.873014,47.278,75.015,136.515,2725.5,110.202,9.419014,5.019
Venegas_intento_7.mp4,33,1100.000,True,280.000,150.000,0.000,392.000,112.000,0.466667,0.158333,-0.870145,47.141,74.751,137.094,2688.0,110.045,9.405531,5.012
Venegas_intento_7.mp4,34,1133.333,True,280.000,150.000,0.000,394.000,113.000,0.475000,0.154167,-0.866376,46.772,74.569,139.263,2678.0,110.362,9.432620,4.959
Venegas_intento_7.mp4,35,1166.667,True,280.000,150.000,0.000,396.000,114.000,0.483333,0.150000,-0.862490,45.974,74.662,139.166,2638.5,109.155,9.329460,4.928
Venegas_intento_7.mp4,36,1200.000,True,280.000,150.000,0.000,394.000,114.000,0.475000,0.150000,-0.867107,49.740,75.452,135.892,2869.5,112.503,9.615655,5.173
Venegas_intento_7.mp4,37,1233.333,True,280.000,150.000,0.000,392.000,114.000,0.466667,0.150000,-0.871620,48.896,75.525,136.432,2829.0,113.071,9.664228,5.059
Venegas_intento_7.mp4,38,1266.667,True,280.000,150.000,0.000,389.000,114.000,0.454167,0.150000,-0.878199,49.200,75.434,134.962,2841.5,112.543,9.619073,5.115
Venegas_intento_7.mp4,39,1300.000,True,280.000,150.000,0.000,388.000,113.000,0.450000,0.154167,-0.879621,49.677,75.943,135.286,2878.5,113.908,9.735767,5.103
Venegas_intento_7.mp4,40,1333.333,True,280.000,150.000,0.000,387.000,112.000,0.445833,0.158333,-0.881001,49.803,76.454,135.354,2924.5,114.243,9.764338,5.101
Venegas_intento_7.mp4,41,1366.667,True,280.000,150.000,0.000,386.000,112.000,0.441667,0.158333,-0.883097,50.524,75.903,135.271,2953.0,114.248,9.764793,5.174
Venegas_intento_7.mp4,42,1400.000,True,280.000,150.000,0.000,385.000,113.000,0.437500,0.154167,-0.885904,50.868,75.946,134.641,2970.0,115.219,9.847736,5.165
Venegas_intento_7.mp4,43,1433.333,True,280.000,150.000,0.000,384.000,113.000,0.433333,0.154167,-0.887950,50.693,75.438,134.392,2920.0,116.099,9.923033,5.109
Venegas_intento_7.mp4,44,1466.667,True,280.000,150.000,0.000,383.000,113.000,0.429167,0.154167,-0.889971,50.790,75.165,134.201,2934.0,117.008,10.000716,5.079
Venegas_intento_7.mp4,45,1500.000,True,280.000,150.000,0.000,382.000,113.000,0.425000,0.154167,-0.891968,50.942,75.160,133.528,2944.0,117.569,10.048606,5.070
Venegas_intento_7.mp4,46,1533.333,True,280.000,150.000,0.000,381.000,113.000,0.420833,0.154167,-0.893942,51.235,75.070,133.134,2950.0,117.966,10.082552,5.082
Venegas_intento_7.mp4,47,1566.667,True,280.000,150.000,0.000,379.000,113.000,0.412500,0.154167,-0.897818,51.892,75.038,132.469,2979.0,121.791,10.409462,4.985
Venegas_intento_7.mp4,48,1600.000,True,280.000,150.000,0.000,377.000,112.000,0.404167,0.158333,-0.900877,54.298,74.091,130.132,3080.5,130.846,11.183435,4.855
Venegas_intento_7.mp4,49,1633.333,True,280.000,150.000,0.000,369.000,112.000,0.370833,0.158333,-0.915103,56.279,76.442,124.518,3329.5,137.906,11.786819,4.775
Venegas_intento_7.mp4,50,1666.667,True,280.000,150.000,0.000,362.000,112.000,0.341667,0.158333,-0.926388,56.110,76.868,125.469,3348.0,138.048,11.798989,4.755
Venegas_intento_7.mp4,51,1700.000,True,280.000,150.000,0.000,357.000,113.000,0.320833,0.154167,-0.934504,56.509,77.532,125.012,3380.5,136.454,11.662753,4.845
Venegas_intento_7.mp4,52,1733.333,True,280.000,150.000,0.000,358.000,113.000,0.325000,0.154167,-0.933064,56.632,77.985,125.914,3421.0,135.184,11.554215,4.901
Venegas_intento_7.mp4,53,1766.667,True,280.000,150.000,0.000,360.000,113.000,0.333333,0.154167,-0.930119,56.915,78.704,127.498,3464.0,135.299,11.564056,4.922
Venegas_intento_7.mp4,54,1800.000,True,280.000,150.000,0.000,361.000,113.000,0.337500,0.154167,-0.928615,57.295,79.240,128.897,3493.0,136.036,11.627008,4.928
Venegas_intento_7.mp4,55,1833.333,True,280.000,150.000,0.000,362.000,113.000,0.341667,0.154167,-0.927090,57.128,79.341,129.335,3489.5,138.321,11.822282,4.832
Venegas_intento_7.mp4,56,1866.667,True,280.000,150.000,0.000,362.000,114.000,0.341667,0.150000,-0.927774,57.311,79.534,129.609,3514.5,138.514,11.838799,4.841
Venegas_intento_7.mp4,57,1900.000,True,280.000,150.000,0.000,361.000,114.000,0.337500,0.150000,-0.929297,58.521,79.945,128.327,3591.0,139.174,11.895208,4.920
Venegas_intento_7.mp4,58,1933.333,True,280.000,150.000,0.000,360.000,115.000,0.333333,0.145833,-0.931462,59.630,80.876,128.095,3700.0,140.010,11.966705,4.983
Venegas_intento_7.mp4,59,1966.667,True,280.000,150.000,0.000,358.000,115.000,0.325000,0.145833,-0.934402,59.922,81.051,127.562,3757.0,140.540,12.011961,4.989
Venegas_intento_7.mp4,60,2000.000,True,280.000,150.000,0.000,354.000,116.000,0.308333,0.141667,-0.940671,63.257,81.474,123.346,4012.0,142.383,12.169491,5.198
Venegas_intento_7.mp4,61,2033.333,True,280.000,150.000,0.000,351.000,117.000,0.295833,0.137500,-0.945292,62.648,82.031,123.697,4006.0,141.795,12.119244,5.169
Venegas_intento_7.mp4,62,2066.667,True,280.000,150.000,0.000,348.000,117.000,0.283333,0.137500,-0.949113,62.790,82.397,123.259,4017.5,142.435,12.173939,5.158
Venegas_intento_7.mp4,63,2100.000,True,280.000,150.000,0.000,348.000,117.000,0.283333,0.137500,-0.949113,62.692,81.829,123.366,3990.0,141.986,12.135595,5.166
Venegas_intento_7.mp4,64,2133.333,True,280.000,150.000,0.000,347.000,116.000,0.279167,0.141667,-0.949735,62.639,82.051,123.510,4000.5,141.950,12.132506,5.163
Venegas_intento_7.mp4,65,2166.667,True,280.000,150.000,0.000,347.000,116.000,0.279167,0.141667,-0.949735,62.777,81.956,123.280,3999.0,143.221,12.241070,5.128
Venegas_intento_7.mp4,66,2200.000,True,280.000,150.000,0.000,347.000,116.000,0.279167,0.141667,-0.949735,62.467,81.860,124.192,3977.0,142.715,12.197825,5.121
Venegas_intento_7.mp4,67,2233.333,True,280.000,150.000,0.000,348.000,116.000,0.283333,0.141667,-0.948500,62.634,81.837,124.009,3988.5,142.293,12.161826,5.150
Venegas_intento_7.mp4,68,2266.667,True,280.000,150.000,0.000,349.000,116.000,0.287500,0.141667,-0.947246,62.835,82.119,124.048,3996.0,143.590,12.272645,5.120
Venegas_intento_7.mp4,69,2300.000,True,280.000,150.000,0.000,350.000,116.000,0.291667,0.141667,-0.945971,62.598,82.358,124.343,4011.5,143.352,12.252320,5.109
Venegas_intento_7.mp4,70,2333.333,True,280.000,150.000,0.000,350.000,117.000,0.291667,0.137500,-0.946586,63.206,82.513,125.600,4062.5,144.025,12.309788,5.135
Venegas_intento_7.mp4,71,2366.667,True,280.000,150.000,0.000,351.000,117.000,0.295833,0.137500,-0.945292,63.518,82.497,125.257,4071.0,144.635,12.361990,5.138
Venegas_intento_7.mp4,72,2400.000,True,280.000,150.000,0.000,350.000,118.000,0.291667,0.133333,-0.947181,65.209,82.609,125.624,4185.5,145.792,12.460836,5.233
Venegas_intento_7.mp4,73,2433.333,True,280.000,150.000,0.000,347.000,119.000,0.279167,0.129167,-0.951516,66.007,84.264,122.567,4315.5,146.643,12.533556,5.266
Venegas_intento_7.mp4,74,2466.667,True,280.000,150.000,0.000,344.000,120.000,0.266667,0.125000,-0.955648,65.933,83.827,123.063,4303.5,147.277,12.587807,5.238
Venegas_intento_7.mp4,75,2500.000,True,280.000,150.000,0.000,341.000,120.000,0.254167,0.125000,-0.959049,65.928,83.609,123.147,4286.5,147.024,12.566184,5.246
Venegas_intento_7.mp4,76,2533.333,True,280.000,150.000,0.000,341.000,120.000,0.254167,0.125000,-0.959049,65.740,83.570,122.692,4274.5,147.085,12.571355,5.229
Venegas_intento_7.mp4,77,2566.667,True,280.000,150.000,0.000,341.000,119.000,0.254167,0.129167,-0.958496,65.294,83.498,122.211,4247.0,146.028,12.480998,5.231
Venegas_intento_7.mp4,78,2600.000,True,280.000,150.000,0.000,341.000,119.000,0.254167,0.129167,-0.958496,65.003,83.441,122.807,4222.5,147.152,12.577112,5.168
Venegas_intento_7.mp4,79,2633.333,True,280.000,150.000,0.000,341.000,118.000,0.254167,0.133333,-0.957926,64.794,83.383,122.230,4202.0,146.374,12.510576,5.179
Venegas_intento_7.mp4,80,2666.667,True,280.000,150.000,0.000,335.000,118.000,0.229167,0.133333,-0.964212,69.381,81.299,117.494,4357.5,149.862,12.808679,5.417
Venegas_intento_7.mp4,81,2700.000,True,280.000,150.000,0.000,323.000,121.000,0.179167,0.120833,-0.976370,69.181,84.899,107.852,4497.0,146.867,12.552767,5.511
Venegas_intento_7.mp4,82,2733.333,True,280.000,150.000,0.000,312.000,123.000,0.133333,0.112500,-0.984665,68.416,84.320,108.962,4388.5,147.364,12.595212,5.432
Venegas_intento_7.mp4,83,2766.667,True,280.000,150.000,0.000,307.000,124.000,0.112500,0.108333,-0.987729,67.525,84.394,109.434,4377.0,148.629,12.703316,5.316
Venegas_intento_7.mp4,84,2800.000,True,280.000,150.000,0.000,308.000,122.000,0.116667,0.116667,-0.986295,67.322,84.482,111.020,4390.0,149.030,12.737585,5.285
Venegas_intento_7.mp4,85,2833.333,True,280.000,150.000,0.000,310.000,120.000,0.125000,0.125000,-0.984251,66.969,84.474,110.774,4391.5,149.372,12.766828,5.246
Venegas_intento_7.mp4,86,2866.667,True,280.000,150.000,0.000,311.000,119.000,0.129167,0.129167,-0.983174,66.590,84.923,110.630,4408.5,148.843,12.721635,5.234
Venegas_intento_7.mp4,87,2900.000,True,280.000,150.000,0.000,313.000,118.000,0.137500,0.133333,-0.981487,66.942,84.721,111.572,4384.5,148.912,12.727505,5.260
Venegas_intento_7.mp4,88,2933.333,True,280.000,150.000,0.000,314.000,117.000,0.141667,0.137500,-0.980318,66.213,84.605,111.811,4342.5,146.855,12.551717,5.275
Venegas_intento_7.mp4,89,2966.667,True,280.000,150.000,0.000,314.000,116.000,0.141667,0.141667,-0.979725,65.039,83.394,110.925,4233.5,159.510,13.633315,4.771
Venegas_intento_7.mp4,90,3000.000,True,280.000,150.000,0.000,319.000,116.000,0.162500,0.141667,-0.976486,59.902,74.788,103.260,3418.5,140.183,11.981465,5.000
Venegas_intento_7.mp4,91,3033.333,False,280.000,150.000,,,,,,,,,,,,,
Venegas_intento_7.mp4,92,3066.667,False,280.000,150.000,,,,,,,,,,,,,
Venegas_intento_7.mp4,93,3100.000,True,280.000,150.000,0.000,332.000,114.000,0.216667,0.150000,-0.964653,57.975,79.107,115.422,3506.5,140.372,11.997647,4.832
Venegas_intento_7.mp4,94,3133.333,True,280.000,150.000,0.000,345.000,113.000,0.270833,0.154167,-0.950201,58.522,82.419,123.703,3752.5,130.782,11.177928,5.235
Venegas_intento_7.mp4,95,3166.667,True,280.000,150.000,0.000,355.000,111.000,0.312500,0.162500,-0.935915,58.211,82.164,124.222,3733.0,131.843,11.268647,5.166
Venegas_intento_7.mp4,96,3200.000,True,280.000,150.000,0.000,356.000,110.000,0.316667,0.166667,-0.933780,58.321,82.290,125.751,3716.0,127.530,10.899999,5.351
Venegas_intento_7.mp4,97,3233.333,True,280.000,150.000,0.000,357.000,109.000,0.320833,0.170833,-0.931602,58.067,82.795,125.837,3746.5,127.390,10.888028,5.333
Venegas_intento_7.mp4,98,3266.667,True,280.000,150.000,0.000,359.000,109.000,0.329167,0.170833,-0.928690,58.184,82.999,127.284,3740.5,127.475,10.895258,5.340
Venegas_intento_7.mp4,99,3300.000,True,280.000,150.000,0.000,361.000,109.000,0.337500,0.170833,-0.925694,57.731,83.569,127.796,3752.0,126.381,10.801791,5.345
Venegas_intento_7.mp4,100,3333.333,True,280.000,150.000,0.000,355.000,111.000,0.312500,0.162500,-0.935915,63.955,80.521,121.033,4045.0,137.204,11.726837,5.454
Venegas_intento_7.mp4,101,3366.667,True,280.000,150.000,0.000,343.000,113.000,0.262500,0.154167,-0.952537,64.999,86.596,114.066,4320.0,139.497,11.922860,5.452
Venegas_intento_7.mp4,102,3400.000,True,280.000,150.000,0.000,330.000,115.000,0.208333,0.145833,-0.967125,65.756,86.372,116.530,4301.0,142.456,12.175686,5.401
Venegas_intento_7.mp4,103,3433.333,True,280.000,150.000,0.000,325.000,116.000,0.187500,0.141667,-0.971995,64.635,87.020,116.932,4309.0,145.523,12.437893,5.197
Venegas_intento_7.mp4,104,3466.667,True,280.000,150.000,0.000,327.000,115.000,0.195833,0.145833,-0.969733,64.398,86.895,116.122,4289.0,145.976,12.476621,5.161
Venegas_intento_7.mp4,105,3500.000,True,280.000,150.000,0.000,330.000,114.000,0.208333,0.150000,-0.966487,65.373,86.832,118.961,4286.5,147.375,12.596113,5.190
Venegas_intento_7.mp4,106,3533.333,True,280.000,150.000,0.000,328.000,115.000,0.200000,0.145833,-0.968882,67.694,84.553,110.858,4308.5,147.406,12.598792,5.373
Venegas_intento_7.mp4,107,3566.667,True,280.000,150.000,0.000,322.000,116.000,0.175000,0.141667,-0.974323,68.823,86.076,109.958,4436.5,144.901,12.384671,5.557
Venegas_intento_7.mp4,108,3600.000,True,280.000,150.000,0.000,315.000,118.000,0.145833,0.133333,-0.980283,68.995,85.670,110.134,4409.5,146.394,12.512335,5.514
Venegas_intento_7.mp4,109,3633.333,True,280.000,150.000,0.000,312.000,118.000,0.133333,0.133333,-0.982061,68.739,85.697,108.492,4412.0,146.796,12.546706,5.479
Venegas_intento_7.mp4,110,3666.667,True,280.000,150.000,0.000,313.000,118.000,0.137500,0.133333,-0.981487,67.053,85.506,108.042,4311.5,147.579,12.613578,5.316
Venegas_intento_7.mp4,111,3700.000,True,280.000,150.000,0.000,314.000,118.000,0.141667,0.133333,-0.980894,66.848,84.484,108.702,4236.0,147.651,12.619784,5.297
Venegas_intento_7.mp4,112,3733.333,True,280.000,150.000,0.000,314.000,118.000,0.141667,0.133333,-0.980894,66.432,83.828,107.217,4185.5,148.310,12.676110,5.241
Venegas_intento_7.mp4,113,3766.667,True,280.000,150.000,0.000,314.000,118.000,0.141667,0.133333,-0.980894,65.829,83.076,107.847,4095.5,147.773,12.630186,5.212
Venegas_intento_7.mp4,114,3800.000,True,280.000,150.000,0.000,317.000,117.000,0.154167,0.137500,-0.978431,61.683,82.474,113.076,3885.0,145.158,12.406624,4.972
Venegas_intento_7.mp4,115,3833.333,True,280.000,150.000,0.000,320.000,116.000,0.166667,0.141667,-0.975783,62.777,81.009,114.479,3869.0,143.853,12.295107,5.106
Venegas_intento_7.mp4,116,3866.667,True,280.000,150.000,0.000,323.000,115.000,0.179167,0.145833,-0.972950,62.006,80.526,114.274,3821.0,144.647,12.362951,5.015
Venegas_intento_7.mp4,117,3900.000,True,280.000,150.000,0.000,323.000,115.000,0.179167,0.145833,-0.972950,62.004,79.180,114.610,3734.0,145.655,12.449175,4.981
Venegas_intento_7.mp4,118,3933.333,True,280.000,150.000,0.000,322.000,116.000,0.175000,0.141667,-0.974323,60.556,78.243,112.138,3606.0,145.451,12.431751,4.871
Venegas_intento_7.mp4,119,3966.667,True,280.000,150.000,0.000,321.000,116.000,0.170833,0.141667,-0.975062,60.271,77.549,112.148,3551.0,145.038,12.396401,4.862
Venegas_intento_7.mp4,120,4000.000,True,280.000,150.000,0.000,320.000,116.000,0.166667,0.141667,-0.975783,60.004,76.667,112.261,3501.0,145.463,12.432774,4.826
Venegas_intento_7.mp4,121,4033.333,True,280.000,150.000,0.000,323.000,115.000,0.179167,0.145833,-0.972950,54.398,77.266,117.993,3248.0,139.092,11.888219,4.576
Venegas_intento_7.mp4,122,4066.667,True,280.000,150.000,0.000,340.000,113.000,0.250000,0.154167,-0.955894,47.686,75.817,129.906,2784.5,119.126,10.181677,4.684
Venegas_intento_7.mp4,123,4100.000,True,280.000,150.000,0.000,358.000,111.000,0.325000,0.162500,-0.931648,48.915,73.677,131.881,2785.5,119.637,10.225371,4.784
Venegas_intento_7.mp4,124,4133.333,True,280.000,150.000,0.000,372.000,110.000,0.383333,0.166667,-0.908448,48.903,74.067,131.130,2802.0,119.203,10.188303,4.800
Venegas_intento_7.mp4,125,4166.667,True,280.000,150.000,0.000,373.000,109.000,0.387500,0.170833,-0.905903,48.852,74.362,131.245,2815.0,120.352,10.286454,4.749
Venegas_intento_7.mp4,126,4200.000,True,280.000,150.000,0.000,372.000,109.000,0.383333,0.170833,-0.907674,49.527,74.577,130.888,2846.0,120.374,10.288403,4.814
Venegas_intento_7.mp4,127,4233.333,True,280.000,150.000,0.000,371.000,109.000,0.379167,0.170833,-0.909422,49.561,75.186,130.662,2895.5,121.375,10.373915,4.777
Venegas_intento_7.mp4,128,4266.667,True,280.000,150.000,0.000,371.000,109.000,0.379167,0.170833,-0.909422,50.388,76.205,130.689,2958.5,122.422,10.463431,4.816
Venegas_intento_7.mp4,129,4300.000,True,280.000,150.000,0.000,363.000,109.000,0.345833,0.170833,-0.922613,57.041,75.818,120.203,3352.0,137.041,11.712923,4.870
Venegas_intento_7.mp4,130,4333.333,True,280.000,150.000,0.000,355.000,110.000,0.312500,0.166667,-0.935182,56.218,78.776,121.053,3420.5,139.522,11.924999,4.714
Venegas_intento_7.mp4,131,4366.667,True,280.000,150.000,0.000,346.000,111.000,0.275000,0.162500,-0.947612,57.015,79.165,121.144,3513.5,138.341,11.824047,4.822
Venegas_intento_7.mp4,132,4400.000,True,280.000,150.000,0.000,345.000,112.000,0.270833,0.158333,-0.949516,57.838,79.886,121.274,3595.5,138.112,11.804417,4.900
Venegas_intento_7.mp4,133,4433.333,True,280.000,150.000,0.000,345.000,112.000,0.270833,0.158333,-0.949516,58.425,80.335,121.066,3603.5,138.862,11.868512,4.923
Venegas_intento_7.mp4,134,4466.667,True,280.000,150.000,0.000,345.000,113.000,0.270833,0.154167,-0.950201,59.004,80.908,122.155,3701.5,141.008,12.051932,4.896
Venegas_intento_7.mp4,135,4500.000,True,300.000,170.000,0.000,344.000,114.000,0.183333,0.233333,-0.954958,61.016,81.064,122.132,3831.5,145.427,12.429662,4.909
Venegas_intento_7.mp4,136,4533.333,True,306.000,171.000,0.000,343.000,115.000,0.154167,0.233333,-0.960098,61.671,82.797,121.439,3952.5,144.775,12.373948,4.984
Venegas_intento_7.mp4,137,4566.667,True,308.000,171.000,0.000,341.000,116.000,0.137500,0.229167,-0.963627,62.527,83.248,122.292,4049.5,144.868,12.381873,5.050
Venegas_intento_7.mp4,138,4600.000,True,309.000,171.000,0.000,341.000,117.000,0.133333,0.225000,-0.965193,63.849,84.357,121.789,4160.5,146.132,12.489953,5.112
Venegas_intento_7.mp4,139,4633.333,True,309.000,170.000,0.000,341.000,119.000,0.133333,0.212500,-0.968022,65.468,85.251,123.334,4265.0,147.676,12.621845,5.187
Venegas_intento_7.mp4,140,4666.667,True,309.000,170.000,0.000,341.000,121.000,0.133333,0.204167,-0.969813,66.152,86.348,125.226,4332.0,148.838,12.721161,5.200
Venegas_intento_7.mp4,141,4700.000,True,308.000,170.000,0.000,341.000,124.000,0.137500,0.191667,-0.971781,66.793,86.317,127.455,4385.0,148.354,12.679837,5.268
Venegas_intento_7.mp4,142,4733.333,True,308.000,171.000,0.000,341.000,126.000,0.137500,0.187500,-0.972593,67.877,86.151,128.306,4417.5,155.908,13.325454,5.094
Venegas_intento_7.mp4,143,4766.667,True,307.000,171.000,0.000,345.000,129.000,0.158333,0.175000,-0.971754,61.678,74.427,106.144,3394.5,124.666,10.655251,5.789
Venegas_intento_7.mp4,144,4800.000,False,307.000,171.000,,,,,,,,,,,,,
Venegas_intento_7.mp4,145,4833.333,False,307.000,171.000,,,,,,,,,,,,,
Venegas_intento_7.mp4,146,4866.667,False,307.000,172.000,,,,,,,,,,,,,
Venegas_intento_7.mp4,147,4900.000,False,307.000,172.000,,,,,,,,,,,,,
Venegas_intento_7.mp4,148,4933.333,True,307.000,172.000,0.000,362.000,131.000,0.229167,0.170833,-0.958279,54.958,68.407,102.869,2739.0,120.824,10.326847,5.322
Venegas_intento_7.mp4,149,4966.667,True,307.000,172.000,0.000,379.000,131.000,0.300000,0.170833,-0.938518,57.536,74.928,133.318,3111.5,132.378,11.314350,5.085
Venegas_intento_7.mp4,150,5000.000,True,307.000,172.000,0.000,390.000,128.000,0.345833,0.183333,-0.920211,54.598,78.878,138.294,3232.0,136.356,11.654325,4.685
Venegas_intento_7.mp4,151,5033.333,True,308.000,173.000,0.000,387.000,124.000,0.329167,0.204167,-0.921936,54.062,76.980,141.122,3229.0,135.277,11.562127,4.676
Venegas_intento_7.mp4,152,5066.667,True,308.000,173.000,0.000,384.000,121.000,0.316667,0.216667,-0.923460,53.920,76.261,138.114,3186.5,118.199,10.102504,5.337
Venegas_intento_7.mp4,153,5100.000,True,308.000,173.000,0.000,381.000,119.000,0.304167,0.225000,-0.925666,53.717,76.162,136.198,3159.0,118.226,10.104777,5.316
Venegas_intento_7.mp4,154,5133.333,True,308.000,173.000,0.000,378.000,117.000,0.291667,0.233333,-0.927624,54.928,76.654,134.159,3257.5,120.160,10.270119,5.348
Venegas_intento_7.mp4,155,5166.667,True,308.000,173.000,0.000,374.000,116.000,0.275000,0.237500,-0.931648,56.202,77.636,132.482,3380.5,121.911,10.419705,5.394
Venegas_intento_7.mp4,156,5200.000,True,308.000,173.000,0.000,371.000,116.000,0.262500,0.237500,-0.935247,57.478,78.357,131.053,3490.5,123.914,10.590903,5.427
Venegas_intento_7.mp4,157,5233.333,True,308.000,174.000,0.000,368.000,118.000,0.250000,0.233333,-0.939710,53.242,69.795,91.479,2731.0,115.623,9.882297,5.388
Venegas_intento_7.mp4,158,5266.667,False,308.000,174.000,,,,,,,,,,,,,
Venegas_intento_7.mp4,159,5300.000,False,308.000,174.000,,,,,,,,,,,,,
Venegas_intento_7.mp4,160,5333.333,False,308.000,174.000,,,,,,,,,,,,,
Venegas_intento_7.mp4,161,5366.667,False,308.000,174.000,,,,,,,,,,,,,
Venegas_intento_7.mp4,162,5400.000,False,308.000,175.000,,,,,,,,,,,,,
Venegas_intento_7.mp4,163,5433.333,False,308.000,175.000,,,,,,,,,,,,,
Venegas_intento_7.mp4,164,5466.667,False,308.000,175.000,,,,,,,,,,,,,
Venegas_intento_7.mp4,165,5500.000,False,308.000,175.000,,,,,,,,,,,,,
Venegas_intento_7.mp4,166,5533.333,True,308.000,175.000,0.000,364.000,121.000,0.233333,0.225000,-0.946008,67.142,84.183,110.925,4314.5,147.576,12.613295,5.323
Venegas_intento_7.mp4,167,5566.667,True,308.000,175.000,0.000,359.000,124.000,0.212500,0.212500,-0.953775,70.378,88.858,125.961,4791.5,157.523,13.463483,5.227
Venegas_intento_7.mp4,168,5600.000,True,308.000,176.000,0.000,355.000,124.000,0.195833,0.216667,-0.956402,70.600,89.060,129.919,4891.0,150.567,12.868956,5.486
Venegas_intento_7.mp4,169,5633.333,True,308.000,176.000,0.000,355.000,123.000,0.195833,0.220833,-0.955449,70.967,88.534,130.321,4907.5,134.918,11.531465,6.154
Venegas_intento_7.mp4,170,5666.667,True,308.000,176.000,0.000,355.000,123.000,0.195833,0.220833,-0.955449,71.016,88.157,129.884,4907.0,135.402,11.572786,6.136
Venegas_intento_7.mp4,171,5700.000,True,307.000,176.000,0.000,343.000,124.000,0.150000,0.216667,-0.964653,80.508,85.842,120.612,5321.5,152.437,13.028811,6.179
Venegas_intento_7.mp4,172,5733.333,True,307.000,176.000,0.000,327.000,127.000,0.083333,0.204167,-0.975383,78.275,90.608,112.997,5462.5,154.754,13.226837,5.918
Venegas_intento_7.mp4,173,5766.667,True,307.000,176.000,0.000,311.000,129.000,0.016667,0.195833,-0.980496,78.118,89.981,114.276,5414.5,156.328,13.361385,5.847
Venegas_intento_7.mp4,174,5800.000,True,307.000,177.000,0.000,307.000,129.000,0.000000,0.200000,-0.979796,78.064,89.703,114.804,5390.5,160.039,13.678521,5.707
Venegas_intento_7.mp4,175,5833.333,True,307.000,177.000,0.000,308.000,128.000,0.004167,0.204167,-0.978927,77.642,89.289,116.663,5349.5,157.402,13.453142,5.771
Venegas_intento_7.mp4,176,5866.667,True,307.000,177.000,0.000,309.000,127.000,0.008333,0.208333,-0.978022,76.695,88.592,116.571,5271.5,156.423,13.369524,5.737
Venegas_intento_7.mp4,177,5900.000,True,307.000,177.000,0.000,310.000,126.000,0.012500,0.212500,-0.977081,74.805,87.905,116.190,5133.5,150.907,12.898003,5.800
Venegas_intento_7.mp4,178,5933.333,True,307.000,177.000,0.000,311.000,125.000,0.016667,0.216667,-0.976103,73.678,86.819,116.281,4989.0,144.445,12.345745,5.968
Venegas_intento_7.mp4,179,5966.667,True,307.000,177.000,0.000,313.000,124.000,0.025000,0.220833,-0.974991,72.467,85.675,114.911,4856.0,144.805,12.376473,5.855
Venegas_intento_7.mp4,180,6000.000,True,307.000,178.000,0.000,314.000,123.000,0.029167,0.229167,-0.972950,71.206,84.712,115.433,4714.5,144.996,12.392848,5.746
Venegas_intento_7.mp4,181,6033.333,True,307.000,178.000,0.000,315.000,123.000,0.033333,0.229167,-0.972816,70.347,84.125,114.142,4605.5,143.886,12.297940,5.720
Venegas_intento_7.mp4,182,6066.667,True,307.000,178.000,0.000,319.000,122.000,0.050000,0.233333,-0.971110,66.144,84.752,120.580,4363.5,138.822,11.865148,5.575
Venegas_intento_7.mp4,183,6100.000,True,306.000,178.000,0.000,328.000,121.000,0.091667,0.237500,-0.967053,65.758,81.906,123.557,4216.0,142.242,12.157462,5.409
Venegas_intento_7.mp4,184,6133.333,True,306.000,178.000,0.000,338.000,120.000,0.133333,0.241667,-0.961155,64.834,81.608,124.618,4146.5,139.410,11.915389,5.441
Venegas_intento_7.mp4,185,6166.667,True,306.000,178.000,0.000,344.000,119.000,0.158333,0.245833,-0.956293,63.921,81.599,125.471,4068.5,137.912,11.787366,5.423
Venegas_intento_7.mp4,186,6200.000,True,306.000,178.000,0.000,346.000,119.000,0.166667,0.245833,-0.954876,63.360,81.008,126.169,4016.5,138.307,11.821070,5.360
Venegas_intento_7.mp4,187,6233.333,True,306.000,179.000,0.000,337.000,120.000,0.129167,0.245833,-0.960667,68.101,77.875,112.085,4152.5,147.825,12.634590,5.390
Venegas_intento_7.mp4,188,6266.667,True,306.000,179.000,0.000,327.000,120.000,0.087500,0.245833,-0.965355,65.301,81.484,113.275,4164.0,141.932,12.130967,5.383
Venegas_intento_7.mp4,189,6300.000,True,306.000,179.000,0.000,317.000,121.000,0.045833,0.241667,-0.969276,65.267,80.852,114.252,4119.5,144.638,12.362186,5.280
Venegas_intento_7.mp4,190,6333.333,True,306.000,179.000,0.000,317.000,120.000,0.045833,0.245833,-0.968228,64.612,80.635,115.247,4062.5,141.038,12.054563,5.360
Venegas_intento_7.mp4,191,6366.667,True,306.000,179.000,0.000,319.000,119.000,0.054167,0.250000,-0.966730,64.128,80.537,116.496,4048.5,141.333,12.079768,5.309
Venegas_intento_7.mp4,192,6400.000,True,306.000,179.000,0.000,322.000,119.000,0.066667,0.250000,-0.965948,63.772,80.713,116.455,4030.5,141.179,12.066568,5.285
Venegas_intento_7.mp4,193,6433.333,True,306.000,179.000,0.000,334.000,118.000,0.116667,0.254167,-0.960098,55.289,81.698,128.903,3520.0,132.009,11.282853,4.900
Venegas_intento_7.mp4,194,6466.667,True,306.000,179.000,0.000,356.000,119.000,0.208333,0.250000,-0.945567,52.960,78.783,139.393,3229.5,115.745,9.892765,5.353
Venegas_intento_7.mp4,195,6500.000,True,305.000,180.000,0.000,378.000,120.000,0.304167,0.250000,-0.919229,52.850,78.569,140.083,3211.5,115.567,9.877555,5.351
Venegas_intento_7.mp4,196,6533.333,True,305.000,180.000,0.000,390.000,121.000,0.354167,0.245833,-0.902293,51.897,78.252,141.506,3138.5,115.496,9.871414,5.257
Venegas_intento_7.mp4,197,6566.667,True,305.000,180.000,0.000,390.000,120.000,0.354167,0.250000,-0.901147,51.544,78.400,141.246,3118.0,114.649,9.799065,5.260
Venegas_intento_7.mp4,198,6600.000,True,305.000,180.000,0.000,391.000,120.000,0.358333,0.250000,-0.899498,51.486,78.498,141.339,3137.0,115.001,9.829159,5.238
Venegas_intento_7.mp4,199,6633.333,True,305.000,180.000,0.000,391.000,120.000,0.358333,0.250000,-0.899498,51.341,79.050,141.398,3133.0,115.260,9.851317,5.212
Venegas_intento_7.mp4,200,6666.667,True,305.000,180.000,0.000,393.000,120.000,0.366667,0.250000,-0.896134,50.209,78.855,143.462,3055.0,113.798,9.726293,5.162
Venegas_intento_7.mp4,201,6700.000,True,305.000,180.000,0.000,394.000,121.000,0.370833,0.245833,-0.895572,50.479,79.147,143.516,3079.0,113.091,9.665880,5.222
Venegas_intento_7.mp4,202,6733.333,True,305.000,180.000,0.000,396.000,121.000,0.379167,0.245833,-0.892075,50.765,79.066,143.155,3114.0,113.169,9.672545,5.248
Venegas_intento_7.mp4,203,6766.667,True,305.000,180.000,0.000,395.000,120.000,0.375000,0.250000,-0.892679,51.214,80.172,143.258,3146.5,114.042,9.747156,5.254
Venegas_intento_7.mp4,204,6800.000,True,305.000,180.000,0.000,395.000,120.000,0.375000,0.250000,-0.892679,51.626,80.521,142.624,3212.0,114.400,9.777748,5.280
Venegas_intento_7.mp4,205,6833.333,True,305.000,180.000,0.000,394.000,120.000,0.370833,0.250000,-0.894417,51.764,81.251,142.661,3277.5,114.863,9.817358,5.273
Venegas_intento_7.mp4,206,6866.667,True,305.000,180.000,0.000,394.000,120.000,0.370833,0.250000,-0.894417,52.793,82.004,142.517,3336.0,116.133,9.925871,5.319
Venegas_intento_7.mp4,207,6900.000,True,305.000,180.000,0.000,393.000,120.000,0.366667,0.250000,-0.896134,53.289,82.776,142.097,3385.5,116.704,9.974685,5.342
Venegas_intento_7.mp4,208,6933.333,True,305.000,181.000,0.000,392.000,120.000,0.362500,0.254167,-0.896657,53.816,82.271,142.169,3424.5,117.242,10.020687,5.370
Venegas_intento_7.mp4,209,6966.667,True,305.000,181.000,0.000,391.000,120.000,0.358333,0.254167,-0.898330,55.052,82.623,141.341,3487.5,117.494,10.042185,5.482
Venegas_intento_7.mp4,210,7000.000,True,305.000,181.000,0.000,389.000,120.000,0.350000,0.254167,-0.901609,56.865,82.968,139.824,3663.0,119.503,10.213927,5.567
Venegas_intento_7.mp4,211,7033.333,True,304.000,181.000,0.000,387.000,120.000,0.345833,0.254167,-0.903216,57.255,83.438,138.811,3669.0,120.203,10.273775,5.573
Venegas_intento_7.mp4,212,7066.667,True,304.000,181.000,0.000,386.000,120.000,0.341667,0.254167,-0.904800,57.468,83.725,137.920,3667.0,119.684,10.229394,5.618
Venegas_intento_7.mp4,213,7100.000,True,304.000,181.000,0.000,385.000,120.000,0.337500,0.254167,-0.906363,57.508,83.229,138.790,3673.0,120.333,10.284857,5.592
Venegas_intento_7.mp4,214,7133.333,True,304.000,181.000,0.000,385.000,120.000,0.337500,0.254167,-0.906363,57.639,82.582,138.235,3648.0,119.504,10.214011,5.643
Venegas_intento_7.mp4,215,7166.667,True,304.000,181.000,0.000,385.000,120.000,0.337500,0.254167,-0.906363,57.190,82.509,138.390,3643.0,119.823,10.241295,5.584
Venegas_intento_7.mp4,216,7200.000,True,304.000,181.000,0.000,385.000,120.000,0.337500,0.254167,-0.906363,57.130,82.816,138.037,3625.0,120.142,10.268541,5.564
Venegas_intento_7.mp4,217,7233.333,True,304.000,181.000,0.000,385.000,120.000,0.337500,0.254167,-0.906363,56.856,82.751,137.655,3617.0,119.796,10.239000,5.553
Venegas_intento_7.mp4,218,7266.667,True,304.000,181.000,0.000,385.000,120.000,0.337500,0.254167,-0.906363,56.518,82.566,138.100,3560.5,118.885,10.161081,5.562
Venegas_intento_7.mp4,219,7300.000,True,304.000,181.000,0.000,386.000,120.000,0.341667,0.254167,-0.904800,56.297,83.022,138.422,3549.0,119.268,10.193874,5.523
Venegas_intento_7.mp4,220,7333.333,True,304.000,181.000,0.000,387.000,120.000,0.345833,0.254167,-0.903216,56.517,82.074,138.783,3545.0,118.458,10.124610,5.582
Venegas_intento_7.mp4,221,7366.667,True,304.000,181.000,0.000,388.000,120.000,0.350000,0.254167,-0.901609,56.003,81.646,138.885,3524.5,118.927,10.164695,5.510
Venegas_intento_7.mp4,222,7400.000,True,304.000,182.000,0.000,388.000,120.000,0.350000,0.258333,-0.900424,56.233,81.837,138.860,3539.0,119.364,10.202032,5.512
Venegas_intento_7.mp4,223,7433.333,True,304.000,182.000,0.000,388.000,121.000,0.350000,0.254167,-0.901609,56.233,81.192,139.796,3525.0,118.440,10.123057,5.555
Venegas_intento_7.mp4,224,7466.667,True,304.000,182.000,0.000,388.000,121.000,0.350000,0.254167,-0.901609,56.240,81.499,140.323,3539.0,118.877,10.160442,5.535
Venegas_intento_7.mp4,225,7500.000,True,304.000,182.000,0.000,389.000,121.000,0.354167,0.254167,-0.899981,56.562,81.222,140.255,3545.5,118.646,10.140642,5.578
Venegas_intento_7.mp4,226,7533.333,True,304.000,182.000,0.000,389.000,121.000,0.354167,0.254167,-0.899981,56.784,81.316,141.461,3519.5,118.045,10.089325,5.628
Venegas_intento_7.mp4,227,7566.667,True,303.000,182.000,0.000,383.000,121.000,0.333333,0.254167,-0.907903,63.435,80.247,139.195,3882.5,135.055,11.543136,5.495
Venegas_intento_7.mp4,228,7600.000,True,303.000,182.000,0.000,374.000,121.000,0.295833,0.254167,-0.920805,63.750,84.826,132.961,4155.0,136.547,11.670719,5.462
Venegas_intento_7.mp4,229,7633.333,True,303.000,182.000,0.000,366.000,121.000,0.262500,0.254167,-0.930856,64.276,85.643,132.044,4216.0,138.473,11.835305,5.431
Venegas_intento_7.mp4,230,7666.667,True,303.000,182.000,0.000,364.000,121.000,0.254167,0.254167,-0.933166,64.892,85.005,133.235,4267.5,137.516,11.753524,5.521
Venegas_intento_7.mp4,231,7700.000,True,303.000,182.000,0.000,363.000,121.000,0.250000,0.254167,-0.934291,65.029,86.294,132.479,4302.5,137.695,11.768791,5.526
Venegas_intento_7.mp4,232,7733.333,True,303.000,182.000,0.000,362.000,122.000,0.245833,0.250000,-0.936518,66.158,84.693,132.566,4347.5,135.485,11.579899,5.713
Venegas_intento_7.mp4,233,7766.667,False,303.000,182.000,,,,,,,,,,,,,
Venegas_intento_7.mp4,234,7800.000,False,303.000,182.000,,,,,,,,,,,,,
Venegas_intento_7.mp4,235,7833.333,True,303.000,183.000,0.000,350.000,126.000,0.195833,0.237500,-0.951443,57.621,80.432,85.950,3375.5,130.579,11.160616,5.163
Venegas_intento_7.mp4,236,7866.667,True,303.000,183.000,0.000,343.000,127.000,0.166667,0.233333,-0.958007,67.125,87.324,118.986,4484.5,155.950,13.329066,5.036
Venegas_intento_7.mp4,237,7900.000,True,303.000,183.000,0.000,343.000,126.000,0.166667,0.237500,-0.956983,64.826,87.189,131.002,4383.5,138.771,11.860734,5.466
Venegas_intento_7.mp4,238,7933.333,True,303.000,183.000,0.000,355.000,123.000,0.216667,0.250000,-0.943693,65.800,86.658,131.061,4376.0,135.383,11.571199,5.687
Venegas_intento_7.mp4,239,7966.667,True,303.000,183.000,0.000,362.000,122.000,0.245833,0.254167,-0.935396,65.307,86.000,132.586,4335.0,135.339,11.567396,5.646
Venegas_intento_7.mp4,240,8000.000,True,303.000,183.000,0.000,363.000,122.000,0.250000,0.254167,-0.934291,65.448,85.631,132.948,4335.5,135.030,11.541065,5.671
Venegas_intento_7.mp4,241,8033.333,True,303.000,183.000,0.000,363.000,122.000,0.250000,0.254167,-0.934291,64.484,85.492,132.493,4259.0,136.026,11.626153,5.546
Venegas_intento_7.mp4,242,8066.667,True,303.000,183.000,0.000,364.000,122.000,0.254167,0.254167,-0.933166,64.536,85.132,133.329,4256.5,134.829,11.523863,5.600
Venegas_intento_7.mp4,243,8100.000,True,303.000,183.000,0.000,364.000,122.000,0.254167,0.254167,-0.933166,64.428,85.572,133.236,4258.0,136.420,11.659867,5.526
Venegas_intento_7.mp4,244,8133.333,True,303.000,183.000,0.000,364.000,122.000,0.254167,0.254167,-0.933166,64.890,85.644,133.283,4293.5,136.317,11.650994,5.569
Venegas_intento_7.mp4,245,8166.667,True,303.000,183.000,0.000,365.000,122.000,0.258333,0.254167,-0.932021,65.006,85.838,134.074,4301.0,136.759,11.688839,5.561
Venegas_intento_7.mp4,246,8200.000,True,303.000,183.000,0.000,365.000,122.000,0.258333,0.254167,-0.932021,64.932,86.510,133.426,4307.0,136.737,11.686898,5.556
Venegas_intento_7.mp4,247,8233.333,True,302.000,183.000,0.000,365.000,121.000,0.262500,0.258333,-0.929708,64.832,85.863,135.172,4308.5,136.400,11.658141,5.561
Venegas_intento_7.mp4,248,8266.667,True,302.000,183.000,0.000,366.000,121.000,0.266667,0.258333,-0.928522,64.883,86.290,134.097,4309.5,136.297,11.649321,5.570
Venegas_intento_7.mp4,249,8300.000,True,302.000,183.000,0.000,366.000,121.000,0.266667,0.258333,-0.928522,65.067,85.971,134.974,4308.0,136.586,11.674044,5.574
Venegas_intento_7.mp4,250,8333.333,True,302.000,183.000,0.000,368.000,121.000,0.275000,0.258333,-0.926088,62.533,87.367,136.600,4156.0,131.055,11.201240,5.583
Venegas_intento_7.mp4,251,8366.667,True,302.000,183.000,0.000,375.000,121.000,0.304167,0.258333,-0.916922,57.956,84.733,141.572,3759.5,120.315,10.283369,5.636
Venegas_intento_7.mp4,252,8400.000,True,302.000,184.000,0.000,383.000,121.000,0.337500,0.262500,-0.903984,58.363,84.134,141.535,3772.5,120.105,10.265408,5.685
Venegas_intento_7.mp4,253,8433.333,True,302.000,184.000,0.000,389.000,122.000,0.362500,0.258333,-0.895465,58.296,83.743,141.252,3741.0,120.486,10.297941,5.661
Venegas_intento_7.mp4,254,8466.667,True,302.000,184.000,0.000,389.000,122.000,0.362500,0.258333,-0.895465,57.847,83.731,142.073,3735.0,120.350,10.286359,5.624
Venegas_intento_7.mp4,255,8500.000,True,302.000,184.000,0.000,387.000,122.000,0.354167,0.258333,-0.898794,61.450,81.286,146.250,3808.0,130.303,11.137048,5.518
Venegas_intento_7.mp4,256,8533.333,True,302.000,184.000,0.000,378.000,124.000,0.316667,0.250000,-0.914998,67.325,87.024,133.562,4531.5,136.623,11.677139,5.766
Venegas_intento_7.mp4,257,8566.667,True,302.000,184.000,0.000,368.000,125.000,0.275000,0.245833,-0.929484,66.844,87.519,134.301,4508.0,139.070,11.886361,5.624
Venegas_intento_7.mp4,258,8600.000,True,302.000,184.000,0.000,361.000,127.000,0.245833,0.237500,-0.939766,66.734,87.172,135.467,4495.0,141.289,12.075973,5.526
Venegas_intento_7.mp4,259,8633.333,True,302.000,184.000,0.000,361.000,128.000,0.245833,0.233333,-0.940809,67.505,87.052,135.278,4498.0,141.712,12.112118,5.573
Venegas_intento_7.mp4,260,8666.667,True,302.000,184.000,0.000,362.000,129.000,0.250000,0.229167,-0.940735,67.307,87.086,137.379,4514.5,143.040,12.225618,5.505
Venegas_intento_7.mp4,261,8700.000,True,302.000,184.000,0.000,362.000,130.000,0.250000,0.225000,-0.941740,67.456,87.125,137.374,4508.5,142.320,12.164142,5.545
Venegas_intento_7.mp4,262,8733.333,True,302.000,184.000,0.000,363.000,131.000,0.254167,0.220833,-0.941611,67.288,86.878,136.112,4498.5,142.262,12.159150,5.534
Venegas_intento_7.mp4,263,8766.667,True,302.000,184.000,0.000,363.000,131.000,0.254167,0.220833,-0.941611,67.143,86.446,137.201,4483.0,142.132,12.148074,5.527
Venegas_intento_7.mp4,264,8800.000,True,302.000,184.000,0.000,363.000,130.000,0.254167,0.225000,-0.940624,67.337,86.211,136.800,4457.0,141.440,12.088850,5.570
Venegas_intento_7.mp4,265,8833.333,True,302.000,184.000,0.000,362.000,130.000,0.250000,0.225000,-0.941740,66.760,86.036,134.996,4421.0,142.003,12.137022,5.501
Venegas_intento_7.mp4,266,8866.667,True,302.000,184.000,0.000,362.000,129.000,0.250000,0.229167,-0.940735,67.015,85.912,134.298,4417.0,142.138,12.148537,5.516
Venegas_intento_7.mp4,267,8900.000,True,302.000,184.000,0.000,361.000,129.000,0.245833,0.229167,-0.941833,65.976,85.732,134.371,4380.5,141.871,12.125745,5.441
Venegas_intento_7.mp4,268,8933.333,True,302.000,184.000,0.000,361.000,129.000,0.245833,0.229167,-0.941833,65.743,85.862,133.449,4359.0,141.853,12.124164,5.422
Venegas_intento_7.mp4,269,8966.667,True,302.000,184.000,0.000,360.000,129.000,0.241667,0.229167,-0.942910,65.333,85.015,133.263,4316.5,141.979,12.134998,5.384
Venegas_intento_7.mp4,270,9000.000,True,302.000,184.000,0.000,360.000,128.000,0.241667,0.233333,-0.941888,64.873,84.534,134.570,4282.5,141.743,12.114815,5.355
Venegas_intento_7.mp4,271,9033.333,True,302.000,184.000,0.000,360.000,128.000,0.241667,0.233333,-0.941888,65.350,84.442,132.916,4275.0,141.759,12.116184,5.394
Venegas_intento_7.mp4,272,9066.667,True,302.000,184.000,0.000,360.000,128.000,0.241667,0.233333,-0.941888,64.993,84.604,132.718,4251.5,142.303,12.162687,5.344
Venegas_intento_7.mp4,273,9100.000,True,301.000,185.000,0.000,360.000,128.000,0.245833,0.237500,-0.939766,64.582,84.125,132.029,4209.0,141.560,12.099142,5.338
Venegas_intento_7.mp4,274,9133.333,True,301.000,185.000,0.000,360.000,128.000,0.245833,0.237500,-0.939766,63.983,83.823,132.457,4175.0,140.918,12.044251,5.312
Venegas_intento_7.mp4,275,9166.667,True,301.000,185.000,0.000,360.000,127.000,0.245833,0.241667,-0.938703,63.313,83.622,132.473,4129.0,140.318,11.992953,5.279
Venegas_intento_7.mp4,276,9200.000,True,301.000,185.000,0.000,360.000,126.000,0.245833,0.245833,-0.937620,63.156,83.503,131.502,4091.5,138.594,11.845651,5.332
Venegas_intento_7.mp4,277,9233.333,True,301.000,185.000,0.000,361.000,126.000,0.250000,0.245833,-0.936518,62.243,82.763,132.134,4024.0,137.954,11.790971,5.279
Venegas_intento_7.mp4,278,9266.667,True,301.000,185.000,0.000,362.000,125.000,0.254167,0.250000,-0.934291,61.840,82.540,131.227,3974.0,135.817,11.608256,5.327
Venegas_intento_7.mp4,279,9300.000,True,301.000,185.000,0.000,363.000,124.000,0.258333,0.254167,-0.932021,61.405,82.411,132.830,3941.5,136.883,11.699397,5.249
Venegas_intento_7.mp4,280,9333.333,True,301.000,185.000,0.000,364.000,124.000,0.262500,0.254167,-0.930856,62.512,81.013,134.114,3945.0,137.127,11.720295,5.334
Venegas_intento_7.mp4,281,9366.667,True,301.000,185.000,0.000,357.000,125.000,0.233333,0.250000,-0.939710,65.603,85.018,122.215,4290.5,142.466,12.176591,5.388
Venegas_intento_7.mp4,282,9400.000,True,301.000,185.000,0.000,350.000,125.000,0.204167,0.250000,-0.946476,63.660,85.132,125.040,4221.5,143.031,12.224894,5.207
Venegas_intento_7.mp4,283,9433.333,True,301.000,185.000,0.000,344.000,126.000,0.179167,0.245833,-0.952610,63.797,85.113,124.825,4233.5,142.832,12.207855,5.226
Venegas_intento_7.mp4,284,9466.667,True,301.000,185.000,0.000,346.000,125.000,0.187500,0.250000,-0.949918,63.702,85.624,125.570,4225.0,141.808,12.120308,5.256
Venegas_intento_7.mp4,285,9500.000,True,301.000,185.000,0.000,347.000,124.000,0.191667,0.254167,-0.947978,63.627,85.308,125.018,4228.5,141.826,12.121877,5.249
Venegas_intento_7.mp4,286,9533.333,True,301.000,185.000,0.000,353.000,123.000,0.216667,0.258333,-0.941445,60.203,86.096,129.409,4019.5,135.159,11.552022,5.211
Venegas_intento_7.mp4,287,9566.667,True,301.000,185.000,0.000,360.000,123.000,0.245833,0.258333,-0.934254,60.859,83.399,133.398,3941.0,133.573,11.416479,5.331
Venegas_intento_7.mp4,288,9600.000,True,301.000,185.000,0.000,367.000,123.000,0.275000,0.258333,-0.926088,60.836,83.452,134.728,3933.5,133.572,11.416394,5.329
Venegas_intento_7.mp4,289,9633.333,True,301.000,185.000,0.000,369.000,123.000,0.283333,0.258333,-0.923572,60.606,84.031,133.624,3947.5,135.756,11.603107,5.223
Venegas_intento_7.mp4,290,9666.667,True,301.000,185.000,0.000,369.000,123.000,0.283333,0.258333,-0.923572,61.356,84.088,134.633,4008.5,135.711,11.599233,5.290
Venegas_intento_7.mp4,291,9700.000,True,301.000,185.000,0.000,369.000,123.000,0.283333,0.258333,-0.923572,61.499,84.853,134.179,4038.5,135.205,11.555954,5.322
Venegas_intento_7.mp4,292,9733.333,True,301.000,185.000,0.000,369.000,123.000,0.283333,0.258333,-0.923572,61.328,85.094,133.272,4034.5,134.450,11.491478,5.337
Venegas_intento_7.mp4,293,9766.667,True,301.000,185.000,0.000,370.000,122.000,0.287500,0.262500,-0.921107,60.650,84.110,135.968,3907.0,133.584,11.417422,5.312
Venegas_intento_7.mp4,294,9800.000,True,301.000,185.000,0.000,370.000,122.000,0.287500,0.262500,-0.921107,60.765,84.558,135.635,3983.5,134.291,11.477883,5.294
Venegas_intento_7.mp4,295,9833.333,True,301.000,185.000,0.000,371.000,122.000,0.291667,0.262500,-0.919796,61.602,84.199,135.648,4001.5,135.131,11.549676,5.334
Venegas_intento_7.mp4,296,9866.667,True,301.000,185.000,0.000,370.000,123.000,0.287500,0.258333,-0.922284,61.737,84.406,135.719,4025.0,136.977,11.707406,5.273
Venegas_intento_7.mp4,297,9900.000,True,301.000,185.000,0.000,369.000,123.000,0.283333,0.258333,-0.923572,62.212,84.664,134.555,4062.0,136.404,11.658431,5.336
Venegas_intento_7.mp4,298,9933.333,True,301.000,185.000,0.000,368.000,124.000,0.279167,0.254167,-0.925994,62.293,84.504,134.067,4064.5,137.591,11.759944,5.297
Venegas_intento_7.mp4,299,9966.667,True,301.000,185.000,0.000,367.000,123.000,0.275000,0.258333,-0.926088,62.298,84.384,133.414,4082.0,136.943,11.704529,5.323
Venegas_intento_7.mp4,300,10000.000,True,301.000,186.000,0.000,365.000,123.000,0.266667,0.262500,-0.927352,62.733,83.705,133.000,4084.5,137.240,11.729954,5.348
Venegas_intento_7.mp4,301,10033.333,True,301.000,186.000,0.000,357.000,124.000,0.233333,0.258333,-0.937454,66.929,86.221,122.873,4438.0,144.197,12.324506,5.431
Venegas_intento_7.mp4,302,10066.667,True,301.000,186.000,0.000,348.000,125.000,0.195833,0.254167,-0.947127,65.828,86.154,124.924,4398.0,142.873,12.211365,5.391
Venegas_intento_7.mp4,303,10100.000,True,301.000,186.000,0.000,340.000,126.000,0.162500,0.250000,-0.954512,66.153,86.334,124.068,4398.5,145.011,12.394122,5.337
Venegas_intento_7.mp4,304,10133.333,True,301.000,186.000,0.000,339.000,125.000,0.158333,0.254167,-0.954112,66.933,86.053,123.308,4425.5,144.933,12.387394,5.403
Venegas_intento_7.mp4,305,10166.667,True,301.000,186.000,0.000,338.000,125.000,0.154167,0.254167,-0.954794,66.597,86.413,123.360,4444.0,144.387,12.340737,5.396
Venegas_intento_7.mp4,306,10200.000,True,301.000,186.000,0.000,337.000,125.000,0.150000,0.254167,-0.955458,67.514,86.440,122.272,4495.0,149.133,12.746448,5.297
Venegas_intento_7.mp4,307,10233.333,True,301.000,186.000,0.000,337.000,125.000,0.150000,0.254167,-0.955458,67.791,86.888,122.725,4544.5,150.997,12.905757,5.253
Venegas_intento_7.mp4,308,10266.667,True,301.000,186.000,0.000,336.000,125.000,0.145833,0.254167,-0.956102,68.870,87.063,122.625,4580.0,146.582,12.528392,5.497
Venegas_intento_7.mp4,309,10300.000,True,301.000,186.000,0.000,337.000,125.000,0.150000,0.254167,-0.955458,67.831,87.158,123.703,4572.0,145.036,12.396217,5.472
Venegas_intento_7.mp4,310,10333.333,True,301.000,186.000,0.000,339.000,125.000,0.158333,0.254167,-0.954112,68.234,87.834,124.919,4649.5,145.040,12.396575,5.504
Venegas_intento_7.mp4,311,10366.667,True,301.000,186.000,0.000,340.000,124.000,0.162500,0.258333,-0.952291,68.938,88.042,125.412,4693.5,145.483,12.434449,5.544
Venegas_intento_7.mp4,312,10400.000,True,301.000,186.000,0.000,340.000,125.000,0.162500,0.254167,-0.953411,69.436,88.586,125.963,4743.0,145.397,12.427053,5.587
Venegas_intento_7.mp4,313,10433.333,True,301.000,186.000,0.000,339.000,126.000,0.158333,0.250000,-0.955212,69.986,89.419,127.423,4788.0,151.412,12.941182,5.408
Venegas_intento_7.mp4,314,10466.667,True,301.000,186.000,0.000,334.000,128.000,0.137500,0.241667,-0.960568,73.004,90.168,124.370,4875.0,153.395,13.110646,5.568
Venegas_intento_7.mp4,315,10500.000,True,301.000,186.000,0.000,330.000,131.000,0.120833,0.229167,-0.965858,73.621,90.261,125.725,4903.0,163.416,13.967186,5.271
Venegas_intento_7.mp4,316,10533.333,True,301.000,186.000,0.000,325.000,134.000,0.100000,0.216667,-0.971110,74.983,90.031,132.789,4993.5,148.304,12.675518,5.916
Venegas_intento_7.mp4,317,10566.667,False,301.000,186.000,,,,,,,,,,,,,
Venegas_intento_7.mp4,318,10600.000,False,301.000,186.000,,,,,,,,,,,,,
Venegas_intento_7.mp4,319,10633.333,False,301.000,186.000,,,,,,,,,,,,,
Venegas_intento_7.mp4,320,10666.667,False,300.000,186.000,,,,,,,,,,,,,
Venegas_intento_7.mp4,321,10700.000,False,300.000,186.000,,,,,,,,,,,,,
Venegas_intento_7.mp4,322,10733.333,False,300.000,186.000,,,,,,,,,,,,,
Venegas_intento_7.mp4,323,10766.667,False,300.000,186.000,,,,,,,,,,,,,
Venegas_intento_7.mp4,324,10800.000,True,300.000,186.000,0.000,324.000,142.000,0.100000,0.183333,-0.977951,64.587,83.894,82.516,3606.0,134.009,11.453790,5.639
Venegas_intento_7.mp4,325,10833.333,True,300.000,186.000,0.000,323.000,149.000,0.095833,0.154167,-0.983386,69.386,86.820,84.899,3997.5,136.475,11.664525,5.948
Venegas_intento_7.mp4,326,10866.667,True,300.000,186.000,0.000,322.000,153.000,0.091667,0.137500,-0.986251,72.622,89.192,88.991,4318.0,140.876,12.040718,6.031
Venegas_intento_7.mp4,327,10900.000,True,300.000,186.000,0.000,318.000,152.000,0.075000,0.141667,-0.987069,72.562,90.351,93.771,4363.5,141.416,12.086801,6.003
Venegas_intento_7.mp4,328,10933.333,True,300.000,186.000,0.000,315.000,150.000,0.062500,0.150000,-0.986709,75.560,88.518,90.502,4540.5,138.893,11.871174,6.365
Venegas_intento_7.mp4,329,10966.667,True,300.000,186.000,0.000,311.000,148.000,0.045833,0.158333,-0.986321,75.215,89.624,99.275,4771.5,146.254,12.500316,6.017
Venegas_intento_7.mp4,330,11000.000,True,300.000,186.000,0.000,310.000,145.000,0.041667,0.170833,-0.984419,77.571,90.524,108.041,5004.0,148.944,12.730292,6.093
Venegas_intento_7.mp4,331,11033.333,True,300.000,186.000,0.000,308.000,142.000,0.033333,0.183333,-0.982486,78.592,91.028,107.290,5241.0,147.002,12.564251,6.255
Venegas_intento_7.mp4,332,11066.667,True,300.000,186.000,0.000,307.000,140.000,0.029167,0.191667,-0.981027,79.791,91.734,114.929,5364.0,148.269,12.672547,6.296
Venegas_intento_7.mp4,333,11100.000,True,300.000,187.000,0.000,307.000,138.000,0.029167,0.204167,-0.978502,80.318,92.187,118.752,5465.5,149.402,12.769405,6.290
Venegas_intento_7.mp4,334,11133.333,True,300.000,187.000,0.000,307.000,136.000,0.029167,0.212500,-0.976726,78.580,91.310,116.685,5409.0,150.142,12.832681,6.123
Venegas_intento_7.mp4,335,11166.667,True,300.000,187.000,0.000,308.000,134.000,0.033333,0.220833,-0.974742,78.213,92.283,119.448,5433.5,153.721,13.138545,5.953
Venegas_intento_7.mp4,336,11200.000,True,300.000,187.000,0.000,309.000,133.000,0.037500,0.225000,-0.973637,78.104,91.370,117.239,5383.0,151.539,12.952076,6.030
Venegas_intento_7.mp4,337,11233.333,True,300.000,187.000,0.000,318.000,133.000,0.075000,0.225000,-0.971468,71.274,91.668,126.380,5023.5,161.009,13.761438,5.179
Venegas_intento_7.mp4,338,11266.667,True,300.000,187.000,0.000,338.000,133.000,0.158333,0.225000,-0.961408,70.525,87.868,132.454,4709.0,150.974,12.903761,5.465
Venegas_intento_7.mp4,339,11300.000,True,300.000,187.000,0.000,357.000,132.000,0.237500,0.229167,-0.943968,69.637,90.844,138.804,4873.5,158.381,13.536797,5.144
Venegas_intento_7.mp4,340,11333.333,True,300.000,187.000,0.000,367.000,132.000,0.279167,0.229167,-0.932496,68.345,90.256,139.834,4811.5,157.509,13.462316,5.077
Venegas_intento_7.mp4,341,11366.667,True,300.000,187.000,0.000,368.000,131.000,0.283333,0.233333,-0.930203,67.439,89.167,139.038,4653.5,146.230,12.498314,5.396
Venegas_intento_7.mp4,342,11400.000,True,300.000,187.000,0.000,369.000,130.000,0.287500,0.237500,-0.927867,67.119,87.804,139.485,4585.5,133.863,11.441293,5.866
Venegas_intento_7.mp4,343,11433.333,True,300.000,187.000,0.000,366.000,129.000,0.275000,0.241667,-0.930576,72.141,81.718,137.682,4595.0,134.264,11.475541,6.287
Venegas_intento_7.mp4,344,11466.667,True,300.000,187.000,0.000,349.000,130.000,0.204167,0.237500,-0.949689,75.930,87.129,115.852,5106.0,149.619,12.787949,5.938
Venegas_intento_7.mp4,345,11500.000,True,300.000,187.000,0.000,332.000,129.000,0.133333,0.241667,-0.961155,73.490,88.287,118.733,5017.0,153.705,13.137148,5.594
Venegas_intento_7.mp4,346,11533.333,True,300.000,187.000,0.000,320.000,129.000,0.083333,0.241667,-0.966774,73.302,87.758,120.725,4980.5,147.445,12.602150,5.817
Venegas_intento_7.mp4,347,11566.667,True,300.000,187.000,0.000,322.000,127.000,0.091667,0.250000,-0.963897,72.783,87.965,119.193,4942.0,149.295,12.760264,5.704
Venegas_intento_7.mp4,348,11600.000,True,300.000,187.000,0.000,325.000,126.000,0.104167,0.254167,-0.961535,71.751,88.003,120.097,4872.0,150.281,12.844515,5.586
Venegas_intento_7.mp4,349,11633.333,True,300.000,187.000,0.000,327.000,125.000,0.112500,0.258333,-0.959483,71.586,87.960,121.018,4879.5,150.262,12.842946,5.574
Venegas_intento_7.mp4,350,11666.667,True,300.000,187.000,0.000,330.000,124.000,0.125000,0.262500,-0.956801,71.011,88.046,120.766,4866.5,144.998,12.393006,5.730
Venegas_intento_7.mp4,351,11700.000,True,300.000,187.000,0.000,332.000,124.000,0.133333,0.262500,-0.955676,69.945,88.024,120.596,4799.0,144.412,12.342878,5.667
Venegas_intento_7.mp4,352,11733.333,True,300.000,187.000,0.000,334.000,123.000,0.141667,0.266667,-0.953320,68.997,87.685,121.229,4701.5,142.766,12.202182,5.654
Venegas_intento_7.mp4,353,11766.667,True,300.000,187.000,0.000,336.000,122.000,0.150000,0.270833,-0.950868,68.859,86.964,122.261,4665.5,141.869,12.125552,5.679
Venegas_intento_7.mp4,354,11800.000,True,300.000,187.000,0.000,337.000,122.000,0.154167,0.270833,-0.950201,69.315,86.599,120.607,4653.5,141.243,12.072087,5.742
Venegas_intento_7.mp4,355,11833.333,True,300.000,187.000,0.000,338.000,121.000,0.158333,0.275000,-0.948317,67.974,86.656,122.606,4582.0,141.642,12.106159,5.615
Venegas_intento_7.mp4,356,11866.667,True,300.000,187.000,0.000,339.000,121.000,0.162500,0.275000,-0.947612,67.180,85.904,122.614,4483.0,141.628,12.104924,5.550
Venegas_intento_7.mp4,357,11900.000,True,300.000,187.000,0.000,342.000,120.000,0.175000,0.279167,-0.944162,66.039,85.516,123.898,4395.0,141.340,12.080370,5.467
Venegas_intento_7.mp4,358,11933.333,True,300.000,187.000,0.000,345.000,120.000,0.187500,0.279167,-0.941759,65.137,84.417,125.975,4265.5,139.958,11.962197,5.445
Venegas_intento_7.mp4,359,11966.667,True,300.000,187.000,0.000,347.000,119.000,0.195833,0.283333,-0.938814,63.877,83.947,125.646,4167.5,137.974,11.792669,5.417
Venegas_intento_7.mp4,360,12000.000,True,300.000,187.000,0.000,349.000,119.000,0.204167,0.283333,-0.937037,63.142,83.798,125.306,4097.0,139.704,11.940508,5.288
Venegas_intento_7.mp4,361,12033.333,True,300.000,187.000,0.000,352.000,119.000,0.216667,0.283333,-0.934226,61.559,82.927,127.500,3970.0,137.294,11.734517,5.246
Venegas_intento_7.mp4,362,12066.667,True,300.000,187.000,0.000,353.000,119.000,0.220833,0.283333,-0.933250,61.462,82.814,127.342,3956.5,138.044,11.798603,5.209
Venegas_intento_7.mp4,363,12100.000,True,300.000,187.000,0.000,355.000,119.000,0.229167,0.283333,-0.931238,61.566,82.560,127.046,3963.0,137.654,11.765281,5.233
Venegas_intento_7.mp4,364,12133.333,True,300.000,187.000,0.000,354.000,119.000,0.225000,0.283333,-0.932254,61.315,82.538,128.017,3941.0,139.306,11.906485,5.150
Venegas_intento_7.mp4,365,12166.667,True,300.000,187.000,0.000,354.000,119.000,0.225000,0.283333,-0.932254,61.922,83.077,126.703,3989.0,141.144,12.063619,5.133
Venegas_intento_7.mp4,366,12200.000,True,300.000,187.000,0.000,352.000,120.000,0.216667,0.279167,-0.935479,62.660,82.758,125.855,4026.5,141.367,12.082684,5.186
Venegas_intento_7.mp4,367,12233.333,True,300.000,187.000,0.000,351.000,120.000,0.212500,0.279167,-0.936435,62.737,83.131,124.953,4063.5,142.501,12.179590,5.151
Venegas_intento_7.mp4,368,12266.667,True,300.000,187.000,0.000,348.000,121.000,0.200000,0.275000,-0.940412,63.485,83.552,123.239,4100.5,142.766,12.202190,5.203
Venegas_intento_7.mp4,369,12300.000,True,300.000,187.000,0.000,346.000,121.000,0.191667,0.275000,-0.942146,62.730,84.506,122.756,4114.5,142.553,12.183989,5.149
Venegas_intento_7.mp4,370,12333.333,True,300.000,187.000,0.000,355.000,121.000,0.229167,0.275000,-0.933733,56.355,83.116,137.530,3608.5,125.668,10.740852,5.247
Venegas_intento_7.mp4,371,12366.667,True,300.000,187.000,0.000,369.000,122.000,0.287500,0.270833,-0.918691,56.346,79.401,140.699,3442.0,121.624,10.395224,5.420
Venegas_intento_7.mp4,372,12400.000,True,300.000,187.000,0.000,382.000,123.000,0.341667,0.266667,-0.901195,56.347,79.401,141.438,3435.5,122.402,10.461703,5.386
Venegas_intento_7.mp4,373,12433.333,True,300.000,187.000,0.000,385.000,124.000,0.354167,0.262500,-0.897585,56.897,80.341,141.133,3511.0,123.486,10.554352,5.391
Venegas_intento_7.mp4,374,12466.667,True,300.000,187.000,0.000,383.000,123.000,0.345833,0.266667,-0.899604,57.374,80.131,141.480,3539.5,123.472,10.553187,5.437
Venegas_intento_7.mp4,375,12500.000,True,300.000,187.000,0.000,382.000,123.000,0.341667,0.266667,-0.901195,57.682,80.239,141.589,3560.0,124.819,10.668253,5.407
Venegas_intento_7.mp4,376,12533.333,True,300.000,187.000,0.000,381.000,123.000,0.337500,0.266667,-0.902764,58.194,80.025,142.044,3582.0,125.688,10.742532,5.417
Venegas_intento_7.mp4,377,12566.667,True,300.000,187.000,0.000,381.000,123.000,0.337500,0.266667,-0.902764,57.959,80.098,142.305,3594.0,126.537,10.815134,5.359
Venegas_intento_7.mp4,378,12600.000,True,300.000,187.000,0.000,381.000,123.000,0.337500,0.266667,-0.902764,58.573,80.500,142.722,3618.0,126.089,10.776832,5.435
Venegas_intento_7.mp4,379,12633.333,True,300.000,187.000,0.000,381.000,124.000,0.337500,0.262500,-0.903984,57.918,82.143,141.942,3635.0,123.883,10.588312,5.470
Venegas_intento_7.mp4,380,12666.667,True,300.000,187.000,0.000,387.000,126.000,0.362500,0.254167,-0.896657,52.874,82.168,146.857,3359.0,117.401,10.034265,5.269
Venegas_intento_7.mp4,381,12700.000,True,300.000,187.000,0.000,393.000,127.000,0.387500,0.250000,-0.887324,54.075,81.588,147.603,3382.5,117.042,10.003602,5.406
Venegas_intento_7.mp4,382,12733.333,True,300.000,187.000,0.000,399.000,129.000,0.412500,0.241667,-0.878317,54.137,81.815,147.013,3394.0,116.783,9.981426,5.424
Venegas_intento_7.mp4,383,12766.667,True,300.000,187.000,0.000,399.000,129.000,0.412500,0.241667,-0.878317,53.806,81.972,147.169,3418.5,117.136,10.011620,5.374
Venegas_intento_7.mp4,384,12800.000,True,300.000,187.000,0.000,399.000,129.000,0.412500,0.241667,-0.878317,53.695,82.792,146.434,3404.0,117.196,10.016761,5.361
Venegas_intento_7.mp4,385,12833.333,True,300.000,187.000,0.000,399.000,128.000,0.412500,0.245833,-0.877160,54.331,82.186,147.176,3440.5,115.931,9.908604,5.483
Venegas_intento_7.mp4,386,12866.667,True,300.000,188.000,0.000,399.000,128.000,0.412500,0.250000,-0.875982,53.881,82.378,147.167,3446.5,115.929,9.908496,5.438
Venegas_intento_7.mp4,387,12900.000,True,300.000,188.000,0.000,400.000,129.000,0.416667,0.245833,-0.875188,54.868,85.443,146.493,3600.0,119.177,10.186065,5.387
Venegas_intento_7.mp4,388,12933.333,True,300.000,188.000,0.000,400.000,130.000,0.416667,0.241667,-0.876348,54.199,85.283,146.817,3564.5,119.595,10.221800,5.302
Venegas_intento_7.mp4,389,12966.667,True,300.000,188.000,0.000,401.000,130.000,0.420833,0.241667,-0.874355,53.803,84.274,145.746,3510.5,117.595,10.050878,5.353
Venegas_intento_7.mp4,390,13000.000,True,300.000,188.000,0.000,401.000,130.000,0.420833,0.241667,-0.874355,53.668,84.248,145.776,3501.0,117.887,10.075834,5.326
Venegas_intento_7.mp4,391,13033.333,True,300.000,188.000,0.000,402.000,130.000,0.425000,0.241667,-0.872337,53.323,83.627,146.103,3448.0,117.534,10.045638,5.308
Venegas_intento_7.mp4,392,13066.667,True,300.000,188.000,0.000,401.000,130.000,0.420833,0.241667,-0.874355,53.025,83.181,145.702,3416.5,118.048,10.089544,5.255
Venegas_intento_7.mp4,393,13100.000,True,300.000,188.000,0.000,401.000,129.000,0.420833,0.245833,-0.873193,52.947,82.338,145.879,3371.0,116.699,9.974299,5.308
Venegas_intento_7.mp4,394,13133.333,True,300.000,188.000,0.000,400.000,129.000,0.416667,0.245833,-0.875188,53.403,81.719,145.890,3370.0,116.803,9.983176,5.349
Venegas_intento_7.mp4,395,13166.667,True,300.000,188.000,0.000,399.000,128.000,0.412500,0.250000,-0.875982,53.432,80.767,146.783,3289.5,115.481,9.870184,5.413
Venegas_intento_7.mp4,396,13200.000,True,300.000,188.000,0.000,399.000,128.000,0.412500,0.250000,-0.875982,53.365,80.180,145.712,3251.5,116.527,9.959590,5.358
Venegas_intento_7.mp4,397,13233.333,True,300.000,188.000,0.000,398.000,128.000,0.408333,0.250000,-0.877932,53.181,79.876,145.710,3243.0,115.539,9.875169,5.385
Venegas_intento_7.mp4,398,13266.667,True,300.000,188.000,0.000,398.000,128.000,0.408333,0.250000,-0.877932,53.211,79.707,145.634,3231.0,116.138,9.926340,5.361
Venegas_intento_7.mp4,399,13300.000,True,300.000,188.000,0.000,397.000,127.000,0.404167,0.254167,-0.878663,53.023,79.167,146.437,3202.5,116.514,9.958477,5.324
Venegas_intento_7.mp4,400,13333.333,True,300.000,188.000,0.000,396.000,127.000,0.400000,0.254167,-0.880568,54.124,77.456,146.912,3203.0,119.199,10.187986,5.313
Venegas_intento_7.mp4,401,13366.667,True,300.000,188.000,0.000,394.000,127.000,0.391667,0.254167,-0.884306,54.141,77.432,145.744,3228.5,119.186,10.186807,5.315
Venegas_intento_7.mp4,402,13400.000,True,300.000,188.000,0.000,393.000,127.000,0.387500,0.254167,-0.886139,54.590,77.814,144.994,3242.0,119.008,10.171627,5.367
Venegas_intento_7.mp4,403,13433.333,True,300.000,188.000,0.000,392.000,127.000,0.383333,0.254167,-0.887950,54.468,77.568,144.651,3250.5,119.755,10.235497,5.321
Venegas_intento_7.mp4,404,13466.667,True,300.000,188.000,0.000,392.000,127.000,0.383333,0.254167,-0.887950,54.672,77.989,144.364,3269.0,121.170,10.356442,5.279
Venegas_intento_7.mp4,405,13500.000,True,300.000,188.000,0.000,391.000,128.000,0.379167,0.250000,-0.890917,54.786,77.374,144.451,3257.5,120.026,10.258606,5.340
Venegas_intento_7.mp4,406,13533.333,True,300.000,188.000,0.000,391.000,128.000,0.379167,0.250000,-0.890917,54.422,77.714,144.291,3233.5,121.809,10.411064,5.227
Venegas_intento_7.mp4,407,13566.667,True,300.000,188.000,0.000,391.000,128.000,0.379167,0.250000,-0.890917,54.344,77.754,143.793,3228.0,121.631,10.395830,5.228
Venegas_intento_7.mp4,408,13600.000,True,300.000,188.000,0.000,391.000,127.000,0.379167,0.254167,-0.889737,53.653,77.567,143.630,3176.5,119.221,10.189813,5.265
Venegas_intento_7.mp4,409,13633.333,True,300.000,188.000,0.000,391.000,127.000,0.379167,0.254167,-0.889737,53.393,76.533,144.171,3151.5,118.019,10.087103,5.293
Venegas_intento_7.mp4,410,13666.667,True,300.000,188.000,0.000,392.000,127.000,0.383333,0.254167,-0.887950,53.207,77.036,143.393,3149.5,118.025,10.087630,5.275
Venegas_intento_7.mp4,411,13700.000,True,300.000,188.000,0.000,392.000,126.000,0.383333,0.258333,-0.886747,53.658,77.318,143.052,3157.0,118.062,10.090755,5.318
Venegas_intento_7.mp4,412,13733.333,True,300.000,188.000,0.000,392.000,126.000,0.383333,0.258333,-0.886747,53.686,77.232,143.318,3178.5,117.481,10.041099,5.347
Venegas_intento_7.mp4,413,13766.667,True,300.000,188.000,0.000,392.000,126.000,0.383333,0.258333,-0.886747,53.910,77.313,143.960,3178.0,118.032,10.088187,5.344
Venegas_intento_7.mp4,414,13800.000,True,300.000,188.000,0.000,392.000,126.000,0.383333,0.258333,-0.886747,54.442,77.021,143.630,3200.0,118.671,10.142834,5.367
Venegas_intento_7.mp4,415,13833.333,True,300.000,188.000,0.000,392.000,126.000,0.383333,0.258333,-0.886747,54.501,77.321,143.890,3231.5,118.485,10.126964,5.382
Venegas_intento_7.mp4,416,13866.667,True,300.000,188.000,0.000,392.000,126.000,0.383333,0.258333,-0.886747,54.625,78.503,143.476,3298.0,118.468,10.125502,5.395
Venegas_intento_7.mp4,417,13900.000,True,300.000,188.000,0.000,392.000,127.000,0.383333,0.254167,-0.887950,55.139,79.635,144.298,3341.5,119.642,10.225797,5.392
Venegas_intento_7.mp4,418,13933.333,True,300.000,188.000,0.000,393.000,128.000,0.387500,0.250000,-0.887324,55.923,80.082,145.253,3429.5,121.152,10.354852,5.401
Venegas_intento_7.mp4,419,13966.667,True,300.000,188.000,0.000,391.000,129.000,0.379167,0.245833,-0.892075,59.267,78.254,148.188,3563.0,128.873,11.014777,5.381
Venegas_intento_7.mp4,420,14000.000,True,300.000,188.000,0.000,387.000,130.000,0.362500,0.241667,-0.900106,61.045,79.774,143.720,3725.5,133.621,11.420585,5.345
Venegas_intento_7.mp4,421,14033.333,True,300.000,188.000,0.000,382.000,131.000,0.341667,0.237500,-0.909317,60.846,80.475,143.966,3736.0,136.927,11.703143,5.199
Venegas_intento_7.mp4,422,14066.667,True,300.000,188.000,0.000,379.000,130.000,0.329167,0.241667,-0.912823,61.721,80.225,142.840,3790.5,133.972,11.450609,5.390
Venegas_intento_7.mp4,423,14100.000,True,300.000,188.000,0.000,379.000,129.000,0.329167,0.245833,-0.911710,60.717,79.962,140.724,3697.0,132.712,11.342903,5.353
Venegas_intento_7.mp4,424,14133.333,True,300.000,188.000,0.000,378.000,128.000,0.325000,0.250000,-0.912072,61.360,80.786,139.690,3766.5,130.354,11.141334,5.507
Venegas_intento_7.mp4,425,14166.667,True,300.000,188.000,0.000,378.000,126.000,0.325000,0.258333,-0.909747,61.064,80.288,138.654,3748.0,128.174,10.955084,5.574
Venegas_intento_7.mp4,426,14200.000,True,300.000,188.000,0.000,377.000,125.000,0.320833,0.262500,-0.910033,60.498,80.326,136.889,3723.5,126.827,10.839887,5.581
Venegas_intento_7.mp4,427,14233.333,True,300.000,188.000,0.000,372.000,123.000,0.300000,0.270833,-0.914685,63.265,81.452,128.305,3961.5,133.788,11.434837,5.533
Venegas_intento_7.mp4,428,14266.667,True,300.000,188.000,0.000,367.000,122.000,0.279167,0.275000,-0.920022,62.078,81.537,128.080,3873.0,134.226,11.472309,5.411
Venegas_intento_7.mp4,429,14300.000,True,300.000,188.000,0.000,362.000,122.000,0.258333,0.275000,-0.926088,61.838,80.775,127.997,3858.0,133.138,11.379285,5.434
Venegas_intento_7.mp4,430,14333.333,True,300.000,188.000,0.000,361.000,121.000,0.254167,0.279167,-0.925994,61.525,80.815,127.696,3847.5,133.654,11.423408,5.386
Venegas_intento_7.mp4,431,14366.667,True,300.000,188.000,0.000,360.000,120.000,0.250000,0.283333,-0.925863,61.885,81.327,126.249,3853.0,133.648,11.422900,5.418
Venegas_intento_7.mp4,432,14400.000,True,300.000,188.000,0.000,360.000,120.000,0.250000,0.283333,-0.925863,61.689,80.613,125.734,3856.0,134.736,11.515925,5.357
Venegas_intento_7.mp4,433,14433.333,True,300.000,188.000,0.000,359.000,120.000,0.245833,0.283333,-0.926978,62.698,81.950,127.290,3916.0,135.217,11.557015,5.425
Venegas_intento_7.mp4,434,14466.667,True,300.000,188.000,0.000,359.000,121.000,0.245833,0.279167,-0.928241,63.220,82.681,127.308,3996.5,137.499,11.752051,5.380
Venegas_intento_7.mp4,435,14500.000,True,300.000,188.000,0.000,359.000,122.000,0.245833,0.275000,-0.929484,63.807,82.480,127.366,4071.0,135.679,11.596521,5.502
Venegas_intento_7.mp4,436,14533.333,True,300.000,188.000,0.000,359.000,123.000,0.245833,0.270833,-0.930707,65.449,84.200,129.958,4187.0,138.572,11.843760,5.526
Venegas_intento_7.mp4,437,14566.667,True,300.000,188.000,0.000,357.000,125.000,0.237500,0.262500,-0.935247,66.907,86.794,130.331,4387.5,141.849,12.123872,5.519
Venegas_intento_7.mp4,438,14600.000,True,300.000,188.000,0.000,356.000,126.000,0.233333,0.258333,-0.937454,67.302,86.267,130.797,4437.5,144.386,12.340675,5.454
Venegas_intento_7.mp4,439,14633.333,True,300.000,188.000,0.000,355.000,128.000,0.229167,0.250000,-0.940735,67.460,87.585,130.616,4502.0,148.699,12.709314,5.308
Venegas_intento_7.mp4,440,14666.667,True,300.000,188.000,0.000,355.000,128.000,0.229167,0.250000,-0.940735,67.667,87.466,131.237,4531.0,146.097,12.486927,5.419
Venegas_intento_7.mp4,441,14700.000,True,299.000,188.000,0.000,355.000,129.000,0.233333,0.245833,-0.940809,67.660,87.158,130.521,4522.5,147.056,12.568876,5.383
Venegas_intento_7.mp4,442,14733.333,True,299.000,188.000,0.000,355.000,129.000,0.233333,0.245833,-0.940809,67.986,87.918,130.459,4542.0,147.183,12.579754,5.404
Venegas_intento_7.mp4,443,14766.667,True,299.000,188.000,0.000,355.000,129.000,0.233333,0.245833,-0.940809,68.683,87.322,131.663,4543.5,146.650,12.534186,5.480
Venegas_intento_7.mp4,444,14800.000,True,299.000,188.000,0.000,356.000,129.000,0.237500,0.245833,-0.939766,68.073,87.468,130.228,4561.5,147.189,12.580289,5.411
Venegas_intento_7.mp4,445,14833.333,True,299.000,188.000,0.000,356.000,129.000,0.237500,0.245833,-0.939766,68.605,86.683,132.160,4505.5,145.543,12.439591,5.515
Venegas_intento_7.mp4,446,14866.667,True,299.000,188.000,0.000,356.000,128.000,0.237500,0.250000,-0.938666,67.691,87.005,131.008,4496.0,143.329,12.250365,5.526
Venegas_intento_7.mp4,447,14900.000,True,299.000,188.000,0.000,356.000,128.000,0.237500,0.250000,-0.938666,67.864,86.628,130.447,4475.0,141.769,12.117014,5.601
Venegas_intento_7.mp4,448,14933.333,True,299.000,188.000,0.000,356.000,128.000,0.237500,0.250000,-0.938666,67.755,86.024,131.788,4440.5,142.889,12.212719,5.548
Venegas_intento_7.mp4,449,14966.667,True,299.000,188.000,0.000,356.000,127.000,0.237500,0.254167,-0.937546,67.542,85.966,132.409,4427.0,141.779,12.117881,5.574
Venegas_intento_7.mp4,450,15000.000,True,299.000,188.000,0.000,357.000,127.000,0.241667,0.254167,-0.936481,67.056,85.723,131.776,4393.5,142.913,12.214773,5.490
Venegas_intento_7.mp4,451,15033.333,True,299.000,188.000,0.000,357.000,127.000,0.241667,0.254167,-0.936481,66.846,85.854,131.892,4391.5,142.440,12.174346,5.491
Venegas_intento_7.mp4,452,15066.667,True,299.000,188.000,0.000,359.000,128.000,0.250000,0.250000,-0.935414,66.748,85.162,136.961,4360.0,141.259,12.073385,5.529
Venegas_intento_7.mp4,453,15100.000,True,299.000,188.000,0.000,361.000,129.000,0.258333,0.245833,-0.934254,66.750,85.438,136.096,4342.5,141.814,12.120857,5.507
Venegas_intento_7.mp4,454,15133.333,True,299.000,188.000,0.000,362.000,130.000,0.262500,0.241667,-0.934179,65.728,85.728,135.949,4334.0,141.523,12.095989,5.434
Venegas_intento_7.mp4,455,15166.667,True,299.000,188.000,0.000,363.000,130.000,0.266667,0.241667,-0.932998,66.588,85.107,137.280,4325.0,141.009,12.052011,5.525
Venegas_intento_7.mp4,456,15200.000,True,299.000,188.000,0.000,364.000,130.000,0.270833,0.241667,-0.931797,66.137,85.395,137.421,4300.0,140.131,11.977010,5.522
Venegas_intento_7.mp4,457,15233.333,True,299.000,188.000,0.000,364.000,130.000,0.270833,0.241667,-0.931797,66.045,85.460,137.351,4299.5,140.828,12.036546,5.487
Venegas_intento_7.mp4,458,15266.667,True,299.000,188.000,0.000,364.000,130.000,0.270833,0.241667,-0.931797,65.342,86.142,135.783,4323.5,140.030,11.968368,5.460
Venegas_intento_7.mp4,459,15300.000,True,299.000,188.000,0.000,364.000,130.000,0.270833,0.241667,-0.931797,66.153,86.176,137.435,4317.0,140.097,11.974097,5.525
Venegas_intento_7.mp4,460,15333.333,True,299.000,188.000,0.000,364.000,130.000,0.270833,0.241667,-0.931797,65.877,85.616,136.450,4267.5,139.922,11.959187,5.509
Venegas_intento_7.mp4,461,15366.667,True,299.000,188.000,0.000,364.000,130.000,0.270833,0.241667,-0.931797,65.714,86.029,138.242,4278.0,139.902,11.957447,5.496
Venegas_intento_7.mp4,462,15400.000,True,299.000,188.000,0.000,364.000,130.000,0.270833,0.241667,-0.931797,65.952,85.864,136.874,4309.0,140.435,12.003004,5.495
Venegas_intento_7.mp4,463,15433.333,True,299.000,188.000,0.000,364.000,130.000,0.270833,0.241667,-0.931797,65.325,86.533,137.327,4311.5,140.462,12.005288,5.441
Venegas_intento_7.mp4,464,15466.667,True,299.000,188.000,0.000,364.000,131.000,0.270833,0.237500,-0.932868,65.615,85.880,136.687,4305.5,140.844,12.037964,5.451
Venegas_intento_7.mp4,465,15500.000,True,299.000,188.000,0.000,364.000,131.000,0.270833,0.237500,-0.932868,65.633,85.976,136.162,4327.0,141.849,12.123833,5.414
Venegas_intento_7.mp4,466,15533.333,True,299.000,188.000,0.000,364.000,131.000,0.270833,0.237500,-0.932868,65.809,86.293,137.073,4346.5,140.804,12.034508,5.468
Venegas_intento_7.mp4,467,15566.667,True,299.000,188.000,0.000,364.000,131.000,0.270833,0.237500,-0.932868,65.612,86.586,136.902,4329.5,140.676,12.023588,5.457
Venegas_intento_7.mp4,468,15600.000,True,299.000,188.000,0.000,364.000,131.000,0.270833,0.237500,-0.932868,65.609,86.589,135.951,4309.0,141.030,12.053833,5.443
Venegas_intento_7.mp4,469,15633.333,True,299.000,188.000,0.000,364.000,131.000,0.270833,0.237500,-0.932868,65.571,85.362,136.009,4264.5,140.236,11.986023,5.471
Venegas_intento_7.mp4,470,15666.667,True,299.000,188.000,0.000,364.000,130.000,0.270833,0.241667,-0.931797,65.012,85.125,135.261,4238.5,140.286,11.990220,5.422
Venegas_intento_7.mp4,471,15700.000,True,299.000,189.000,0.000,364.000,130.000,0.270833,0.245833,-0.930707,64.797,85.916,136.653,4229.5,141.153,12.064317,5.371
Venegas_intento_7.mp4,472,15733.333,True,299.000,189.000,0.000,364.000,130.000,0.270833,0.245833,-0.930707,64.596,84.325,136.482,4208.5,142.307,12.162997,5.311
Venegas_intento_7.mp4,473,15766.667,True,299.000,189.000,0.000,364.000,130.000,0.270833,0.245833,-0.930707,65.172,84.605,136.742,4211.5,141.966,12.133852,5.371
Venegas_intento_7.mp4,474,15800.000,True,299.000,189.000,0.000,365.000,131.000,0.275000,0.241667,-0.930576,65.113,84.548,137.101,4207.0,142.149,12.149461,5.359
Venegas_intento_7.mp4,475,15833.333,True,299.000,189.000,0.000,365.000,131.000,0.275000,0.241667,-0.930576,64.362,84.939,135.727,4203.5,142.582,12.186509,5.281
Venegas_intento_7.mp4,476,15866.667,True,299.000,189.000,0.000,365.000,131.000,0.275000,0.241667,-0.930576,65.045,84.284,136.595,4190.0,142.599,12.187910,5.337
Venegas_intento_7.mp4,477,15900.000,True,299.000,189.000,0.000,365.000,131.000,0.275000,0.241667,-0.930576,64.606,84.899,135.828,4198.0,142.873,12.211392,5.291
Venegas_intento_7.mp4,478,15933.333,True,299.000,189.000,0.000,365.000,131.000,0.275000,0.241667,-0.930576,64.767,84.543,135.903,4206.0,142.413,12.172057,5.321
Venegas_intento_7.mp4,479,15966.667,True,299.000,189.000,0.000,365.000,131.000,0.275000,0.241667,-0.930576,65.224,84.859,136.577,4226.0,142.616,12.189392,5.351
Venegas_intento_7.mp4,480,16000.000,True,299.000,189.000,0.000,365.000,131.000,0.275000,0.241667,-0.930576,64.886,84.606,137.646,4197.5,142.084,12.143903,5.343
Venegas_intento_7.mp4,481,16033.333,True,299.000,189.000,0.000,366.000,130.000,0.279167,0.245833,-0.928241,64.641,85.017,135.912,4182.5,141.796,12.119339,5.334
Venegas_intento_7.mp4,482,16066.667,True,299.000,189.000,0.000,367.000,130.000,0.283333,0.245833,-0.926978,64.761,85.273,135.500,4220.0,142.069,12.142622,5.333
Venegas_intento_7.mp4,483,16100.000,True,299.000,189.000,0.000,367.000,129.000,0.283333,0.250000,-0.925863,64.539,85.946,136.701,4244.0,140.190,11.982040,5.386
Venegas_intento_7.mp4,484,16133.333,True,299.000,189.000,0.000,367.000,129.000,0.283333,0.250000,-0.925863,64.935,85.664,135.790,4240.5,139.920,11.959006,5.430
Venegas_intento_7.mp4,485,16166.667,True,299.000,189.000,0.000,367.000,129.000,0.283333,0.250000,-0.925863,64.987,86.003,136.409,4262.0,139.410,11.915358,5.454
Venegas_intento_7.mp4,486,16200.000,True,299.000,189.000,0.000,368.000,129.000,0.287500,0.250000,-0.924578,65.089,86.558,136.700,4310.0,141.269,12.074241,5.391
Venegas_intento_7.mp4,487,16233.333,True,299.000,189.000,0.000,368.000,130.000,0.287500,0.245833,-0.925694,65.520,86.558,138.656,4326.5,140.946,12.046631,5.439
Venegas_intento_7.mp4,488,16266.667,True,299.000,189.000,0.000,368.000,130.000,0.287500,0.245833,-0.925694,65.836,87.031,138.636,4350.0,140.524,12.010582,5.481
Venegas_intento_7.mp4,489,16300.000,True,299.000,189.000,0.000,368.000,131.000,0.287500,0.241667,-0.926791,65.229,86.610,138.932,4348.5,142.340,12.165776,5.362
Venegas_intento_7.mp4,490,16333.333,True,299.000,189.000,0.000,368.000,131.000,0.287500,0.241667,-0.926791,65.786,86.923,138.738,4363.5,142.833,12.207940,5.389
Venegas_intento_7.mp4,491,16366.667,True,299.000,189.000,0.000,368.000,131.000,0.287500,0.241667,-0.926791,66.265,86.947,138.687,4385.5,141.638,12.105817,5.474
Venegas_intento_7.mp4,492,16400.000,True,299.000,189.000,0.000,368.000,131.000,0.287500,0.241667,-0.926791,66.544,87.079,138.091,4409.0,140.796,12.033851,5.530
Venegas_intento_7.mp4,493,16433.333,True,299.000,189.000,0.000,367.000,131.000,0.283333,0.241667,-0.928073,66.159,88.029,137.827,4420.0,140.653,12.021653,5.503
Venegas_intento_7.mp4,494,16466.667,True,299.000,189.000,0.000,366.000,131.000,0.279167,0.241667,-0.929335,66.417,87.549,135.805,4441.5,141.585,12.101271,5.488
Venegas_intento_7.mp4,495,16500.000,True,299.000,189.000,0.000,365.000,131.000,0.275000,0.241667,-0.930576,67.551,87.382,135.961,4465.5,141.250,12.072617,5.595
Venegas_intento_7.mp4,496,16533.333,True,299.000,189.000,0.000,364.000,131.000,0.270833,0.241667,-0.931797,67.418,87.867,135.945,4455.5,141.848,12.123755,5.561
Venegas_intento_7.mp4,497,16566.667,True,299.000,189.000,0.000,356.000,131.000,0.237500,0.241667,-0.940846,71.108,88.223,130.098,4628.0,141.506,12.094534,5.879
Venegas_intento_7.mp4,498,16600.000,True,299.000,189.000,0.000,347.000,132.000,0.200000,0.237500,-0.950575,69.339,90.934,126.449,4651.0,145.193,12.409648,5.588
Venegas_intento_7.mp4,499,16633.333,True,299.000,189.000,0.000,339.000,133.000,0.166667,0.233333,-0.958007,69.032,91.466,126.570,4667.0,145.577,12.442481,5.548
Venegas_intento_7.mp4,500,16666.667,True,299.000,189.000,0.000,338.000,133.000,0.162500,0.233333,-0.958723,70.101,91.090,125.839,4708.5,143.541,12.268476,5.714
Venegas_intento_7.mp4,501,16700.000,True,299.000,189.000,0.000,339.000,133.000,0.166667,0.233333,-0.958007,70.607,91.806,127.583,4717.5,146.601,12.529966,5.635
Venegas_intento_7.mp4,502,16733.333,True,299.000,189.000,0.000,339.000,133.000,0.166667,0.233333,-0.958007,69.654,91.570,127.177,4741.5,147.294,12.589227,5.533
Venegas_intento_7.mp4,503,16766.667,True,299.000,189.000,0.000,339.000,133.000,0.166667,0.233333,-0.958007,70.828,92.454,131.596,4747.5,145.230,12.412784,5.706
Venegas_intento_7.mp4,504,16800.000,True,299.000,189.000,0.000,340.000,133.000,0.170833,0.233333,-0.957273,69.841,93.229,128.214,4759.0,146.730,12.540994,5.569
Venegas_intento_7.mp4,505,16833.333,True,299.000,189.000,0.000,339.000,134.000,0.166667,0.229167,-0.959012,71.698,91.757,129.077,4768.0,144.865,12.381643,5.791
Venegas_intento_7.mp4,506,16866.667,True,299.000,189.000,0.000,339.000,134.000,0.166667,0.229167,-0.959012,70.575,92.121,128.042,4750.0,144.485,12.349179,5.715
Venegas_intento_7.mp4,507,16900.000,True,299.000,189.000,0.000,339.000,134.000,0.166667,0.229167,-0.959012,70.320,91.434,129.584,4717.5,144.614,12.360166,5.689
Venegas_intento_7.mp4,508,16933.333,True,299.000,189.000,0.000,339.000,134.000,0.166667,0.229167,-0.959012,69.879,90.124,129.036,4659.5,143.904,12.299526,5.681
Venegas_intento_7.mp4,509,16966.667,True,299.000,189.000,0.000,339.000,134.000,0.166667,0.229167,-0.959012,71.180,89.923,130.137,4597.0,145.329,12.421287,5.731
Venegas_intento_7.mp4,510,17000.000,True,299.000,189.000,0.000,339.000,134.000,0.166667,0.229167,-0.959012,70.112,89.850,128.994,4587.5,145.593,12.443862,5.634
Venegas_intento_7.mp4,511,17033.333,True,299.000,189.000,0.000,339.000,135.000,0.166667,0.225000,-0.959999,70.191,89.565,127.799,4578.5,150.012,12.821564,5.474
Venegas_intento_7.mp4,512,17066.667,True,299.000,189.000,0.000,337.000,135.000,0.158333,0.225000,-0.961408,71.140,89.702,126.238,4513.5,151.046,12.909940,5.511
Venegas_intento_7.mp4,513,17100.000,True,299.000,189.000,0.000,335.000,136.000,0.150000,0.220833,-0.963708,72.795,88.162,125.353,4504.0,153.551,13.124006,5.547
Venegas_intento_7.mp4,514,17133.333,True,299.000,189.000,0.000,332.000,137.000,0.137500,0.216667,-0.966514,69.135,90.003,124.461,4489.5,153.688,13.135724,5.263
Venegas_intento_7.mp4,515,17166.667,True,299.000,189.000,0.000,331.000,137.000,0.133333,0.216667,-0.967098,70.723,88.563,126.421,4510.0,155.067,13.253611,5.336
Venegas_intento_7.mp4,516,17200.000,True,299.000,189.000,0.000,330.000,136.000,0.129167,0.220833,-0.966721,70.593,89.089,124.403,4489.5,152.601,13.042852,5.412
Venegas_intento_7.mp4,517,17233.333,True,299.000,189.000,0.000,329.000,137.000,0.125000,0.216667,-0.968210,71.008,88.260,126.576,4458.0,159.317,13.616844,5.215
Venegas_intento_7.mp4,518,17266.667,True,299.000,189.000,0.000,328.000,137.000,0.120833,0.216667,-0.968739,70.315,89.138,126.123,4461.0,159.497,13.632207,5.158
Venegas_intento_7.mp4,519,17300.000,True,299.000,189.000,0.000,328.000,137.000,0.120833,0.216667,-0.968739,70.833,88.284,123.506,4450.5,159.786,13.656944,5.187
Venegas_intento_7.mp4,520,17333.333,True,299.000,189.000,0.000,328.000,137.000,0.120833,0.216667,-0.968739,69.837,87.970,122.596,4420.5,159.097,13.598046,5.136
Venegas_intento_7.mp4,521,17366.667,True,299.000,189.000,0.000,329.000,137.000,0.125000,0.216667,-0.968210,69.318,88.654,124.180,4422.5,155.958,13.329743,5.200
Venegas_intento_7.mp4,522,17400.000,True,299.000,189.000,0.000,330.000,139.000,0.129167,0.208333,-0.969491,71.151,90.227,126.935,4453.5,157.143,13.431050,5.298
Venegas_intento_7.mp4,523,17433.333,True,299.000,189.000,0.000,330.000,141.000,0.129167,0.200000,-0.971245,69.988,89.896,125.703,4420.0,155.535,13.293594,5.265
Venegas_intento_7.mp4,524,17466.667,True,299.000,189.000,0.000,330.000,143.000,0.129167,0.191667,-0.972923,71.514,88.568,128.144,4408.5,153.531,13.122286,5.450
Venegas_intento_7.mp4,525,17500.000,True,299.000,189.000,0.000,331.000,143.000,0.133333,0.191667,-0.972361,70.103,90.142,125.055,4492.5,154.939,13.242635,5.294
Venegas_intento_7.mp4,526,17533.333,True,299.000,189.000,0.000,331.000,144.000,0.133333,0.187500,-0.973173,70.497,90.418,126.017,4535.5,153.997,13.162144,5.356
Venegas_intento_7.mp4,527,17566.667,True,299.000,189.000,0.000,330.000,144.000,0.129167,0.187500,-0.973735,69.911,88.718,126.773,4513.0,155.170,13.262435,5.271
Venegas_intento_7.mp4,528,17600.000,True,299.000,189.000,0.000,330.000,144.000,0.129167,0.187500,-0.973735,71.148,89.537,128.900,4550.0,154.203,13.179749,5.398
Venegas_intento_7.mp4,529,17633.333,True,299.000,189.000,0.000,330.000,144.000,0.129167,0.187500,-0.973735,72.020,89.351,124.615,4471.0,154.361,13.193273,5.459
Venegas_intento_7.mp4,530,17666.667,True,299.000,189.000,0.000,332.000,143.000,0.137500,0.191667,-0.971781,68.348,89.289,125.601,4427.5,149.747,12.798888,5.340
Venegas_intento_7.mp4,531,17700.000,True,299.000,189.000,0.000,334.000,141.000,0.145833,0.200000,-0.968882,68.697,88.461,125.131,4414.0,151.451,12.944524,5.307
Venegas_intento_7.mp4,532,17733.333,True,299.000,189.000,0.000,337.000,139.000,0.158333,0.208333,-0.965157,68.200,88.985,127.097,4402.0,151.166,12.920188,5.279
Venegas_intento_7.mp4,533,17766.667,True,299.000,189.000,0.000,337.000,139.000,0.158333,0.208333,-0.965157,69.923,87.935,127.457,4381.0,151.497,12.948466,5.400
Venegas_intento_7.mp4,534,17800.000,True,299.000,189.000,0.000,338.000,139.000,0.162500,0.208333,-0.964464,69.285,87.729,128.702,4388.0,152.051,12.995848,5.331
Venegas_intento_7.mp4,535,17833.333,True,299.000,189.000,0.000,338.000,140.000,0.162500,0.204167,-0.965355,68.439,87.825,128.372,4356.0,151.686,12.964654,5.279
Venegas_intento_7.mp4,536,17866.667,True,299.000,189.000,0.000,337.000,140.000,0.158333,0.204167,-0.966047,68.885,87.364,126.461,4320.0,151.283,12.930213,5.327
Venegas_intento_7.mp4,537,17900.000,True,299.000,189.000,0.000,337.000,140.000,0.158333,0.204167,-0.966047,67.370,86.753,126.551,4322.0,151.768,12.971636,5.194
Venegas_intento_7.mp4,538,17933.333,True,299.000,189.000,0.000,335.000,140.000,0.150000,0.204167,-0.967376,68.189,86.728,123.092,4248.5,152.964,13.073871,5.216
Venegas_intento_7.mp4,539,17966.667,True,299.000,189.000,0.000,333.000,140.000,0.141667,0.204167,-0.968631,70.493,84.759,123.013,4235.0,158.677,13.562119,5.198
Venegas_intento_7.mp4,540,18000.000,True,299.000,189.000,0.000,331.000,140.000,0.133333,0.204167,-0.969813,68.892,85.360,123.717,4220.5,159.559,13.637548,5.052
Venegas_intento_7.mp4,541,18033.333,True,299.000,189.000,0.000,331.000,140.000,0.133333,0.204167,-0.969813,67.922,85.515,123.105,4221.0,159.449,13.628138,4.984
Venegas_intento_7.mp4,542,18066.667,True,299.000,189.000,0.000,332.000,140.000,0.137500,0.204167,-0.969232,67.223,85.569,123.808,4213.5,159.187,13.605744,4.941
Venegas_intento_7.mp4,543,18100.000,True,299.000,189.000,0.000,332.000,140.000,0.137500,0.204167,-0.969232,67.351,86.372,125.330,4223.0,159.834,13.661000,4.930
Venegas_intento_7.mp4,544,18133.333,True,299.000,189.000,0.000,332.000,140.000,0.137500,0.204167,-0.969232,69.137,86.120,124.641,4265.0,159.444,13.627662,5.073
Venegas_intento_7.mp4,545,18166.667,True,299.000,189.000,0.000,332.000,140.000,0.137500,0.204167,-0.969232,68.303,86.631,123.436,4279.0,155.267,13.270719,5.147
Venegas_intento_7.mp4,546,18200.000,True,299.000,189.000,0.000,332.000,140.000,0.137500,0.204167,-0.969232,68.799,87.067,124.730,4320.0,157.052,13.423245,5.125
Venegas_intento_7.mp4,547,18233.333,True,299.000,189.000,0.000,332.000,140.000,0.137500,0.204167,-0.969232,69.437,87.791,126.786,4372.5,156.269,13.356328,5.199
Venegas_intento_7.mp4,548,18266.667,True,299.000,189.000,0.000,332.000,140.000,0.137500,0.204167,-0.969232,69.409,88.527,124.439,4407.0,157.973,13.501960,5.141
Venegas_intento_7.mp4,549,18300.000,True,299.000,189.000,0.000,332.000,139.000,0.137500,0.208333,-0.968344,69.168,89.431,123.917,4468.0,158.829,13.575142,5.095
Venegas_intento_7.mp4,550,18333.333,True,299.000,189.000,0.000,332.000,139.000,0.137500,0.208333,-0.968344,69.225,90.142,123.894,4516.5,159.371,13.621464,5.082
Venegas_intento_7.mp4,551,18366.667,True,299.000,189.000,0.000,331.000,139.000,0.133333,0.208333,-0.968927,71.407,89.586,125.392,4559.5,162.418,13.881895,5.144
Venegas_intento_7.mp4,552,18400.000,True,299.000,189.000,0.000,331.000,139.000,0.133333,0.208333,-0.968927,72.414,90.179,125.986,4585.0,162.506,13.889379,5.214
Venegas_intento_7.mp4,553,18433.333,True,299.000,189.000,0.000,330.000,140.000,0.129167,0.204167,-0.970377,71.585,90.911,125.362,4651.5,164.575,14.066269,5.089
