Muestra_ID,Real,Predicho,Acierto,Confianza
1438,P7,P7,1,0.5666666666666667
1814,P9,P9,1,0.8033333333333333
1649,P8,P8,1,0.6766666666666666
1109,P5,P5,1,0.5333333333333333
707,P4,P4,1,0.44333333333333336
1474,P7,P7,1,0.82
576,P3,P3,1,0.69
262,P2,P2,1,0.42
1454,P7,P7,1,0.8866666666666667
1007,P5,P5,1,0.2966666666666667
704,P4,P6,0,0.3433333333333333
52,P1,P1,1,0.8733333333333333
1781,P9,P9,1,0.6366666666666667
1650,P8,P8,1,0.8166666666666667
1860,P9,P9,1,0.6733333333333333
1866,P9,P9,1,0.38333333333333336
1648,P8,P8,1,0.65
8,P1,P1,1,0.8366666666666667
1771,P9,P9,1,0.64
1672,P8,P8,1,0.4666666666666667
525,P3,P3,1,0.9233333333333333
213,P2,P2,1,0.36333333333333334
1113,P5,P5,1,0.5433333333333333
72,P1,P1,1,0.79
2001,P10,P10,1,0.84
1334,P6,P6,1,0.6433333333333333
83,P1,P1,1,0.45
1426,P6,P9,0,0.32
651,P4,P4,1,0.7533333333333333
783,P4,P2,0,0.4533333333333333
1863,P9,P9,1,0.8333333333333334
776,P4,P4,1,0.7833333333333333
1016,P5,P5,1,0.5266666666666666
107,P1,P1,1,0.9166666666666666
1856,P9,P9,1,0.8466666666666667
744,P4,P4,1,0.48333333333333334
1110,P5,P8,0,0.4066666666666667
1538,P7,P7,1,0.37333333333333335
293,P2,P2,1,0.7633333333333333
1833,P9,P9,1,0.7566666666666667
1761,P9,P10,0,0.6166666666666667
625,P3,P3,1,0.8166666666666667
1748,P8,P8,1,0.6866666666666666
1782,P9,P9,1,0.5733333333333334
1643,P8,P8,1,0.5366666666666666
1422,P6,P6,1,0.36666666666666664
1475,P7,P7,1,0.7566666666666667
1512,P7,P7,1,0.5266666666666666
1598,P8,P8,1,0.66
1576,P7,P7,1,0.75
88,P1,P1,1,0.6033333333333334
1877,P9,P9,1,0.8333333333333334
753,P4,P4,1,0.9166666666666666
528,P3,P3,1,0.9566666666666667
2038,P10,P10,1,0.6233333333333333
1382,P6,P6,1,0.5666666666666667
1058,P5,P5,1,0.45666666666666667
974,P5,P5,1,0.39
309,P2,P2,1,0.74
1042,P5,P5,1,0.45666666666666667
655,P4,P1,0,0.5066666666666667
1373,P6,P6,1,0.29333333333333333
1371,P6,P6,1,0.59
1341,P6,P4,0,0.37666666666666665
1651,P8,P8,1,0.92
1501,P7,P1,0,0.30666666666666664
1843,P9,P9,1,0.73
1982,P10,P10,1,0.7166666666666667
565,P3,P3,1,0.8966666666666666
1393,P6,P6,1,0.45
545,P3,P3,1,0.8933333333333333
1566,P7,P10,0,0.25666666666666665
2058,P10,P10,1,0.54
1531,P7,P7,1,0.6333333333333333
1554,P7,P7,1,0.9166666666666666
1763,P9,P9,1,0.6566666666666666
732,P4,P4,1,0.8333333333333334
1935,P10,P10,1,0.89
1339,P6,P6,1,0.51
157,P1,P1,1,0.8833333333333333
1502,P7,P7,1,0.44666666666666666
1305,P6,P6,1,0.54
1844,P9,P6,0,0.32666666666666666
20,P1,P1,1,0.65
240,P2,P2,1,0.8066666666666666
1032,P5,P5,1,0.37666666666666665
1303,P6,P6,1,0.35333333333333333
187,P2,P2,1,0.7633333333333333
1567,P7,P7,1,0.42
1563,P7,P7,1,0.36
1283,P6,P6,1,0.6333333333333333
267,P2,P2,1,0.5166666666666667
1486,P7,P7,1,0.47
1038,P5,P5,1,0.39666666666666667
719,P4,P4,1,0.6533333333333333
1979,P10,P6,0,0.24
1075,P5,P5,1,0.49333333333333335
583,P3,P3,1,0.6933333333333334
739,P4,P4,1,0.71
748,P4,P4,1,0.8466666666666667
1389,P6,P6,1,0.5633333333333334
256,P2,P2,1,0.7333333333333333
1685,P8,P8,1,0.83
291,P2,P2,1,0.7733333333333333
959,P5,P5,1,0.49333333333333335
640,P4,P8,0,0.5533333333333333
1756,P8,P8,1,0.64
1300,P6,P6,1,0.59
1832,P9,P9,1,0.7533333333333333
1635,P8,P8,1,0.7366666666666667
297,P2,P2,1,0.6866666666666666
509,P3,P3,1,0.42333333333333334
1018,P5,P5,1,0.34
1698,P8,P8,1,0.9266666666666666
2031,P10,P10,1,0.6833333333333333
572,P3,P3,1,0.45
1364,P6,P6,1,0.36666666666666664
527,P3,P3,1,0.7233333333333334
211,P2,P2,1,0.49
74,P1,P1,1,0.9233333333333333
626,P3,P3,1,0.8933333333333333
1668,P8,P8,1,0.7666666666666667
272,P2,P2,1,0.5966666666666667
143,P1,P1,1,0.93
1329,P6,P6,1,0.6866666666666666
125,P1,P1,1,0.8566666666666667
1031,P5,P5,1,0.85
617,P3,P3,1,0.7266666666666667
308,P2,P2,1,0.7566666666666667
1111,P5,P5,1,0.4666666666666667
59,P1,P1,1,0.6666666666666666
287,P2,P2,1,0.6566666666666666
1076,P5,P5,1,0.41333333333333333
2066,P10,P10,1,0.7466666666666667
1903,P9,P9,1,0.5066666666666667
2037,P10,P10,1,0.38666666666666666
986,P5,P5,1,0.6466666666666666
1922,P10,P10,1,0.73
1712,P8,P8,1,0.8133333333333334
2074,P10,P10,1,0.49333333333333335
729,P4,P4,1,0.7733333333333333
1104,P5,P5,1,0.79
2072,P10,P10,1,0.56
1656,P8,P2,0,0.4
767,P4,P4,1,0.5833333333333334
1859,P9,P9,1,0.7866666666666666
504,P3,P3,1,0.7466666666666667
210,P2,P2,1,0.5933333333333334
1500,P7,P7,1,0.26666666666666666
1323,P6,P6,1,0.45666666666666667
130,P1,P1,1,0.5966666666666667
714,P4,P4,1,0.7033333333333334
1652,P8,P8,1,0.52
1304,P6,P6,1,0.51
1725,P8,P8,1,0.6933333333333334
1784,P9,P9,1,0.75
1687,P8,P8,1,0.6166666666666667
1499,P7,P7,1,0.59
149,P1,P1,1,0.46
713,P4,P4,1,0.61
796,P4,P4,1,0.6533333333333333
1359,P6,P9,0,0.58
290,P2,P2,1,0.72
735,P4,P4,1,0.7333333333333333
1622,P8,P8,1,0.5566666666666666
43,P1,P1,1,0.9266666666666666
1921,P10,P10,1,0.6633333333333333
1788,P9,P9,1,0.7266666666666667
1321,P6,P6,1,0.73
1374,P6,P6,1,0.53
1059,P5,P5,1,0.6333333333333333
1536,P7,P7,1,0.87
1596,P7,P7,1,0.9533333333333334
1448,P7,P7,1,0.91
1325,P6,P6,1,0.52
1972,P10,P5,0,0.29
129,P1,P1,1,0.8
1750,P8,P8,1,0.51
243,P2,P2,1,0.6166666666666667
140,P1,P1,1,0.8866666666666667
318,P2,P2,1,0.7033333333333334
966,P5,P5,1,0.5866666666666667
1090,P5,P5,1,0.5466666666666666
1002,P5,P5,1,0.4533333333333333
1630,P8,P8,1,0.97
646,P4,P4,1,0.8566666666666667
1092,P5,P5,1,0.4066666666666667
2073,P10,P10,1,0.5
54,P1,P1,1,0.7233333333333334
798,P4,P1,0,0.43333333333333335
2010,P10,P10,1,0.35333333333333333
1472,P7,P7,1,0.87
1626,P8,P8,1,0.79
1400,P6,P6,1,0.49666666666666665
1947,P10,P6,0,0.3433333333333333
103,P1,P1,1,0.9033333333333333
37,P1,P1,1,0.9633333333333334
641,P4,P4,1,0.57
1791,P9,P9,1,0.5233333333333333
1688,P8,P8,1,0.4166666666666667
673,P4,P4,1,0.35
2048,P10,P10,1,0.7633333333333333
1356,P6,P6,1,0.46
21,P1,P1,1,0.5066666666666667
1450,P7,P7,1,0.9933333333333333
1515,P7,P7,1,0.94
999,P5,P5,1,0.6233333333333333
1048,P5,P5,1,0.54
593,P3,P3,1,0.7333333333333333
672,P4,P6,0,0.31
991,P5,P5,1,0.4533333333333333
1584,P7,P7,1,0.87
574,P3,P3,1,0.3433333333333333
706,P4,P4,1,0.73
311,P2,P2,1,0.5366666666666666
1080,P5,P5,1,0.61
483,P3,P3,1,0.91
1429,P6,P6,1,0.7766666666666666
1585,P7,P7,1,0.9033333333333333
89,P1,P1,1,0.57
1115,P5,P5,1,0.76
1348,P6,P6,1,0.35333333333333333
777,P4,P4,1,0.5333333333333333
514,P3,P3,1,0.7533333333333333
1865,P9,P9,1,0.7733333333333333
1532,P7,P7,1,0.7366666666666667
1416,P6,P6,1,0.6
1707,P8,P8,1,0.88
1019,P5,P5,1,0.5566666666666666
1640,P8,P8,1,0.3
1530,P7,P7,1,0.7066666666666667
1742,P8,P8,1,0.6433333333333333
50,P1,P1,1,0.5166666666666667
1632,P8,P7,0,0.34
58,P1,P1,1,0.66
485,P3,P3,1,0.89
2071,P10,P10,1,0.5633333333333334
972,P5,P5,1,0.5933333333333334
638,P3,P3,1,0.38
665,P4,P4,1,0.5933333333333334
110,P1,P1,1,0.9866666666666667
674,P4,P4,1,0.67
13,P1,P1,1,0.85
647,P4,P4,1,0.8233333333333334
1908,P9,P9,1,0.3933333333333333
1942,P10,P10,1,0.44
1399,P6,P6,1,0.86
619,P3,P3,1,0.73
215,P2,P2,1,0.63
1279,P6,P10,0,0.4166666666666667
3,P1,P1,1,0.5466666666666666
595,P3,P3,1,0.8366666666666667
121,P1,P1,1,0.5533333333333333
507,P3,P3,1,0.6133333333333333
113,P1,P1,1,0.7666666666666667
1933,P10,P10,1,0.7233333333333334
1927,P10,P10,1,0.5633333333333334
1372,P6,P6,1,0.3566666666666667
1920,P10,P10,1,0.6533333333333333
1848,P9,P9,1,0.8766666666666667
763,P4,P4,1,0.48
585,P3,P3,1,0.6966666666666667
1885,P9,P9,1,0.7633333333333333
1816,P9,P9,1,0.64
2069,P10,P10,1,0.68
151,P1,P1,1,0.98
533,P3,P3,1,0.91
2013,P10,P10,1,0.3566666666666667
1411,P6,P6,1,0.44333333333333336
1396,P6,P6,1,0.46
1509,P7,P7,1,0.3566666666666667
1050,P5,P5,1,0.55
502,P3,P3,1,0.71
1014,P5,P5,1,0.5933333333333334
1932,P10,P2,0,0.37666666666666665
246,P2,P2,1,0.5966666666666667
301,P2,P2,1,0.7066666666666667
280,P2,P2,1,0.6966666666666667
685,P4,P4,1,0.5266666666666666
148,P1,P1,1,0.7033333333333334
1985,P10,P10,1,0.47
1370,P6,P6,1,0.7166666666666667
1430,P6,P6,1,0.6733333333333333
1021,P5,P5,1,0.35
1614,P8,P8,1,0.5466666666666666
234,P2,P2,1,0.85
1410,P6,P6,1,0.33
1575,P7,P7,1,0.97
1290,P6,P6,1,0.6266666666666667
978,P5,P5,1,0.31333333333333335
99,P1,P1,1,0.94
606,P3,P3,1,0.31333333333333335
2076,P10,P10,1,0.36666666666666664
1946,P10,P6,0,0.43333333333333335
1746,P8,P8,1,0.39666666666666667
1440,P7,P7,1,0.56
14,P1,P1,1,0.95
1358,P6,P6,1,0.5566666666666666
282,P2,P2,1,0.7933333333333333
683,P4,P4,1,0.8233333333333334
2043,P10,P6,0,0.29
203,P2,P2,1,0.7933333333333333
497,P3,P3,1,0.86
1506,P7,P7,1,0.6633333333333333
296,P2,P2,1,0.7133333333333334
1827,P9,P9,1,0.85
1005,P5,P8,0,0.73
1654,P8,P8,1,0.7666666666666667
1060,P5,P5,1,0.7333333333333333
289,P2,P2,1,0.6333333333333333
1660,P8,P8,1,0.48
136,P1,P1,1,0.78
1428,P6,P6,1,0.4066666666666667
159,P1,P1,1,0.81
2044,P10,P10,1,0.45666666666666667
1326,P6,P6,1,0.43
2054,P10,P10,1,0.42
569,P3,P3,1,0.8733333333333333
1930,P10,P10,1,0.7866666666666666
161,P2,P2,1,0.9
1497,P7,P7,1,0.8033333333333333
218,P2,P2,1,0.8966666666666666
1894,P9,P9,1,0.6733333333333333
668,P4,P4,1,0.5833333333333334
516,P3,P3,1,0.93
506,P3,P3,1,0.5266666666666666
1879,P9,P9,1,0.96
302,P2,P2,1,0.8066666666666666
1786,P9,P9,1,0.49666666666666665
613,P3,P3,1,0.87
63,P1,P1,1,0.7666666666666667
70,P1,P1,1,0.9266666666666666
91,P1,P1,1,0.94
1537,P7,P7,1,0.89
260,P2,P2,1,0.8166666666666667
1734,P8,P8,1,0.5433333333333333
2060,P10,P4,0,0.21333333333333335
630,P3,P3,1,0.56
17,P1,P1,1,0.9533333333333334
779,P4,P4,1,0.8066666666666666
1963,P10,P6,0,0.35333333333333333
682,P4,P4,1,0.7866666666666666
116,P1,P1,1,0.84
48,P1,P1,1,0.6366666666666667
1621,P8,P8,1,0.8
1951,P10,P10,1,0.7833333333333333
2011,P10,P10,1,0.36666666666666664
162,P2,P2,1,0.9233333333333333
1542,P7,P7,1,0.97
288,P2,P2,1,0.48333333333333334
1571,P7,P7,1,0.8333333333333334
1638,P8,P8,1,0.8933333333333333
607,P3,P3,1,0.4166666666666667
1608,P8,P8,1,0.6766666666666666
1931,P10,P2,0,0.29
1736,P8,P8,1,0.7733333333333333
1733,P8,P8,1,0.94
1557,P7,P7,1,0.9833333333333333
961,P5,P5,1,0.7433333333333333
251,P2,P2,1,0.7066666666666667
496,P3,P3,1,0.8533333333333334
1966,P10,P10,1,0.9433333333333334
275,P2,P2,1,0.6866666666666666
1637,P8,P8,1,0.9733333333333334
1446,P7,P7,1,0.7566666666666667
734,P4,P4,1,0.7233333333333334
1871,P9,P9,1,0.8333333333333334
500,P3,P3,1,0.77
765,P4,P4,1,0.84
1022,P5,P7,0,0.26666666666666666
639,P3,P9,0,0.55
2015,P10,P10,1,0.6666666666666666
1088,P5,P5,1,0.8633333333333333
1435,P6,P6,1,0.2966666666666667
720,P4,P6,0,0.29
578,P3,P3,1,0.6366666666666667
1914,P9,P9,1,0.6
147,P1,P1,1,0.5833333333333334
723,P4,P4,1,0.6666666666666666
975,P5,P3,0,0.53
150,P1,P1,1,0.6733333333333333
1714,P8,P8,1,0.81
1401,P6,P6,1,0.44666666666666666
1646,P8,P8,1,0.6166666666666667
1855,P9,P9,1,0.9466666666666667
2040,P10,P10,1,0.52
643,P4,P2,0,0.6933333333333334
1105,P5,P5,1,0.5433333333333333
1934,P10,P10,1,0.8533333333333334
1514,P7,P7,1,0.5733333333333334
87,P1,P1,1,0.7866666666666666
1810,P9,P9,1,0.67
1008,P5,P5,1,0.35333333333333333
970,P5,P5,1,0.5166666666666667
1842,P9,P9,1,0.6033333333333334
1797,P9,P9,1,0.64
1579,P7,P7,1,0.47333333333333333
1874,P9,P9,1,0.45666666666666667
622,P3,P3,1,0.43
1299,P6,P6,1,0.6033333333333334
1857,P9,P9,1,0.7533333333333333
769,P4,P4,1,0.6633333333333333
1891,P9,P9,1,0.78
1012,P5,P5,1,0.38666666666666666
1667,P8,P8,1,0.93
526,P3,P3,1,0.8666666666666667
1779,P9,P9,1,0.8733333333333333
1099,P5,P5,1,0.5966666666666667
1,P1,P1,1,0.7133333333333334
754,P4,P4,1,0.7966666666666666
186,P2,P2,1,0.8233333333333334
57,P1,P1,1,0.8266666666666667
310,P2,P2,1,0.5733333333333334
786,P4,P4,1,0.7133333333333334
1744,P8,P8,1,0.7133333333333334
1510,P7,P7,1,0.7366666666666667
740,P4,P4,1,0.55
663,P4,P4,1,0.42
1477,P7,P7,1,0.97
1447,P7,P7,1,0.59
481,P3,P3,1,0.78
1595,P7,P7,1,0.96
1286,P6,P6,1,0.6
596,P3,P3,1,0.8966666666666666
1766,P9,P9,1,0.8733333333333333
1459,P7,P7,1,0.6033333333333334
1107,P5,P5,1,0.31
603,P3,P3,1,0.6833333333333333
1962,P10,P6,0,0.4066666666666667
2067,P10,P10,1,0.5
171,P2,P2,1,0.8366666666666667
1727,P8,P8,1,0.8833333333333333
1368,P6,P6,1,0.6766666666666666
708,P4,P4,1,0.6266666666666667
255,P2,P2,1,0.6366666666666667
1799,P9,P9,1,0.9266666666666666
281,P2,P2,1,0.7466666666666667
1872,P9,P9,1,0.9466666666666667
1521,P7,P5,0,0.49333333333333335
1720,P8,P8,1,0.4066666666666667
198,P2,P2,1,0.4
1794,P9,P9,1,0.5266666666666666
1471,P7,P7,1,0.8333333333333334
155,P1,P1,1,0.9
1838,P9,P9,1,0.3466666666666667
1798,P9,P9,1,0.9
1385,P6,P6,1,0.69
160,P2,P2,1,0.8066666666666666
1757,P8,P7,0,0.5433333333333333
1755,P8,P8,1,0.9966666666666667
1956,P10,P10,1,0.5333333333333333
2020,P10,P10,1,0.44
1351,P6,P6,1,0.63
1705,P8,P8,1,0.7833333333333333
537,P3,P3,1,0.74
511,P3,P6,0,0.30333333333333334
1312,P6,P6,1,0.73
178,P2,P2,1,0.82
590,P3,P3,1,0.6666666666666666
299,P2,P2,1,0.72
1442,P7,P7,1,0.7233333333333334
1895,P9,P9,1,0.89
189,P2,P2,1,0.5733333333333334
540,P3,P3,1,0.7033333333333334
1747,P8,P8,1,0.47333333333333333
277,P2,P2,1,0.62
503,P3,P3,1,0.79
221,P2,P2,1,0.7233333333333334
1954,P10,P10,1,0.65
2025,P10,P10,1,0.5066666666666667
1902,P9,P9,1,0.5133333333333333
102,P1,P1,1,0.79
1071,P5,P5,1,0.7066666666666667
697,P4,P4,1,0.71
1324,P6,P6,1,0.49
985,P5,P5,1,0.6433333333333333
1774,P9,P3,0,0.4766666666666667
726,P4,P4,1,0.9033333333333333
1513,P7,P7,1,0.6133333333333333
546,P3,P3,1,0.8033333333333333
