Muestra_ID,Real,Predicho,Acierto,Confianza,Configuracion
1484,P3,P3,1,0.54,5 sujetos
1441,P3,P3,1,0.6333333333333333,5 sujetos
1791,P4,P4,1,0.68,5 sujetos
21,P1,P1,1,0.84,5 sujetos
957,P2,P2,1,0.5533333333333333,5 sujetos
70,P1,P1,1,0.97,5 sujetos
916,P2,P2,1,0.4166666666666667,5 sujetos
1967,P5,P5,1,0.87,5 sujetos
799,P2,P4,0,0.59,5 sujetos
1945,P5,P5,1,0.6966666666666667,5 sujetos
1790,P4,P4,1,0.56,5 sujetos
2049,P5,P5,1,0.9333333333333333,5 sujetos
1485,P3,P3,1,0.53,5 sujetos
63,P1,P1,1,0.9933333333333333,5 sujetos
54,P1,P1,1,0.9866666666666667,5 sujetos
1898,P4,P4,1,0.9766666666666667,5 sujetos
1781,P4,P4,1,0.79,5 sujetos
1929,P5,P5,1,0.7033333333333334,5 sujetos
2034,P5,P5,1,0.9533333333333334,5 sujetos
1548,P3,P3,1,0.8033333333333333,5 sujetos
149,P1,P1,1,0.7166666666666667,5 sujetos
2064,P5,P5,1,0.91,5 sujetos
1837,P4,P4,1,0.9166666666666666,5 sujetos
1,P1,P1,1,0.5633333333333334,5 sujetos
930,P2,P2,1,0.8366666666666667,5 sujetos
57,P1,P1,1,0.9,5 sujetos
1523,P3,P3,1,0.9466666666666667,5 sujetos
43,P1,P1,1,0.9633333333333334,5 sujetos
1495,P3,P3,1,0.5866666666666667,5 sujetos
2017,P5,P5,1,0.9733333333333334,5 sujetos
1534,P3,P5,0,0.5566666666666666,5 sujetos
1918,P5,P5,1,0.98,5 sujetos
1769,P4,P4,1,0.93,5 sujetos
2065,P5,P5,1,0.9766666666666667,5 sujetos
129,P1,P1,1,0.7533333333333333,5 sujetos
1971,P5,P5,1,0.74,5 sujetos
58,P1,P1,1,0.97,5 sujetos
921,P2,P2,1,0.9666666666666667,5 sujetos
860,P2,P2,1,0.5,5 sujetos
837,P2,P5,0,0.5566666666666666,5 sujetos
1990,P5,P5,1,0.6066666666666667,5 sujetos
2007,P5,P5,1,0.43,5 sujetos
1761,P4,P5,0,0.5633333333333334,5 sujetos
1571,P3,P3,1,0.95,5 sujetos
936,P2,P2,1,0.9233333333333333,5 sujetos
48,P1,P1,1,0.99,5 sujetos
857,P2,P2,1,0.8366666666666667,5 sujetos
1801,P4,P4,1,0.9266666666666666,5 sujetos
842,P2,P2,1,0.74,5 sujetos
1866,P4,P4,1,0.6666666666666666,5 sujetos
1904,P4,P4,1,0.97,5 sujetos
106,P1,P1,1,0.9933333333333333,5 sujetos
950,P2,P1,0,0.8766666666666667,5 sujetos
2071,P5,P5,1,0.6,5 sujetos
130,P1,P1,1,0.64,5 sujetos
1527,P3,P3,1,0.5766666666666667,5 sujetos
107,P1,P1,1,0.9966666666666667,5 sujetos
1825,P4,P4,1,0.8733333333333333,5 sujetos
2068,P5,P5,1,0.8233333333333334,5 sujetos
826,P2,P2,1,0.67,5 sujetos
941,P2,P2,1,0.82,5 sujetos
99,P1,P1,1,0.9866666666666667,5 sujetos
1443,P3,P3,1,0.8566666666666667,5 sujetos
1564,P3,P3,1,0.6066666666666667,5 sujetos
2051,P5,P5,1,0.7733333333333333,5 sujetos
1469,P3,P3,1,0.7866666666666666,5 sujetos
1773,P4,P4,1,0.94,5 sujetos
919,P2,P2,1,0.8533333333333334,5 sujetos
1458,P3,P3,1,0.87,5 sujetos
929,P2,P2,1,0.9433333333333334,5 sujetos
1759,P4,P4,1,0.68,5 sujetos
1541,P3,P3,1,0.93,5 sujetos
1831,P4,P4,1,0.97,5 sujetos
1461,P3,P3,1,0.9433333333333334,5 sujetos
1554,P3,P3,1,0.8933333333333333,5 sujetos
1977,P5,P5,1,0.7066666666666667,5 sujetos
1994,P5,P3,0,0.7333333333333333,5 sujetos
1439,P3,P3,1,0.7166666666666667,5 sujetos
1973,P5,P4,0,0.6733333333333333,5 sujetos
1575,P3,P3,1,0.9133333333333333,5 sujetos
817,P2,P2,1,0.9166666666666666,5 sujetos
1978,P5,P5,1,0.5033333333333333,5 sujetos
1486,P3,P3,1,0.53,5 sujetos
1553,P3,P3,1,0.8533333333333334,5 sujetos
89,P1,P1,1,0.5266666666666666,5 sujetos
1536,P3,P3,1,0.91,5 sujetos
890,P2,P2,1,0.7533333333333333,5 sujetos
2001,P5,P5,1,0.9633333333333334,5 sujetos
1914,P4,P4,1,0.6466666666666666,5 sujetos
882,P2,P2,1,0.98,5 sujetos
91,P1,P1,1,0.9866666666666667,5 sujetos
83,P1,P1,1,0.6566666666666666,5 sujetos
1758,P4,P5,0,0.5333333333333333,5 sujetos
116,P1,P1,1,0.9333333333333333,5 sujetos
828,P2,P2,1,0.9366666666666666,5 sujetos
2019,P5,P5,1,0.8033333333333333,5 sujetos
1933,P5,P5,1,0.8533333333333334,5 sujetos
948,P2,P1,0,0.8366666666666667,5 sujetos
1491,P3,P3,1,0.9666666666666667,5 sujetos
1783,P4,P4,1,0.87,5 sujetos
136,P1,P1,1,0.9766666666666667,5 sujetos
1841,P4,P4,1,0.9233333333333333,5 sujetos
1583,P3,P3,1,0.8233333333333334,5 sujetos
1850,P4,P4,1,0.99,5 sujetos
895,P2,P4,0,0.36666666666666664,5 sujetos
850,P2,P2,1,0.9866666666666667,5 sujetos
1958,P5,P5,1,0.6233333333333333,5 sujetos
1852,P4,P4,1,0.7,5 sujetos
849,P2,P2,1,0.9166666666666666,5 sujetos
1871,P4,P4,1,0.8633333333333333,5 sujetos
155,P1,P1,1,0.9466666666666667,5 sujetos
1474,P3,P3,1,0.9666666666666667,5 sujetos
1944,P5,P5,1,0.5333333333333333,5 sujetos
854,P2,P2,1,0.6233333333333333,5 sujetos
852,P2,P2,1,0.49333333333333335,5 sujetos
1464,P3,P3,1,0.8533333333333334,5 sujetos
810,P2,P2,1,0.83,5 sujetos
74,P1,P1,1,0.9966666666666667,5 sujetos
1937,P5,P5,1,0.7366666666666667,5 sujetos
2070,P5,P5,1,0.65,5 sujetos
1483,P3,P3,1,0.6766666666666666,5 sujetos
1897,P4,P4,1,0.9666666666666667,5 sujetos
2018,P5,P5,1,0.71,5 sujetos
1803,P4,P4,1,0.8266666666666667,5 sujetos
926,P2,P1,0,0.4666666666666667,5 sujetos
1465,P3,P3,1,0.94,5 sujetos
1920,P5,P5,1,0.9833333333333333,5 sujetos
1847,P4,P4,1,0.9166666666666666,5 sujetos
911,P2,P2,1,0.8633333333333333,5 sujetos
1887,P4,P4,1,0.75,5 sujetos
928,P2,P2,1,0.6833333333333333,5 sujetos
1800,P4,P4,1,0.8866666666666667,5 sujetos
125,P1,P1,1,0.98,5 sujetos
899,P2,P4,0,0.5733333333333334,5 sujetos
1472,P3,P3,1,0.9833333333333333,5 sujetos
825,P2,P2,1,0.83,5 sujetos
2066,P5,P5,1,0.9233333333333333,5 sujetos
1826,P4,P4,1,0.97,5 sujetos
1532,P3,P3,1,0.72,5 sujetos
1934,P5,P5,1,0.97,5 sujetos
2009,P5,P5,1,0.7566666666666667,5 sujetos
88,P1,P1,1,0.57,5 sujetos
20,P1,P1,1,0.9333333333333333,5 sujetos
1838,P4,P4,1,0.7333333333333333,5 sujetos
1530,P3,P3,1,0.95,5 sujetos
932,P2,P2,1,0.4633333333333333,5 sujetos
72,P1,P1,1,0.92,5 sujetos
1913,P4,P4,1,0.98,5 sujetos
13,P1,P1,1,0.9,5 sujetos
37,P1,P1,1,0.9866666666666667,5 sujetos
2058,P5,P5,1,0.7133333333333334,5 sujetos
1561,P3,P3,1,0.9833333333333333,5 sujetos
1792,P4,P4,1,0.95,5 sujetos
1857,P4,P4,1,0.9233333333333333,5 sujetos
1467,P3,P3,1,0.87,5 sujetos
1872,P4,P4,1,0.8633333333333333,5 sujetos
906,P2,P2,1,0.9433333333333334,5 sujetos
110,P1,P1,1,0.9933333333333333,5 sujetos
1580,P3,P3,1,0.8166666666666667,5 sujetos
140,P1,P1,1,0.9133333333333333,5 sujetos
1961,P5,P5,1,0.7533333333333333,5 sujetos
1858,P4,P4,1,0.89,5 sujetos
52,P1,P1,1,0.9666666666666667,5 sujetos
1964,P5,P2,0,0.4533333333333333,5 sujetos
1966,P5,P5,1,0.9566666666666667,5 sujetos
102,P1,P1,1,0.99,5 sujetos
1997,P5,P5,1,0.97,5 sujetos
1862,P4,P4,1,0.9366666666666666,5 sujetos
1765,P4,P4,1,0.9733333333333334,5 sujetos
1917,P4,P4,1,0.7533333333333333,5 sujetos
2030,P5,P5,1,0.9066666666666666,5 sujetos
1503,P3,P3,1,0.7166666666666667,5 sujetos
1832,P4,P4,1,0.8933333333333333,5 sujetos
1786,P4,P4,1,0.8933333333333333,5 sujetos
1455,P3,P3,1,0.9033333333333333,5 sujetos
914,P2,P2,1,0.9633333333333334,5 sujetos
2047,P5,P5,1,0.96,5 sujetos
940,P2,P2,1,0.6533333333333333,5 sujetos
1881,P4,P4,1,0.95,5 sujetos
1462,P3,P3,1,0.8166666666666667,5 sujetos
1498,P3,P3,1,0.74,5 sujetos
147,P1,P1,1,0.8166666666666667,5 sujetos
1565,P3,P2,0,0.5033333333333333,5 sujetos
935,P2,P2,1,0.55,5 sujetos
59,P1,P1,1,1.0,5 sujetos
1584,P3,P3,1,0.8933333333333333,5 sujetos
927,P2,P2,1,0.85,5 sujetos
1950,P5,P5,1,0.96,5 sujetos
1764,P4,P4,1,0.9833333333333333,5 sujetos
1892,P4,P4,1,0.76,5 sujetos
3,P1,P1,1,0.59,5 sujetos
8,P1,P1,1,0.8666666666666667,5 sujetos
157,P1,P1,1,0.9633333333333334,5 sujetos
1925,P5,P5,1,0.79,5 sujetos
14,P1,P1,1,0.9633333333333334,5 sujetos
1577,P3,P3,1,0.86,5 sujetos
1915,P4,P4,1,0.79,5 sujetos
800,P2,P4,0,0.56,5 sujetos
1597,P3,P3,1,0.85,5 sujetos
2039,P5,P5,1,0.7,5 sujetos
873,P2,P2,1,0.8933333333333333,5 sujetos
1975,P5,P5,1,0.62,5 sujetos
1981,P5,P5,1,0.96,5 sujetos
1980,P5,P5,1,0.66,5 sujetos
1504,P3,P3,1,0.7066666666666667,5 sujetos
801,P2,P1,0,0.79,5 sujetos
1815,P4,P4,1,0.9,5 sujetos
148,P1,P1,1,0.8833333333333333,5 sujetos
947,P2,P2,1,0.36333333333333334,5 sujetos
901,P2,P2,1,0.66,5 sujetos
879,P2,P2,1,0.5233333333333333,5 sujetos
1931,P5,P5,1,0.38,5 sujetos
71,P1,P1,1,0.9866666666666667,5 sujetos
885,P2,P2,1,0.4866666666666667,5 sujetos
949,P2,P1,0,0.9233333333333333,5 sujetos
894,P2,P2,1,0.88,5 sujetos
17,P1,P1,1,0.9833333333333333,5 sujetos
1895,P4,P4,1,0.9733333333333334,5 sujetos
920,P2,P2,1,0.9233333333333333,5 sujetos
1853,P4,P4,1,0.7433333333333333,5 sujetos
121,P1,P1,1,0.62,5 sujetos
1543,P3,P3,1,0.7433333333333333,5 sujetos
143,P1,P1,1,0.9766666666666667,5 sujetos
113,P1,P1,1,0.6633333333333333,5 sujetos
1588,P3,P3,1,0.8533333333333334,5 sujetos
1596,P3,P3,1,0.86,5 sujetos
2073,P5,P5,1,0.75,5 sujetos
1885,P4,P4,1,0.7766666666666666,5 sujetos
1824,P4,P4,1,0.8933333333333333,5 sujetos
1551,P3,P3,1,0.81,5 sujetos
2035,P5,P5,1,0.7566666666666667,5 sujetos
1454,P3,P3,1,0.97,5 sujetos
153,P1,P1,1,0.7466666666666667,5 sujetos
103,P1,P1,1,0.9866666666666667,5 sujetos
50,P1,P1,1,0.5466666666666666,5 sujetos
87,P1,P1,1,0.8233333333333334,5 sujetos
1460,P3,P3,1,0.9966666666666667,5 sujetos
1822,P4,P4,1,0.8266666666666667,5 sujetos
938,P2,P2,1,0.93,5 sujetos
1991,P5,P5,1,0.45,5 sujetos
1438,P7,P7,1,0.5666666666666667,10 sujetos
1814,P9,P9,1,0.8033333333333333,10 sujetos
1649,P8,P8,1,0.6766666666666666,10 sujetos
1109,P5,P5,1,0.5333333333333333,10 sujetos
707,P4,P4,1,0.44333333333333336,10 sujetos
1474,P7,P7,1,0.82,10 sujetos
576,P3,P3,1,0.69,10 sujetos
262,P2,P2,1,0.42,10 sujetos
1454,P7,P7,1,0.8866666666666667,10 sujetos
1007,P5,P5,1,0.2966666666666667,10 sujetos
704,P4,P6,0,0.3433333333333333,10 sujetos
52,P1,P1,1,0.8733333333333333,10 sujetos
1781,P9,P9,1,0.6366666666666667,10 sujetos
1650,P8,P8,1,0.8166666666666667,10 sujetos
1860,P9,P9,1,0.6733333333333333,10 sujetos
1866,P9,P9,1,0.38333333333333336,10 sujetos
1648,P8,P8,1,0.65,10 sujetos
8,P1,P1,1,0.8366666666666667,10 sujetos
1771,P9,P9,1,0.64,10 sujetos
1672,P8,P8,1,0.4666666666666667,10 sujetos
525,P3,P3,1,0.9233333333333333,10 sujetos
213,P2,P2,1,0.36333333333333334,10 sujetos
1113,P5,P5,1,0.5433333333333333,10 sujetos
72,P1,P1,1,0.79,10 sujetos
2001,P10,P10,1,0.84,10 sujetos
1334,P6,P6,1,0.6433333333333333,10 sujetos
83,P1,P1,1,0.45,10 sujetos
1426,P6,P9,0,0.32,10 sujetos
651,P4,P4,1,0.7533333333333333,10 sujetos
783,P4,P2,0,0.4533333333333333,10 sujetos
1863,P9,P9,1,0.8333333333333334,10 sujetos
776,P4,P4,1,0.7833333333333333,10 sujetos
1016,P5,P5,1,0.5266666666666666,10 sujetos
107,P1,P1,1,0.9166666666666666,10 sujetos
1856,P9,P9,1,0.8466666666666667,10 sujetos
744,P4,P4,1,0.48333333333333334,10 sujetos
1110,P5,P8,0,0.4066666666666667,10 sujetos
1538,P7,P7,1,0.37333333333333335,10 sujetos
293,P2,P2,1,0.7633333333333333,10 sujetos
1833,P9,P9,1,0.7566666666666667,10 sujetos
1761,P9,P10,0,0.6166666666666667,10 sujetos
625,P3,P3,1,0.8166666666666667,10 sujetos
1748,P8,P8,1,0.6866666666666666,10 sujetos
1782,P9,P9,1,0.5733333333333334,10 sujetos
1643,P8,P8,1,0.5366666666666666,10 sujetos
1422,P6,P6,1,0.36666666666666664,10 sujetos
1475,P7,P7,1,0.7566666666666667,10 sujetos
1512,P7,P7,1,0.5266666666666666,10 sujetos
1598,P8,P8,1,0.66,10 sujetos
1576,P7,P7,1,0.75,10 sujetos
88,P1,P1,1,0.6033333333333334,10 sujetos
1877,P9,P9,1,0.8333333333333334,10 sujetos
753,P4,P4,1,0.9166666666666666,10 sujetos
528,P3,P3,1,0.9566666666666667,10 sujetos
2038,P10,P10,1,0.6233333333333333,10 sujetos
1382,P6,P6,1,0.5666666666666667,10 sujetos
1058,P5,P5,1,0.45666666666666667,10 sujetos
974,P5,P5,1,0.39,10 sujetos
309,P2,P2,1,0.74,10 sujetos
1042,P5,P5,1,0.45666666666666667,10 sujetos
655,P4,P1,0,0.5066666666666667,10 sujetos
1373,P6,P6,1,0.29333333333333333,10 sujetos
1371,P6,P6,1,0.59,10 sujetos
1341,P6,P4,0,0.37666666666666665,10 sujetos
1651,P8,P8,1,0.92,10 sujetos
1501,P7,P1,0,0.30666666666666664,10 sujetos
1843,P9,P9,1,0.73,10 sujetos
1982,P10,P10,1,0.7166666666666667,10 sujetos
565,P3,P3,1,0.8966666666666666,10 sujetos
1393,P6,P6,1,0.45,10 sujetos
545,P3,P3,1,0.8933333333333333,10 sujetos
1566,P7,P10,0,0.25666666666666665,10 sujetos
2058,P10,P10,1,0.54,10 sujetos
1531,P7,P7,1,0.6333333333333333,10 sujetos
1554,P7,P7,1,0.9166666666666666,10 sujetos
1763,P9,P9,1,0.6566666666666666,10 sujetos
732,P4,P4,1,0.8333333333333334,10 sujetos
1935,P10,P10,1,0.89,10 sujetos
1339,P6,P6,1,0.51,10 sujetos
157,P1,P1,1,0.8833333333333333,10 sujetos
1502,P7,P7,1,0.44666666666666666,10 sujetos
1305,P6,P6,1,0.54,10 sujetos
1844,P9,P6,0,0.32666666666666666,10 sujetos
20,P1,P1,1,0.65,10 sujetos
240,P2,P2,1,0.8066666666666666,10 sujetos
1032,P5,P5,1,0.37666666666666665,10 sujetos
1303,P6,P6,1,0.35333333333333333,10 sujetos
187,P2,P2,1,0.7633333333333333,10 sujetos
1567,P7,P7,1,0.42,10 sujetos
1563,P7,P7,1,0.36,10 sujetos
1283,P6,P6,1,0.6333333333333333,10 sujetos
267,P2,P2,1,0.5166666666666667,10 sujetos
1486,P7,P7,1,0.47,10 sujetos
1038,P5,P5,1,0.39666666666666667,10 sujetos
719,P4,P4,1,0.6533333333333333,10 sujetos
1979,P10,P6,0,0.24,10 sujetos
1075,P5,P5,1,0.49333333333333335,10 sujetos
583,P3,P3,1,0.6933333333333334,10 sujetos
739,P4,P4,1,0.71,10 sujetos
748,P4,P4,1,0.8466666666666667,10 sujetos
1389,P6,P6,1,0.5633333333333334,10 sujetos
256,P2,P2,1,0.7333333333333333,10 sujetos
1685,P8,P8,1,0.83,10 sujetos
291,P2,P2,1,0.7733333333333333,10 sujetos
959,P5,P5,1,0.49333333333333335,10 sujetos
640,P4,P8,0,0.5533333333333333,10 sujetos
1756,P8,P8,1,0.64,10 sujetos
1300,P6,P6,1,0.59,10 sujetos
1832,P9,P9,1,0.7533333333333333,10 sujetos
1635,P8,P8,1,0.7366666666666667,10 sujetos
297,P2,P2,1,0.6866666666666666,10 sujetos
509,P3,P3,1,0.42333333333333334,10 sujetos
1018,P5,P5,1,0.34,10 sujetos
1698,P8,P8,1,0.9266666666666666,10 sujetos
2031,P10,P10,1,0.6833333333333333,10 sujetos
572,P3,P3,1,0.45,10 sujetos
1364,P6,P6,1,0.36666666666666664,10 sujetos
527,P3,P3,1,0.7233333333333334,10 sujetos
211,P2,P2,1,0.49,10 sujetos
74,P1,P1,1,0.9233333333333333,10 sujetos
626,P3,P3,1,0.8933333333333333,10 sujetos
1668,P8,P8,1,0.7666666666666667,10 sujetos
272,P2,P2,1,0.5966666666666667,10 sujetos
143,P1,P1,1,0.93,10 sujetos
1329,P6,P6,1,0.6866666666666666,10 sujetos
125,P1,P1,1,0.8566666666666667,10 sujetos
1031,P5,P5,1,0.85,10 sujetos
617,P3,P3,1,0.7266666666666667,10 sujetos
308,P2,P2,1,0.7566666666666667,10 sujetos
1111,P5,P5,1,0.4666666666666667,10 sujetos
59,P1,P1,1,0.6666666666666666,10 sujetos
287,P2,P2,1,0.6566666666666666,10 sujetos
1076,P5,P5,1,0.41333333333333333,10 sujetos
2066,P10,P10,1,0.7466666666666667,10 sujetos
1903,P9,P9,1,0.5066666666666667,10 sujetos
2037,P10,P10,1,0.38666666666666666,10 sujetos
986,P5,P5,1,0.6466666666666666,10 sujetos
1922,P10,P10,1,0.73,10 sujetos
1712,P8,P8,1,0.8133333333333334,10 sujetos
2074,P10,P10,1,0.49333333333333335,10 sujetos
729,P4,P4,1,0.7733333333333333,10 sujetos
1104,P5,P5,1,0.79,10 sujetos
2072,P10,P10,1,0.56,10 sujetos
1656,P8,P2,0,0.4,10 sujetos
767,P4,P4,1,0.5833333333333334,10 sujetos
1859,P9,P9,1,0.7866666666666666,10 sujetos
504,P3,P3,1,0.7466666666666667,10 sujetos
210,P2,P2,1,0.5933333333333334,10 sujetos
1500,P7,P7,1,0.26666666666666666,10 sujetos
1323,P6,P6,1,0.45666666666666667,10 sujetos
130,P1,P1,1,0.5966666666666667,10 sujetos
714,P4,P4,1,0.7033333333333334,10 sujetos
1652,P8,P8,1,0.52,10 sujetos
1304,P6,P6,1,0.51,10 sujetos
1725,P8,P8,1,0.6933333333333334,10 sujetos
1784,P9,P9,1,0.75,10 sujetos
1687,P8,P8,1,0.6166666666666667,10 sujetos
1499,P7,P7,1,0.59,10 sujetos
149,P1,P1,1,0.46,10 sujetos
713,P4,P4,1,0.61,10 sujetos
796,P4,P4,1,0.6533333333333333,10 sujetos
1359,P6,P9,0,0.58,10 sujetos
290,P2,P2,1,0.72,10 sujetos
735,P4,P4,1,0.7333333333333333,10 sujetos
1622,P8,P8,1,0.5566666666666666,10 sujetos
43,P1,P1,1,0.9266666666666666,10 sujetos
1921,P10,P10,1,0.6633333333333333,10 sujetos
1788,P9,P9,1,0.7266666666666667,10 sujetos
1321,P6,P6,1,0.73,10 sujetos
1374,P6,P6,1,0.53,10 sujetos
1059,P5,P5,1,0.6333333333333333,10 sujetos
1536,P7,P7,1,0.87,10 sujetos
1596,P7,P7,1,0.9533333333333334,10 sujetos
1448,P7,P7,1,0.91,10 sujetos
1325,P6,P6,1,0.52,10 sujetos
1972,P10,P5,0,0.29,10 sujetos
129,P1,P1,1,0.8,10 sujetos
1750,P8,P8,1,0.51,10 sujetos
243,P2,P2,1,0.6166666666666667,10 sujetos
140,P1,P1,1,0.8866666666666667,10 sujetos
318,P2,P2,1,0.7033333333333334,10 sujetos
966,P5,P5,1,0.5866666666666667,10 sujetos
1090,P5,P5,1,0.5466666666666666,10 sujetos
1002,P5,P5,1,0.4533333333333333,10 sujetos
1630,P8,P8,1,0.97,10 sujetos
646,P4,P4,1,0.8566666666666667,10 sujetos
1092,P5,P5,1,0.4066666666666667,10 sujetos
2073,P10,P10,1,0.5,10 sujetos
54,P1,P1,1,0.7233333333333334,10 sujetos
798,P4,P1,0,0.43333333333333335,10 sujetos
2010,P10,P10,1,0.35333333333333333,10 sujetos
1472,P7,P7,1,0.87,10 sujetos
1626,P8,P8,1,0.79,10 sujetos
1400,P6,P6,1,0.49666666666666665,10 sujetos
1947,P10,P6,0,0.3433333333333333,10 sujetos
103,P1,P1,1,0.9033333333333333,10 sujetos
37,P1,P1,1,0.9633333333333334,10 sujetos
641,P4,P4,1,0.57,10 sujetos
1791,P9,P9,1,0.5233333333333333,10 sujetos
1688,P8,P8,1,0.4166666666666667,10 sujetos
673,P4,P4,1,0.35,10 sujetos
2048,P10,P10,1,0.7633333333333333,10 sujetos
1356,P6,P6,1,0.46,10 sujetos
21,P1,P1,1,0.5066666666666667,10 sujetos
1450,P7,P7,1,0.9933333333333333,10 sujetos
1515,P7,P7,1,0.94,10 sujetos
999,P5,P5,1,0.6233333333333333,10 sujetos
1048,P5,P5,1,0.54,10 sujetos
593,P3,P3,1,0.7333333333333333,10 sujetos
672,P4,P6,0,0.31,10 sujetos
991,P5,P5,1,0.4533333333333333,10 sujetos
1584,P7,P7,1,0.87,10 sujetos
574,P3,P3,1,0.3433333333333333,10 sujetos
706,P4,P4,1,0.73,10 sujetos
311,P2,P2,1,0.5366666666666666,10 sujetos
1080,P5,P5,1,0.61,10 sujetos
483,P3,P3,1,0.91,10 sujetos
1429,P6,P6,1,0.7766666666666666,10 sujetos
1585,P7,P7,1,0.9033333333333333,10 sujetos
89,P1,P1,1,0.57,10 sujetos
1115,P5,P5,1,0.76,10 sujetos
1348,P6,P6,1,0.35333333333333333,10 sujetos
777,P4,P4,1,0.5333333333333333,10 sujetos
514,P3,P3,1,0.7533333333333333,10 sujetos
1865,P9,P9,1,0.7733333333333333,10 sujetos
1532,P7,P7,1,0.7366666666666667,10 sujetos
1416,P6,P6,1,0.6,10 sujetos
1707,P8,P8,1,0.88,10 sujetos
1019,P5,P5,1,0.5566666666666666,10 sujetos
1640,P8,P8,1,0.3,10 sujetos
1530,P7,P7,1,0.7066666666666667,10 sujetos
1742,P8,P8,1,0.6433333333333333,10 sujetos
50,P1,P1,1,0.5166666666666667,10 sujetos
1632,P8,P7,0,0.34,10 sujetos
58,P1,P1,1,0.66,10 sujetos
485,P3,P3,1,0.89,10 sujetos
2071,P10,P10,1,0.5633333333333334,10 sujetos
972,P5,P5,1,0.5933333333333334,10 sujetos
638,P3,P3,1,0.38,10 sujetos
665,P4,P4,1,0.5933333333333334,10 sujetos
110,P1,P1,1,0.9866666666666667,10 sujetos
674,P4,P4,1,0.67,10 sujetos
13,P1,P1,1,0.85,10 sujetos
647,P4,P4,1,0.8233333333333334,10 sujetos
1908,P9,P9,1,0.3933333333333333,10 sujetos
1942,P10,P10,1,0.44,10 sujetos
1399,P6,P6,1,0.86,10 sujetos
619,P3,P3,1,0.73,10 sujetos
215,P2,P2,1,0.63,10 sujetos
1279,P6,P10,0,0.4166666666666667,10 sujetos
3,P1,P1,1,0.5466666666666666,10 sujetos
595,P3,P3,1,0.8366666666666667,10 sujetos
121,P1,P1,1,0.5533333333333333,10 sujetos
507,P3,P3,1,0.6133333333333333,10 sujetos
113,P1,P1,1,0.7666666666666667,10 sujetos
1933,P10,P10,1,0.7233333333333334,10 sujetos
1927,P10,P10,1,0.5633333333333334,10 sujetos
1372,P6,P6,1,0.3566666666666667,10 sujetos
1920,P10,P10,1,0.6533333333333333,10 sujetos
1848,P9,P9,1,0.8766666666666667,10 sujetos
763,P4,P4,1,0.48,10 sujetos
585,P3,P3,1,0.6966666666666667,10 sujetos
1885,P9,P9,1,0.7633333333333333,10 sujetos
1816,P9,P9,1,0.64,10 sujetos
2069,P10,P10,1,0.68,10 sujetos
151,P1,P1,1,0.98,10 sujetos
533,P3,P3,1,0.91,10 sujetos
2013,P10,P10,1,0.3566666666666667,10 sujetos
1411,P6,P6,1,0.44333333333333336,10 sujetos
1396,P6,P6,1,0.46,10 sujetos
1509,P7,P7,1,0.3566666666666667,10 sujetos
1050,P5,P5,1,0.55,10 sujetos
502,P3,P3,1,0.71,10 sujetos
1014,P5,P5,1,0.5933333333333334,10 sujetos
1932,P10,P2,0,0.37666666666666665,10 sujetos
246,P2,P2,1,0.5966666666666667,10 sujetos
301,P2,P2,1,0.7066666666666667,10 sujetos
280,P2,P2,1,0.6966666666666667,10 sujetos
685,P4,P4,1,0.5266666666666666,10 sujetos
148,P1,P1,1,0.7033333333333334,10 sujetos
1985,P10,P10,1,0.47,10 sujetos
1370,P6,P6,1,0.7166666666666667,10 sujetos
1430,P6,P6,1,0.6733333333333333,10 sujetos
1021,P5,P5,1,0.35,10 sujetos
1614,P8,P8,1,0.5466666666666666,10 sujetos
234,P2,P2,1,0.85,10 sujetos
1410,P6,P6,1,0.33,10 sujetos
1575,P7,P7,1,0.97,10 sujetos
1290,P6,P6,1,0.6266666666666667,10 sujetos
978,P5,P5,1,0.31333333333333335,10 sujetos
99,P1,P1,1,0.94,10 sujetos
606,P3,P3,1,0.31333333333333335,10 sujetos
2076,P10,P10,1,0.36666666666666664,10 sujetos
1946,P10,P6,0,0.43333333333333335,10 sujetos
1746,P8,P8,1,0.39666666666666667,10 sujetos
1440,P7,P7,1,0.56,10 sujetos
14,P1,P1,1,0.95,10 sujetos
1358,P6,P6,1,0.5566666666666666,10 sujetos
282,P2,P2,1,0.7933333333333333,10 sujetos
683,P4,P4,1,0.8233333333333334,10 sujetos
2043,P10,P6,0,0.29,10 sujetos
203,P2,P2,1,0.7933333333333333,10 sujetos
497,P3,P3,1,0.86,10 sujetos
1506,P7,P7,1,0.6633333333333333,10 sujetos
296,P2,P2,1,0.7133333333333334,10 sujetos
1827,P9,P9,1,0.85,10 sujetos
1005,P5,P8,0,0.73,10 sujetos
1654,P8,P8,1,0.7666666666666667,10 sujetos
1060,P5,P5,1,0.7333333333333333,10 sujetos
289,P2,P2,1,0.6333333333333333,10 sujetos
1660,P8,P8,1,0.48,10 sujetos
136,P1,P1,1,0.78,10 sujetos
1428,P6,P6,1,0.4066666666666667,10 sujetos
159,P1,P1,1,0.81,10 sujetos
2044,P10,P10,1,0.45666666666666667,10 sujetos
1326,P6,P6,1,0.43,10 sujetos
2054,P10,P10,1,0.42,10 sujetos
569,P3,P3,1,0.8733333333333333,10 sujetos
1930,P10,P10,1,0.7866666666666666,10 sujetos
161,P2,P2,1,0.9,10 sujetos
1497,P7,P7,1,0.8033333333333333,10 sujetos
218,P2,P2,1,0.8966666666666666,10 sujetos
1894,P9,P9,1,0.6733333333333333,10 sujetos
668,P4,P4,1,0.5833333333333334,10 sujetos
516,P3,P3,1,0.93,10 sujetos
506,P3,P3,1,0.5266666666666666,10 sujetos
1879,P9,P9,1,0.96,10 sujetos
302,P2,P2,1,0.8066666666666666,10 sujetos
1786,P9,P9,1,0.49666666666666665,10 sujetos
613,P3,P3,1,0.87,10 sujetos
63,P1,P1,1,0.7666666666666667,10 sujetos
70,P1,P1,1,0.9266666666666666,10 sujetos
91,P1,P1,1,0.94,10 sujetos
1537,P7,P7,1,0.89,10 sujetos
260,P2,P2,1,0.8166666666666667,10 sujetos
1734,P8,P8,1,0.5433333333333333,10 sujetos
2060,P10,P4,0,0.21333333333333335,10 sujetos
630,P3,P3,1,0.56,10 sujetos
17,P1,P1,1,0.9533333333333334,10 sujetos
779,P4,P4,1,0.8066666666666666,10 sujetos
1963,P10,P6,0,0.35333333333333333,10 sujetos
682,P4,P4,1,0.7866666666666666,10 sujetos
116,P1,P1,1,0.84,10 sujetos
48,P1,P1,1,0.6366666666666667,10 sujetos
1621,P8,P8,1,0.8,10 sujetos
1951,P10,P10,1,0.7833333333333333,10 sujetos
2011,P10,P10,1,0.36666666666666664,10 sujetos
162,P2,P2,1,0.9233333333333333,10 sujetos
1542,P7,P7,1,0.97,10 sujetos
288,P2,P2,1,0.48333333333333334,10 sujetos
1571,P7,P7,1,0.8333333333333334,10 sujetos
1638,P8,P8,1,0.8933333333333333,10 sujetos
607,P3,P3,1,0.4166666666666667,10 sujetos
1608,P8,P8,1,0.6766666666666666,10 sujetos
1931,P10,P2,0,0.29,10 sujetos
1736,P8,P8,1,0.7733333333333333,10 sujetos
1733,P8,P8,1,0.94,10 sujetos
1557,P7,P7,1,0.9833333333333333,10 sujetos
961,P5,P5,1,0.7433333333333333,10 sujetos
251,P2,P2,1,0.7066666666666667,10 sujetos
496,P3,P3,1,0.8533333333333334,10 sujetos
1966,P10,P10,1,0.9433333333333334,10 sujetos
275,P2,P2,1,0.6866666666666666,10 sujetos
1637,P8,P8,1,0.9733333333333334,10 sujetos
1446,P7,P7,1,0.7566666666666667,10 sujetos
734,P4,P4,1,0.7233333333333334,10 sujetos
1871,P9,P9,1,0.8333333333333334,10 sujetos
500,P3,P3,1,0.77,10 sujetos
765,P4,P4,1,0.84,10 sujetos
1022,P5,P7,0,0.26666666666666666,10 sujetos
639,P3,P9,0,0.55,10 sujetos
2015,P10,P10,1,0.6666666666666666,10 sujetos
1088,P5,P5,1,0.8633333333333333,10 sujetos
1435,P6,P6,1,0.2966666666666667,10 sujetos
720,P4,P6,0,0.29,10 sujetos
578,P3,P3,1,0.6366666666666667,10 sujetos
1914,P9,P9,1,0.6,10 sujetos
147,P1,P1,1,0.5833333333333334,10 sujetos
723,P4,P4,1,0.6666666666666666,10 sujetos
975,P5,P3,0,0.53,10 sujetos
150,P1,P1,1,0.6733333333333333,10 sujetos
1714,P8,P8,1,0.81,10 sujetos
1401,P6,P6,1,0.44666666666666666,10 sujetos
1646,P8,P8,1,0.6166666666666667,10 sujetos
1855,P9,P9,1,0.9466666666666667,10 sujetos
2040,P10,P10,1,0.52,10 sujetos
643,P4,P2,0,0.6933333333333334,10 sujetos
1105,P5,P5,1,0.5433333333333333,10 sujetos
1934,P10,P10,1,0.8533333333333334,10 sujetos
1514,P7,P7,1,0.5733333333333334,10 sujetos
87,P1,P1,1,0.7866666666666666,10 sujetos
1810,P9,P9,1,0.67,10 sujetos
1008,P5,P5,1,0.35333333333333333,10 sujetos
970,P5,P5,1,0.5166666666666667,10 sujetos
1842,P9,P9,1,0.6033333333333334,10 sujetos
1797,P9,P9,1,0.64,10 sujetos
1579,P7,P7,1,0.47333333333333333,10 sujetos
1874,P9,P9,1,0.45666666666666667,10 sujetos
622,P3,P3,1,0.43,10 sujetos
1299,P6,P6,1,0.6033333333333334,10 sujetos
1857,P9,P9,1,0.7533333333333333,10 sujetos
769,P4,P4,1,0.6633333333333333,10 sujetos
1891,P9,P9,1,0.78,10 sujetos
1012,P5,P5,1,0.38666666666666666,10 sujetos
1667,P8,P8,1,0.93,10 sujetos
526,P3,P3,1,0.8666666666666667,10 sujetos
1779,P9,P9,1,0.8733333333333333,10 sujetos
1099,P5,P5,1,0.5966666666666667,10 sujetos
1,P1,P1,1,0.7133333333333334,10 sujetos
754,P4,P4,1,0.7966666666666666,10 sujetos
186,P2,P2,1,0.8233333333333334,10 sujetos
57,P1,P1,1,0.8266666666666667,10 sujetos
310,P2,P2,1,0.5733333333333334,10 sujetos
786,P4,P4,1,0.7133333333333334,10 sujetos
1744,P8,P8,1,0.7133333333333334,10 sujetos
1510,P7,P7,1,0.7366666666666667,10 sujetos
740,P4,P4,1,0.55,10 sujetos
663,P4,P4,1,0.42,10 sujetos
1477,P7,P7,1,0.97,10 sujetos
1447,P7,P7,1,0.59,10 sujetos
481,P3,P3,1,0.78,10 sujetos
1595,P7,P7,1,0.96,10 sujetos
1286,P6,P6,1,0.6,10 sujetos
596,P3,P3,1,0.8966666666666666,10 sujetos
1766,P9,P9,1,0.8733333333333333,10 sujetos
1459,P7,P7,1,0.6033333333333334,10 sujetos
1107,P5,P5,1,0.31,10 sujetos
603,P3,P3,1,0.6833333333333333,10 sujetos
1962,P10,P6,0,0.4066666666666667,10 sujetos
2067,P10,P10,1,0.5,10 sujetos
171,P2,P2,1,0.8366666666666667,10 sujetos
1727,P8,P8,1,0.8833333333333333,10 sujetos
1368,P6,P6,1,0.6766666666666666,10 sujetos
708,P4,P4,1,0.6266666666666667,10 sujetos
255,P2,P2,1,0.6366666666666667,10 sujetos
1799,P9,P9,1,0.9266666666666666,10 sujetos
281,P2,P2,1,0.7466666666666667,10 sujetos
1872,P9,P9,1,0.9466666666666667,10 sujetos
1521,P7,P5,0,0.49333333333333335,10 sujetos
1720,P8,P8,1,0.4066666666666667,10 sujetos
198,P2,P2,1,0.4,10 sujetos
1794,P9,P9,1,0.5266666666666666,10 sujetos
1471,P7,P7,1,0.8333333333333334,10 sujetos
155,P1,P1,1,0.9,10 sujetos
1838,P9,P9,1,0.3466666666666667,10 sujetos
1798,P9,P9,1,0.9,10 sujetos
1385,P6,P6,1,0.69,10 sujetos
160,P2,P2,1,0.8066666666666666,10 sujetos
1757,P8,P7,0,0.5433333333333333,10 sujetos
1755,P8,P8,1,0.9966666666666667,10 sujetos
1956,P10,P10,1,0.5333333333333333,10 sujetos
2020,P10,P10,1,0.44,10 sujetos
1351,P6,P6,1,0.63,10 sujetos
1705,P8,P8,1,0.7833333333333333,10 sujetos
537,P3,P3,1,0.74,10 sujetos
511,P3,P6,0,0.30333333333333334,10 sujetos
1312,P6,P6,1,0.73,10 sujetos
178,P2,P2,1,0.82,10 sujetos
590,P3,P3,1,0.6666666666666666,10 sujetos
299,P2,P2,1,0.72,10 sujetos
1442,P7,P7,1,0.7233333333333334,10 sujetos
1895,P9,P9,1,0.89,10 sujetos
189,P2,P2,1,0.5733333333333334,10 sujetos
540,P3,P3,1,0.7033333333333334,10 sujetos
1747,P8,P8,1,0.47333333333333333,10 sujetos
277,P2,P2,1,0.62,10 sujetos
503,P3,P3,1,0.79,10 sujetos
221,P2,P2,1,0.7233333333333334,10 sujetos
1954,P10,P10,1,0.65,10 sujetos
2025,P10,P10,1,0.5066666666666667,10 sujetos
1902,P9,P9,1,0.5133333333333333,10 sujetos
102,P1,P1,1,0.79,10 sujetos
1071,P5,P5,1,0.7066666666666667,10 sujetos
697,P4,P4,1,0.71,10 sujetos
1324,P6,P6,1,0.49,10 sujetos
985,P5,P5,1,0.6433333333333333,10 sujetos
1774,P9,P3,0,0.4766666666666667,10 sujetos
726,P4,P4,1,0.9033333333333333,10 sujetos
1513,P7,P7,1,0.6133333333333333,10 sujetos
546,P3,P3,1,0.8033333333333333,10 sujetos
1702,P11,P11,1,0.66,Todos los sujetos
1452,P10,P10,1,0.46,Todos los sujetos
686,P5,P1,0,0.5033333333333333,Todos los sujetos
1119,P8,P8,1,0.5766666666666667,Todos los sujetos
2018,P13,P13,1,0.3933333333333333,Todos los sujetos
351,P3,P1,0,0.7833333333333333,Todos los sujetos
1655,P11,P11,1,0.6066666666666667,Todos los sujetos
905,P6,P6,1,0.4633333333333333,Todos los sujetos
1300,P9,P9,1,0.52,Todos los sujetos
1235,P8,P8,1,0.37,Todos los sujetos
2163,P14,P7,0,0.32666666666666666,Todos los sujetos
1837,P12,P12,1,0.7166666666666667,Todos los sujetos
1282,P9,P9,1,0.5066666666666667,Todos los sujetos
1693,P11,P11,1,0.6466666666666666,Todos los sujetos
340,P3,P3,1,0.59,Todos los sujetos
890,P6,P8,0,0.53,Todos los sujetos
1303,P9,P6,0,0.71,Todos los sujetos
256,P2,P2,1,0.8266666666666667,Todos los sujetos
703,P5,P5,1,0.46,Todos los sujetos
1986,P13,P13,1,0.4166666666666667,Todos los sujetos
365,P3,P1,0,0.5566666666666666,Todos los sujetos
1945,P13,P13,1,0.4633333333333333,Todos los sujetos
1803,P12,P12,1,0.5433333333333333,Todos los sujetos
58,P1,P1,1,0.5466666666666666,Todos los sujetos
1257,P8,P8,1,0.8066666666666666,Todos los sujetos
1208,P8,P8,1,0.7066666666666667,Todos los sujetos
1455,P10,P10,1,0.9166666666666666,Todos los sujetos
1614,P11,P11,1,0.5566666666666666,Todos los sujetos
1697,P11,P11,1,0.6166666666666667,Todos los sujetos
1987,P13,P13,1,0.5166666666666667,Todos los sujetos
959,P7,P7,1,0.35333333333333333,Todos los sujetos
2046,P13,P13,1,0.93,Todos los sujetos
483,P4,P4,1,0.9,Todos los sujetos
2111,P14,P14,1,0.9133333333333333,Todos los sujetos
2041,P13,P7,0,0.67,Todos los sujetos
1292,P9,P6,0,0.37333333333333335,Todos los sujetos
554,P4,P4,1,0.84,Todos los sujetos
425,P3,P3,1,0.5933333333333334,Todos los sujetos
1997,P13,P13,1,0.6466666666666666,Todos los sujetos
1116,P7,P7,1,0.6066666666666667,Todos los sujetos
788,P5,P5,1,0.5066666666666667,Todos los sujetos
251,P2,P2,1,0.63,Todos los sujetos
563,P4,P4,1,0.77,Todos los sujetos
134,P1,P1,1,0.6433333333333333,Todos los sujetos
149,P1,P1,1,0.30333333333333334,Todos los sujetos
2075,P13,P13,1,0.34,Todos los sujetos
988,P7,P10,0,0.22,Todos los sujetos
609,P4,P4,1,0.94,Todos los sujetos
699,P5,P5,1,0.6166666666666667,Todos los sujetos
291,P2,P2,1,0.7133333333333334,Todos los sujetos
995,P7,P7,1,0.32,Todos los sujetos
1925,P13,P13,1,0.6833333333333333,Todos los sujetos
1937,P13,P14,0,0.39666666666666667,Todos los sujetos
1474,P10,P10,1,0.85,Todos los sujetos
1694,P11,P11,1,0.76,Todos los sujetos
1084,P7,P13,0,0.32,Todos los sujetos
466,P3,P3,1,0.77,Todos los sujetos
1271,P8,P8,1,0.8933333333333333,Todos los sujetos
1440,P10,P10,1,0.55,Todos los sujetos
72,P1,P1,1,0.65,Todos los sujetos
1902,P12,P12,1,0.59,Todos los sujetos
2102,P14,P11,0,0.16666666666666666,Todos los sujetos
546,P4,P4,1,0.7666666666666667,Todos los sujetos
949,P6,P1,0,0.52,Todos los sujetos
799,P6,P9,0,0.24666666666666667,Todos los sujetos
301,P2,P2,1,0.5,Todos los sujetos
1829,P12,P12,1,0.33666666666666667,Todos los sujetos
2141,P14,P14,1,0.31666666666666665,Todos los sujetos
1749,P11,P11,1,0.93,Todos los sujetos
246,P2,P2,1,0.54,Todos los sujetos
1246,P8,P8,1,0.57,Todos los sujetos
580,P4,P4,1,0.88,Todos los sujetos
481,P4,P4,1,0.7733333333333333,Todos los sujetos
367,P3,P1,0,0.88,Todos los sujetos
1783,P12,P12,1,0.7733333333333333,Todos los sujetos
1467,P10,P10,1,0.6033333333333334,Todos los sujetos
1348,P9,P9,1,0.3466666666666667,Todos los sujetos
1677,P11,P5,0,0.32666666666666666,Todos los sujetos
155,P1,P1,1,0.6833333333333333,Todos los sujetos
2079,P14,P14,1,0.4766666666666667,Todos los sujetos
344,P3,P3,1,0.74,Todos los sujetos
59,P1,P1,1,0.6666666666666666,Todos los sujetos
1059,P7,P7,1,0.5,Todos los sujetos
876,P6,P6,1,0.5766666666666667,Todos los sujetos
447,P3,P13,0,0.3433333333333333,Todos los sujetos
1667,P11,P11,1,0.94,Todos los sujetos
1701,P11,P11,1,0.9433333333333334,Todos los sujetos
967,P7,P7,1,0.4533333333333333,Todos los sujetos
1376,P9,P12,0,0.31333333333333335,Todos los sujetos
712,P5,P5,1,0.74,Todos los sujetos
2049,P13,P13,1,0.5,Todos los sujetos
1521,P10,P7,0,0.38666666666666666,Todos los sujetos
213,P2,P2,1,0.26,Todos los sujetos
462,P3,P3,1,0.6,Todos los sujetos
1724,P11,P11,1,0.64,Todos los sujetos
129,P1,P1,1,0.51,Todos los sujetos
1884,P12,P12,1,0.55,Todos los sujetos
909,P6,P6,1,0.30666666666666664,Todos los sujetos
1482,P10,P14,0,0.29,Todos los sujetos
311,P2,P2,1,0.49666666666666665,Todos los sujetos
1365,P9,P9,1,0.47333333333333333,Todos los sujetos
773,P5,P5,1,0.42333333333333334,Todos los sujetos
1021,P7,P11,0,0.3566666666666667,Todos los sujetos
2207,P14,P14,1,0.7633333333333333,Todos los sujetos
1882,P12,P12,1,0.3333333333333333,Todos los sujetos
2085,P14,P10,0,0.26666666666666666,Todos los sujetos
1954,P13,P13,1,0.5833333333333334,Todos los sujetos
1981,P13,P13,1,0.7933333333333333,Todos los sujetos
1193,P8,P6,0,0.44333333333333336,Todos los sujetos
1533,P10,P3,0,0.33666666666666667,Todos los sujetos
480,P4,P4,1,0.8933333333333333,Todos los sujetos
2199,P14,P14,1,0.8833333333333333,Todos los sujetos
757,P5,P3,0,0.32666666666666666,Todos los sujetos
210,P2,P2,1,0.5766666666666667,Todos los sujetos
2152,P14,P14,1,0.9533333333333334,Todos los sujetos
1377,P9,P12,0,0.2833333333333333,Todos los sujetos
20,P1,P1,1,0.5766666666666667,Todos los sujetos
1636,P11,P11,1,0.5333333333333333,Todos los sujetos
1453,P10,P5,0,0.32,Todos los sujetos
1778,P12,P12,1,0.9166666666666666,Todos los sujetos
1265,P8,P8,1,0.6566666666666666,Todos los sujetos
435,P3,P6,0,0.2866666666666667,Todos los sujetos
1545,P10,P10,1,0.6166666666666667,Todos los sujetos
318,P2,P2,1,0.6766666666666666,Todos los sujetos
1860,P12,P12,1,0.59,Todos los sujetos
2169,P14,P14,1,0.8166666666666667,Todos los sujetos
277,P2,P2,1,0.48,Todos los sujetos
2148,P14,P11,0,0.3333333333333333,Todos los sujetos
1353,P9,P9,1,0.76,Todos los sujetos
1277,P8,P8,1,0.61,Todos los sujetos
299,P2,P2,1,0.67,Todos los sujetos
1483,P10,P10,1,0.2833333333333333,Todos los sujetos
771,P5,P5,1,0.2633333333333333,Todos los sujetos
346,P3,P3,1,0.37,Todos los sujetos
919,P6,P6,1,0.7666666666666667,Todos los sujetos
457,P3,P3,1,0.34,Todos los sujetos
1167,P8,P8,1,0.5233333333333333,Todos los sujetos
894,P6,P6,1,0.5233333333333333,Todos los sujetos
584,P4,P4,1,0.8666666666666667,Todos los sujetos
603,P4,P4,1,0.75,Todos los sujetos
653,P5,P3,0,0.26,Todos los sujetos
787,P5,P2,0,0.37,Todos los sujetos
414,P3,P3,1,0.53,Todos los sujetos
1078,P7,P13,0,0.4066666666666667,Todos los sujetos
843,P6,P10,0,0.23333333333333334,Todos los sujetos
203,P2,P2,1,0.8,Todos los sujetos
574,P4,P4,1,0.44,Todos los sujetos
688,P5,P5,1,0.49666666666666665,Todos los sujetos
1878,P12,P12,1,0.94,Todos los sujetos
1540,P10,P10,1,0.9266666666666666,Todos los sujetos
2062,P13,P13,1,0.7033333333333334,Todos los sujetos
1821,P12,P12,1,0.7533333333333333,Todos los sujetos
418,P3,P3,1,0.6133333333333333,Todos los sujetos
1471,P10,P10,1,0.83,Todos los sujetos
1364,P9,P9,1,0.35333333333333333,Todos los sujetos
2225,P14,P14,1,0.9566666666666667,Todos los sujetos
1051,P7,P7,1,0.7233333333333334,Todos los sujetos
719,P5,P5,1,0.6466666666666666,Todos los sujetos
614,P4,P4,1,0.8366666666666667,Todos los sujetos
1159,P8,P8,1,0.71,Todos los sujetos
1627,P11,P11,1,0.9366666666666666,Todos los sujetos
569,P4,P4,1,0.8366666666666667,Todos los sujetos
366,P3,P1,0,0.8166666666666667,Todos los sujetos
1578,P10,P10,1,0.31,Todos los sujetos
740,P5,P5,1,0.4066666666666667,Todos los sujetos
1862,P12,P12,1,0.8033333333333333,Todos los sujetos
1746,P11,P11,1,0.7133333333333334,Todos los sujetos
1847,P12,P12,1,0.7433333333333333,Todos los sujetos
1922,P13,P13,1,0.75,Todos los sujetos
1873,P12,P12,1,0.89,Todos los sujetos
1811,P12,P12,1,0.7666666666666667,Todos los sujetos
996,P7,P7,1,0.43,Todos los sujetos
1018,P7,P7,1,0.25333333333333335,Todos los sujetos
1737,P11,P11,1,0.9533333333333334,Todos los sujetos
103,P1,P1,1,0.87,Todos los sujetos
2028,P13,P3,0,0.32666666666666666,Todos los sujetos
107,P1,P1,1,0.8733333333333333,Todos los sujetos
1312,P9,P9,1,0.55,Todos los sujetos
731,P5,P5,1,0.7866666666666666,Todos los sujetos
1599,P11,P11,1,0.61,Todos los sujetos
2190,P14,P14,1,0.5433333333333333,Todos los sujetos
2122,P14,P5,0,0.37,Todos los sujetos
1181,P8,P8,1,0.8733333333333333,Todos los sujetos
1309,P9,P9,1,0.35333333333333333,Todos los sujetos
739,P5,P5,1,0.7633333333333333,Todos los sujetos
1063,P7,P7,1,0.78,Todos los sujetos
683,P5,P5,1,0.8,Todos los sujetos
1331,P9,P9,1,0.5833333333333334,Todos los sujetos
1592,P10,P10,1,0.7433333333333333,Todos los sujetos
1964,P13,P3,0,0.31333333333333335,Todos los sujetos
1171,P8,P8,1,0.5266666666666666,Todos los sujetos
659,P5,P5,1,0.64,Todos los sujetos
969,P7,P7,1,0.4866666666666667,Todos los sujetos
961,P7,P7,1,0.8033333333333333,Todos los sujetos
795,P5,P5,1,0.94,Todos los sujetos
2193,P14,P14,1,0.58,Todos los sujetos
942,P6,P6,1,0.8033333333333333,Todos los sujetos
968,P7,P7,1,0.37,Todos los sujetos
1833,P12,P12,1,0.8333333333333334,Todos los sujetos
1189,P8,P6,0,0.47,Todos los sujetos
1228,P8,P3,0,0.38333333333333336,Todos los sujetos
1209,P8,P8,1,0.63,Todos los sujetos
1142,P8,P8,1,0.5933333333333334,Todos los sujetos
695,P5,P5,1,0.3933333333333333,Todos los sujetos
54,P1,P1,1,0.6733333333333333,Todos los sujetos
323,P3,P3,1,0.5133333333333333,Todos los sujetos
290,P2,P2,1,0.67,Todos los sujetos
547,P4,P4,1,0.7866666666666666,Todos los sujetos
21,P1,P1,1,0.47,Todos los sujetos
1834,P12,P12,1,0.7266666666666667,Todos los sujetos
572,P4,P4,1,0.3,Todos los sujetos
1643,P11,P11,1,0.5933333333333334,Todos los sujetos
2054,P13,P13,1,0.37333333333333335,Todos los sujetos
1030,P7,P7,1,0.8533333333333334,Todos los sujetos
1854,P12,P12,1,0.9,Todos los sujetos
433,P3,P3,1,0.63,Todos los sujetos
993,P7,P14,0,0.44333333333333336,Todos los sujetos
1092,P7,P7,1,0.5233333333333333,Todos los sujetos
1476,P10,P10,1,0.8766666666666667,Todos los sujetos
1927,P13,P13,1,0.35333333333333333,Todos los sujetos
17,P1,P1,1,0.7266666666666667,Todos los sujetos
832,P6,P9,0,0.33666666666666667,Todos los sujetos
937,P6,P6,1,0.38333333333333336,Todos los sujetos
2175,P14,P14,1,0.6633333333333333,Todos los sujetos
1307,P9,P5,0,0.23,Todos los sujetos
1900,P12,P12,1,0.7033333333333334,Todos los sujetos
1668,P11,P11,1,0.7066666666666667,Todos los sujetos
2184,P14,P11,0,0.43333333333333335,Todos los sujetos
620,P4,P4,1,0.8433333333333334,Todos los sujetos
1849,P12,P12,1,0.9566666666666667,Todos los sujetos
1447,P10,P10,1,0.44333333333333336,Todos los sujetos
972,P7,P7,1,0.55,Todos los sujetos
2010,P13,P13,1,0.49333333333333335,Todos los sujetos
793,P5,P5,1,0.5966666666666667,Todos los sujetos
57,P1,P1,1,0.78,Todos los sujetos
1363,P9,P9,1,0.37666666666666665,Todos los sujetos
470,P3,P3,1,0.5366666666666666,Todos los sujetos
1164,P8,P8,1,0.6,Todos los sujetos
336,P3,P3,1,0.41,Todos los sujetos
211,P2,P2,1,0.54,Todos los sujetos
1036,P7,P11,0,0.32,Todos los sujetos
846,P6,P6,1,0.7333333333333333,Todos los sujetos
642,P5,P5,1,0.5766666666666667,Todos los sujetos
619,P4,P4,1,0.7766666666666666,Todos los sujetos
884,P6,P7,0,0.3466666666666667,Todos los sujetos
1287,P9,P9,1,0.43333333333333335,Todos los sujetos
888,P6,P6,1,0.6466666666666666,Todos los sujetos
1645,P11,P5,0,0.27666666666666667,Todos los sujetos
823,P6,P6,1,0.4633333333333333,Todos los sujetos
1172,P8,P8,1,0.5266666666666666,Todos los sujetos
2036,P13,P13,1,0.4866666666666667,Todos los sujetos
1759,P12,P12,1,0.8566666666666667,Todos los sujetos
841,P6,P8,0,0.33,Todos los sujetos
1642,P11,P11,1,0.62,Todos los sujetos
70,P1,P1,1,0.8233333333333334,Todos los sujetos
302,P2,P2,1,0.66,Todos los sujetos
1689,P11,P11,1,0.7966666666666666,Todos los sujetos
931,P6,P6,1,0.3566666666666667,Todos los sujetos
2219,P14,P14,1,0.6333333333333333,Todos los sujetos
240,P2,P2,1,0.7066666666666667,Todos los sujetos
2125,P14,P13,0,0.38333333333333336,Todos los sujetos
878,P6,P6,1,0.2633333333333333,Todos los sujetos
1169,P8,P12,0,0.39,Todos los sujetos
50,P1,P1,1,0.30333333333333334,Todos los sujetos
1531,P10,P10,1,0.4766666666666667,Todos los sujetos
2059,P13,P13,1,0.33,Todos los sujetos
803,P6,P6,1,0.35,Todos los sujetos
8,P1,P1,1,0.6833333333333333,Todos los sujetos
741,P5,P5,1,0.4866666666666667,Todos los sujetos
2223,P14,P14,1,0.8666666666666667,Todos los sujetos
503,P4,P4,1,0.87,Todos los sujetos
1589,P10,P10,1,0.7633333333333333,Todos los sujetos
1254,P8,P8,1,0.6766666666666666,Todos los sujetos
1893,P12,P12,1,0.4266666666666667,Todos los sujetos
1354,P9,P9,1,0.5733333333333334,Todos los sujetos
1750,P11,P11,1,0.42,Todos los sujetos
1219,P8,P8,1,0.45666666666666667,Todos los sujetos
2040,P13,P7,0,0.4166666666666667,Todos los sujetos
1974,P13,P9,0,0.22,Todos los sujetos
88,P1,P3,0,0.27,Todos los sujetos
1931,P13,P14,0,0.22,Todos los sujetos
386,P3,P3,1,0.39,Todos los sujetos
1823,P12,P12,1,0.54,Todos los sujetos
310,P2,P2,1,0.53,Todos los sujetos
1977,P13,P13,1,0.4766666666666667,Todos los sujetos
446,P3,P3,1,0.2866666666666667,Todos los sujetos
416,P3,P3,1,0.4266666666666667,Todos los sujetos
1226,P8,P8,1,0.8566666666666667,Todos los sujetos
297,P2,P2,1,0.6533333333333333,Todos los sujetos
1565,P10,P10,1,0.49666666666666665,Todos los sujetos
152,P1,P1,1,0.55,Todos los sujetos
377,P3,P3,1,0.49333333333333335,Todos los sujetos
2136,P14,P14,1,0.6266666666666667,Todos los sujetos
2068,P13,P13,1,0.78,Todos los sujetos
1381,P9,P9,1,0.45,Todos los sujetos
308,P2,P2,1,0.68,Todos los sujetos
1369,P9,P9,1,0.7233333333333334,Todos los sujetos
1789,P12,P12,1,0.6133333333333333,Todos los sujetos
1437,P9,P9,1,0.4533333333333333,Todos los sujetos
148,P1,P1,1,0.4,Todos los sujetos
1406,P9,P4,0,0.32,Todos los sujetos
34,P1,P1,1,0.6933333333333334,Todos los sujetos
486,P4,P4,1,0.79,Todos los sujetos
187,P2,P2,1,0.7166666666666667,Todos los sujetos
593,P4,P4,1,0.7033333333333334,Todos los sujetos
234,P2,P2,1,0.86,Todos los sujetos
1088,P7,P7,1,0.8333333333333334,Todos los sujetos
262,P2,P2,1,0.37333333333333335,Todos los sujetos
769,P5,P5,1,0.42,Todos los sujetos
1557,P10,P10,1,0.99,Todos los sujetos
752,P5,P5,1,0.41,Todos los sujetos
89,P1,P1,1,0.3933333333333333,Todos los sujetos
1587,P10,P10,1,0.7233333333333334,Todos los sujetos
1735,P11,P10,0,0.39666666666666667,Todos los sujetos
1337,P9,P9,1,0.74,Todos los sujetos
1730,P11,P11,1,0.9666666666666667,Todos los sujetos
2112,P14,P14,1,0.9366666666666666,Todos los sujetos
1795,P12,P12,1,0.7033333333333334,Todos los sujetos
1499,P10,P10,1,0.5966666666666667,Todos los sujetos
1158,P8,P8,1,0.5833333333333334,Todos los sujetos
819,P6,P9,0,0.30333333333333334,Todos los sujetos
1043,P7,P7,1,0.4866666666666667,Todos los sujetos
1428,P9,P9,1,0.44,Todos los sujetos
221,P2,P2,1,0.67,Todos los sujetos
130,P1,P1,1,0.4066666666666667,Todos los sujetos
325,P3,P3,1,0.47333333333333333,Todos los sujetos
1380,P9,P9,1,0.25666666666666665,Todos los sujetos
321,P3,P1,0,0.5066666666666667,Todos los sujetos
1248,P8,P8,1,0.7333333333333333,Todos los sujetos
260,P2,P2,1,0.77,Todos los sujetos
548,P4,P4,1,0.78,Todos los sujetos
495,P4,P4,1,0.52,Todos los sujetos
1568,P10,P10,1,0.5633333333333334,Todos los sujetos
512,P4,P4,1,0.7933333333333333,Todos los sujetos
1657,P11,P11,1,0.5466666666666666,Todos los sujetos
2123,P14,P5,0,0.41,Todos los sujetos
215,P2,P2,1,0.6566666666666666,Todos los sujetos
1276,P8,P8,1,0.46,Todos los sujetos
1318,P9,P9,1,0.5,Todos los sujetos
1839,P12,P12,1,0.6666666666666666,Todos los sujetos
1075,P7,P7,1,0.4666666666666667,Todos los sujetos
1206,P8,P8,1,0.8533333333333334,Todos los sujetos
810,P6,P6,1,0.35333333333333333,Todos los sujetos
171,P2,P2,1,0.8333333333333334,Todos los sujetos
1768,P12,P12,1,0.5933333333333334,Todos los sujetos
272,P2,P14,0,0.3933333333333333,Todos los sujetos
1315,P9,P9,1,0.45666666666666667,Todos los sujetos
923,P6,P6,1,0.74,Todos los sujetos
2099,P14,P9,0,0.20666666666666667,Todos los sujetos
1359,P9,P12,0,0.6733333333333333,Todos los sujetos
443,P3,P3,1,0.66,Todos los sujetos
508,P4,P4,1,0.37333333333333335,Todos los sujetos
77,P1,P1,1,0.96,Todos los sujetos
702,P5,P5,1,0.6533333333333333,Todos los sujetos
293,P2,P2,1,0.76,Todos los sujetos
2185,P14,P14,1,0.41,Todos los sujetos
2087,P14,P14,1,0.7366666666666667,Todos los sujetos
723,P5,P5,1,0.6133333333333333,Todos los sujetos
287,P2,P2,1,0.5666666666666667,Todos los sujetos
162,P2,P2,1,0.8233333333333334,Todos los sujetos
1082,P7,P7,1,0.35,Todos los sujetos
160,P2,P2,1,0.6766666666666666,Todos los sujetos
713,P5,P5,1,0.6466666666666666,Todos los sujetos
579,P4,P4,1,0.81,Todos los sujetos
1023,P7,P7,1,0.6533333333333333,Todos los sujetos
1284,P9,P9,1,0.6366666666666667,Todos los sujetos
2101,P14,P5,0,0.33,Todos los sujetos
2156,P14,P14,1,0.5733333333333334,Todos los sujetos
412,P3,P3,1,0.5933333333333334,Todos los sujetos
594,P4,P4,1,0.8,Todos los sujetos
423,P3,P1,0,0.47,Todos los sujetos
87,P1,P1,1,0.36333333333333334,Todos los sujetos
1588,P10,P10,1,0.7833333333333333,Todos los sujetos
2047,P13,P13,1,0.89,Todos los sujetos
780,P5,P3,0,0.3433333333333333,Todos los sujetos
1779,P12,P12,1,0.87,Todos los sujetos
1875,P12,P12,1,0.35333333333333333,Todos los sujetos
91,P1,P1,1,0.9166666666666666,Todos los sujetos
1551,P10,P10,1,0.7166666666666667,Todos los sujetos
1915,P12,P12,1,0.7,Todos los sujetos
514,P4,P4,1,0.77,Todos los sujetos
48,P1,P1,1,0.5533333333333333,Todos los sujetos
680,P5,P5,1,0.8166666666666667,Todos los sujetos
913,P6,P6,1,0.8566666666666667,Todos los sujetos
161,P2,P2,1,0.8466666666666667,Todos los sujetos
2061,P13,P13,1,0.87,Todos los sujetos
924,P6,P6,1,0.7133333333333334,Todos los sujetos
1692,P11,P11,1,0.9,Todos los sujetos
1020,P7,P7,1,0.4266666666666667,Todos los sujetos
647,P5,P5,1,0.6866666666666666,Todos los sujetos
147,P1,P1,1,0.45666666666666667,Todos los sujetos
113,P1,P1,1,0.4633333333333333,Todos los sujetos
1798,P12,P12,1,0.84,Todos los sujetos
786,P5,P5,1,0.5766666666666667,Todos los sujetos
1267,P8,P8,1,0.5066666666666667,Todos los sujetos
116,P1,P1,1,0.5833333333333334,Todos los sujetos
1129,P8,P8,1,0.57,Todos los sujetos
1147,P8,P8,1,0.7233333333333334,Todos los sujetos
639,P4,P12,0,0.49,Todos los sujetos
689,P5,P5,1,0.8833333333333333,Todos los sujetos
1441,P10,P10,1,0.34,Todos los sujetos
2146,P14,P7,0,0.4533333333333333,Todos los sujetos
1914,P12,P12,1,0.51,Todos los sujetos
513,P4,P4,1,0.7766666666666666,Todos los sujetos
14,P1,P1,1,0.8966666666666666,Todos los sujetos
1034,P7,P7,1,0.71,Todos los sujetos
1052,P7,P7,1,0.9366666666666666,Todos los sujetos
1170,P8,P8,1,0.36666666666666664,Todos los sujetos
1400,P9,P9,1,0.5,Todos los sujetos
1442,P10,P10,1,0.6933333333333334,Todos los sujetos
792,P5,P5,1,0.6933333333333334,Todos los sujetos
37,P1,P1,1,0.7633333333333333,Todos los sujetos
2033,P13,P14,0,0.6333333333333333,Todos los sujetos
1680,P11,P11,1,0.9733333333333334,Todos los sujetos
1188,P8,P8,1,0.42,Todos los sujetos
607,P4,P4,1,0.41333333333333333,Todos los sujetos
1255,P8,P6,0,0.58,Todos los sujetos
1993,P13,P7,0,0.43666666666666665,Todos los sujetos
761,P5,P5,1,0.71,Todos los sujetos
975,P7,P4,0,0.5066666666666667,Todos los sujetos
280,P2,P2,1,0.62,Todos los sujetos
1530,P10,P10,1,0.5633333333333334,Todos los sujetos
1411,P9,P9,1,0.3433333333333333,Todos los sujetos
523,P4,P4,1,0.8633333333333333,Todos los sujetos
430,P3,P1,0,0.7633333333333333,Todos los sujetos
1415,P9,P9,1,0.25,Todos los sujetos
1874,P12,P12,1,0.49333333333333335,Todos los sujetos
1096,P7,P7,1,0.31,Todos los sujetos
309,P2,P2,1,0.57,Todos los sujetos
1958,P13,P3,0,0.3233333333333333,Todos los sujetos
956,P6,P6,1,0.30666666666666664,Todos los sujetos
1053,P7,P7,1,0.5566666666666666,Todos los sujetos
522,P4,P4,1,0.7433333333333333,Todos los sujetos
1031,P7,P7,1,0.8833333333333333,Todos los sujetos
1502,P10,P10,1,0.5666666666666667,Todos los sujetos
824,P6,P6,1,0.5166666666666667,Todos los sujetos
1177,P8,P8,1,0.3466666666666667,Todos los sujetos
198,P2,P2,1,0.38666666666666666,Todos los sujetos
1278,P8,P8,1,0.6766666666666666,Todos los sujetos
1454,P10,P10,1,0.8733333333333333,Todos los sujetos
1535,P10,P10,1,0.5866666666666667,Todos los sujetos
2001,P13,P13,1,0.7166666666666667,Todos los sujetos
559,P4,P12,0,0.6333333333333333,Todos los sujetos
1569,P10,P10,1,0.63,Todos los sujetos
2119,P14,P9,0,0.27,Todos los sujetos
1087,P7,P7,1,0.53,Todos los sujetos
1107,P7,P6,0,0.26,Todos los sujetos
7,P1,P1,1,0.37666666666666665,Todos los sujetos
2208,P14,P14,1,0.9533333333333334,Todos los sujetos
140,P1,P1,1,0.8,Todos los sujetos
525,P4,P4,1,0.95,Todos los sujetos
617,P4,P4,1,0.74,Todos los sujetos
1462,P10,P10,1,0.74,Todos los sujetos
1671,P11,P11,1,0.5266666666666666,Todos los sujetos
893,P6,P9,0,0.37333333333333335,Todos los sujetos
806,P6,P6,1,0.31666666666666665,Todos los sujetos
1233,P8,P8,1,0.5066666666666667,Todos los sujetos
672,P5,P9,0,0.25,Todos los sujetos
1423,P9,P12,0,0.49333333333333335,Todos los sujetos
1843,P12,P12,1,0.74,Todos los sujetos
849,P6,P6,1,0.68,Todos los sujetos
1620,P11,P11,1,0.7433333333333333,Todos los sujetos
1610,P11,P11,1,0.55,Todos los sujetos
2186,P14,P14,1,0.35,Todos los sujetos
99,P1,P1,1,0.6433333333333333,Todos los sujetos
385,P3,P3,1,0.56,Todos los sujetos
453,P3,P3,1,0.6,Todos los sujetos
588,P4,P4,1,0.7966666666666666,Todos los sujetos
1173,P8,P8,1,0.46,Todos los sujetos
1748,P11,P11,1,0.5533333333333333,Todos los sujetos
1434,P9,P13,0,0.2866666666666667,Todos los sujetos
1609,P11,P11,1,0.6366666666666667,Todos los sujetos
1632,P11,P11,1,0.35333333333333333,Todos los sujetos
1656,P11,P11,1,0.3466666666666667,Todos los sujetos
1979,P13,P13,1,0.17,Todos los sujetos
1422,P9,P9,1,0.4033333333333333,Todos los sujetos
186,P2,P2,1,0.8166666666666667,Todos los sujetos
2067,P13,P7,0,0.32,Todos los sujetos
930,P6,P6,1,0.6666666666666666,Todos los sujetos
368,P3,P3,1,0.3233333333333333,Todos los sujetos
1563,P10,P10,1,0.37666666666666665,Todos los sujetos
1320,P9,P9,1,0.77,Todos los sujetos
354,P3,P3,1,0.6666666666666666,Todos los sujetos
1,P1,P1,1,0.3,Todos los sujetos
2042,P13,P13,1,0.38666666666666666,Todos los sujetos
2088,P14,P7,0,0.4866666666666667,Todos los sujetos
998,P7,P7,1,0.65,Todos los sujetos
2150,P14,P14,1,0.36666666666666664,Todos los sujetos
626,P4,P4,1,0.91,Todos los sujetos
459,P3,P3,1,0.5433333333333333,Todos los sujetos
1319,P9,P9,1,0.46,Todos los sujetos
1175,P8,P8,1,0.8766666666666667,Todos los sujetos
916,P6,P6,1,0.35,Todos los sujetos
218,P2,P2,1,0.8366666666666667,Todos los sujetos
409,P3,P3,1,0.6,Todos los sujetos
537,P4,P4,1,0.81,Todos los sujetos
1505,P10,P10,1,0.8966666666666666,Todos los sujetos
1007,P7,P7,1,0.48333333333333334,Todos los sujetos
1820,P12,P12,1,0.6933333333333334,Todos los sujetos
825,P6,P3,0,0.43666666666666665,Todos los sujetos
656,P5,P2,0,0.20666666666666667,Todos los sujetos
2183,P14,P11,0,0.47333333333333333,Todos los sujetos
693,P5,P5,1,0.4166666666666667,Todos los sujetos
1398,P9,P9,1,0.69,Todos los sujetos
756,P5,P10,0,0.25,Todos los sujetos
1674,P11,P11,1,0.7333333333333333,Todos los sujetos
1775,P12,P13,0,0.31333333333333335,Todos los sujetos
2124,P14,P6,0,0.17666666666666667,Todos los sujetos
1295,P9,P9,1,0.24,Todos los sujetos
716,P5,P5,1,0.49333333333333335,Todos los sujetos
1269,P8,P8,1,0.7466666666666667,Todos los sujetos
1335,P9,P9,1,0.39,Todos los sujetos
405,P3,P3,1,0.6466666666666666,Todos los sujetos
52,P1,P1,1,0.8166666666666667,Todos los sujetos
1118,P7,P7,1,0.31,Todos los sujetos
820,P6,P7,0,0.3333333333333333,Todos los sujetos
1744,P11,P11,1,0.6566666666666666,Todos los sujetos
2209,P14,P14,1,0.8333333333333334,Todos los sujetos
282,P2,P2,1,0.6566666666666666,Todos los sujetos
373,P3,P3,1,0.43333333333333335,Todos los sujetos
971,P7,P7,1,0.8066666666666666,Todos los sujetos
275,P2,P2,1,0.5266666666666666,Todos los sujetos
243,P2,P2,1,0.53,Todos los sujetos
337,P3,P3,1,0.5566666666666666,Todos los sujetos
1948,P13,P3,0,0.3466666666666667,Todos los sujetos
13,P1,P1,1,0.78,Todos los sujetos
1268,P8,P8,1,0.45,Todos los sujetos
1378,P9,P9,1,0.8266666666666667,Todos los sujetos
963,P7,P7,1,0.45,Todos los sujetos
436,P3,P3,1,0.5233333333333333,Todos los sujetos
1710,P11,P11,1,0.7,Todos los sujetos
1852,P12,P12,1,0.48,Todos los sujetos
2151,P14,P14,1,0.4266666666666667,Todos los sujetos
868,P6,P6,1,0.3233333333333333,Todos los sujetos
83,P1,P1,1,0.27,Todos los sujetos
491,P4,P4,1,0.84,Todos los sujetos
1581,P10,P5,0,0.36,Todos los sujetos
1241,P8,P8,1,0.4666666666666667,Todos los sujetos
635,P4,P7,0,0.31333333333333335,Todos los sujetos
2097,P14,P14,1,0.9766666666666667,Todos los sujetos
1042,P7,P7,1,0.6933333333333334,Todos los sujetos
553,P4,P4,1,0.8866666666666667,Todos los sujetos
544,P4,P4,1,0.9766666666666667,Todos los sujetos
871,P6,P9,0,0.39,Todos los sujetos
636,P4,P4,1,0.33,Todos los sujetos
1628,P11,P11,1,0.38,Todos los sujetos
255,P2,P2,1,0.5366666666666666,Todos los sujetos
1393,P9,P4,0,0.29,Todos los sujetos
380,P3,P3,1,0.43333333333333335,Todos los sujetos
151,P1,P1,1,0.7333333333333333,Todos los sujetos
288,P2,P2,1,0.43333333333333335,Todos los sujetos
2022,P13,P6,0,0.34,Todos los sujetos
575,P4,P4,1,0.47,Todos los sujetos
159,P1,P1,1,0.7366666666666667,Todos los sujetos
1302,P9,P6,0,0.4533333333333333,Todos los sujetos
1695,P11,P11,1,0.9133333333333333,Todos los sujetos
1161,P8,P8,1,0.43666666666666665,Todos los sujetos
1451,P10,P10,1,0.8,Todos los sujetos
110,P1,P1,1,0.9733333333333334,Todos los sujetos
2091,P14,P14,1,0.18,Todos los sujetos
349,P3,P3,1,0.6033333333333334,Todos los sujetos
1918,P13,P13,1,0.91,Todos los sujetos
892,P6,P9,0,0.36666666666666664,Todos los sujetos
1558,P10,P10,1,0.9466666666666667,Todos los sujetos
861,P6,P9,0,0.38666666666666666,Todos los sujetos
859,P6,P6,1,0.33666666666666667,Todos los sujetos
1135,P8,P8,1,0.5033333333333333,Todos los sujetos
356,P3,P3,1,0.5566666666666666,Todos los sujetos
844,P6,P10,0,0.31666666666666665,Todos los sujetos
1962,P13,P9,0,0.3233333333333333,Todos los sujetos
637,P4,P4,1,0.5,Todos los sujetos
1027,P7,P7,1,0.47333333333333333,Todos los sujetos
144,P1,P1,1,0.58,Todos los sujetos
891,P6,P9,0,0.21333333333333335,Todos los sujetos
1156,P8,P8,1,0.63,Todos los sujetos
347,P3,P5,0,0.36333333333333334,Todos los sujetos
1058,P7,P7,1,0.5833333333333334,Todos los sujetos
2178,P14,P14,1,0.5733333333333334,Todos los sujetos
2215,P14,P14,1,0.5633333333333334,Todos los sujetos
1802,P12,P12,1,0.7066666666666667,Todos los sujetos
845,P6,P6,1,0.73,Todos los sujetos
2057,P13,P13,1,0.4633333333333333,Todos los sujetos
920,P6,P6,1,0.8033333333333333,Todos los sujetos
2024,P13,P13,1,0.3233333333333333,Todos los sujetos
2113,P14,P14,1,0.96,Todos los sujetos
1753,P11,P10,0,0.4666666666666667,Todos los sujetos
178,P2,P2,1,0.6633333333333333,Todos los sujetos
1097,P7,P7,1,0.6566666666666666,Todos los sujetos
2161,P14,P14,1,0.4866666666666667,Todos los sujetos
560,P4,P4,1,0.8266666666666667,Todos los sujetos
697,P5,P5,1,0.5766666666666667,Todos los sujetos
1661,P11,P11,1,0.25333333333333335,Todos los sujetos
1386,P9,P9,1,0.62,Todos los sujetos
1704,P11,P11,1,0.57,Todos los sujetos
267,P2,P2,1,0.56,Todos los sujetos
1686,P11,P11,1,0.48333333333333334,Todos los sujetos
46,P1,P1,1,0.9533333333333334,Todos los sujetos
640,P5,P11,0,0.5133333333333333,Todos los sujetos
1022,P7,P7,1,0.25333333333333335,Todos los sujetos
1960,P13,P13,1,0.36,Todos los sujetos
729,P5,P5,1,0.7533333333333333,Todos los sujetos
1597,P10,P10,1,0.71,Todos los sujetos
2055,P13,P7,0,0.30666666666666664,Todos los sujetos
1887,P12,P12,1,0.8266666666666667,Todos los sujetos
1101,P7,P7,1,0.45,Todos los sujetos
1305,P9,P9,1,0.41333333333333333,Todos los sujetos
1466,P10,P10,1,0.69,Todos los sujetos
1859,P12,P12,1,0.8266666666666667,Todos los sujetos
955,P6,P7,0,0.3333333333333333,Todos los sujetos
465,P3,P3,1,0.5566666666666666,Todos los sujetos
1845,P12,P12,1,0.4633333333333333,Todos los sujetos
121,P1,P1,1,0.3933333333333333,Todos los sujetos
1392,P9,P12,0,0.25333333333333335,Todos los sujetos
1911,P12,P12,1,0.8433333333333334,Todos los sujetos
854,P6,P9,0,0.4,Todos los sujetos
1450,P10,P10,1,0.9966666666666667,Todos los sujetos
1263,P8,P8,1,0.76,Todos los sujetos
2011,P13,P13,1,0.44333333333333336,Todos los sujetos
43,P1,P1,1,0.8,Todos los sujetos
879,P6,P9,0,0.35,Todos los sujetos
2165,P14,P14,1,0.7133333333333334,Todos los sujetos
487,P4,P4,1,0.8166666666666667,Todos los sujetos
1790,P12,P12,1,0.5766666666666667,Todos los sujetos
1913,P12,P12,1,0.8366666666666667,Todos los sujetos
1595,P10,P10,1,0.8433333333333334,Todos los sujetos
655,P5,P1,0,0.4166666666666667,Todos los sujetos
478,P3,P8,0,0.3433333333333333,Todos los sujetos
1867,P12,P6,0,0.3466666666666667,Todos los sujetos
281,P2,P2,1,0.6633333333333333,Todos los sujetos
1706,P11,P11,1,0.7233333333333334,Todos los sujetos
2235,P14,P14,1,0.9133333333333333,Todos los sujetos
289,P2,P2,1,0.6433333333333333,Todos los sujetos
1143,P8,P8,1,0.7133333333333334,Todos los sujetos
1560,P10,P10,1,0.44333333333333336,Todos los sujetos
1492,P10,P10,1,0.9466666666666667,Todos los sujetos
943,P6,P13,0,0.44666666666666666,Todos los sujetos
1151,P8,P8,1,0.76,Todos los sujetos
980,P7,P7,1,0.34,Todos los sujetos
1679,P11,P11,1,0.9466666666666667,Todos los sujetos
1395,P9,P9,1,0.43666666666666665,Todos los sujetos
154,P1,P1,1,0.57,Todos los sujetos
63,P1,P1,1,0.71,Todos los sujetos
1486,P10,P10,1,0.39666666666666667,Todos los sujetos
1153,P8,P8,1,0.44,Todos los sujetos
666,P5,P5,1,0.5333333333333333,Todos los sujetos
1685,P11,P11,1,0.9266666666666666,Todos los sujetos
189,P2,P2,1,0.6133333333333333,Todos los sujetos
1896,P12,P12,1,0.8333333333333334,Todos los sujetos
1892,P12,P12,1,0.42333333333333334,Todos los sujetos
700,P5,P5,1,0.8633333333333333,Todos los sujetos
902,P6,P6,1,0.69,Todos los sujetos
1787,P12,P12,1,0.55,Todos los sujetos
479,P3,P8,0,0.5433333333333333,Todos los sujetos
1035,P7,P7,1,0.81,Todos los sujetos
1575,P10,P10,1,0.94,Todos los sujetos
1983,P13,P13,1,0.62,Todos los sujetos
2120,P14,P11,0,0.20333333333333334,Todos los sujetos
2195,P14,P14,1,0.2966666666666667,Todos los sujetos
1384,P9,P9,1,0.54,Todos los sujetos
342,P3,P3,1,0.3433333333333333,Todos los sujetos
2035,P13,P7,0,0.32666666666666666,Todos los sujetos
1604,P11,P11,1,0.4,Todos los sujetos
651,P5,P5,1,0.43,Todos los sujetos
1593,P10,P10,1,0.6433333333333333,Todos los sujetos
343,P3,P3,1,0.81,Todos los sujetos
296,P2,P2,1,0.7066666666666667,Todos los sujetos
667,P5,P5,1,0.5166666666666667,Todos los sujetos
1387,P9,P6,0,0.4633333333333333,Todos los sujetos
790,P5,P5,1,0.6633333333333333,Todos los sujetos
2006,P13,P3,0,0.16,Todos los sujetos
505,P4,P4,1,0.6933333333333334,Todos los sujetos
1709,P11,P11,1,0.7566666666666667,Todos los sujetos
