video_name,frame_number,timestamp_ms,valid_deteccion,sphere_center_x,sphere_center_y,sphere_center_z,pupil_center_x,pupil_center_y,gaze_x,gaze_y,gaze_z,ellipse_width,ellipse_height,ellipse_angle,contour_area
Geremy_intento_4.mp4,1,3.333,True,240.000,240.000,0.000,289.000,173.000,0.204167,0.279167,-0.938287,71.834,92.183,109.495,4805.0
Geremy_intento_4.mp4,2,6.667,True,240.000,240.000,0.000,289.000,172.000,0.204167,0.283333,-0.937037,69.906,91.645,107.174,4687.5
Geremy_intento_4.mp4,3,10.000,True,240.000,240.000,0.000,289.000,172.000,0.204167,0.283333,-0.937037,70.051,90.609,108.157,4672.5
Geremy_intento_4.mp4,4,13.333,True,240.000,240.000,0.000,290.000,171.000,0.208333,0.287500,-0.934848,69.425,90.760,105.960,4676.0
Geremy_intento_4.mp4,5,16.667,True,240.000,240.000,0.000,290.000,170.000,0.208333,0.291667,-0.933557,68.745,91.071,107.339,4577.5
Geremy_intento_4.mp4,6,20.000,True,240.000,240.000,0.000,290.000,170.000,0.208333,0.291667,-0.933557,67.638,90.895,104.599,4508.5
Geremy_intento_4.mp4,7,23.333,True,240.000,240.000,0.000,290.000,170.000,0.208333,0.291667,-0.933557,68.508,90.330,106.111,4492.5
Geremy_intento_4.mp4,8,26.667,True,240.000,240.000,0.000,290.000,169.000,0.208333,0.295833,-0.932245,65.866,90.636,102.141,4494.5
Geremy_intento_4.mp4,9,30.000,True,240.000,240.000,0.000,290.000,169.000,0.208333,0.295833,-0.932245,66.643,91.498,103.490,4491.0
Geremy_intento_4.mp4,10,33.333,True,240.000,240.000,0.000,290.000,169.000,0.208333,0.295833,-0.932245,67.875,90.439,107.425,4475.0
Geremy_intento_4.mp4,11,36.667,True,240.000,240.000,0.000,291.000,170.000,0.212500,0.291667,-0.932617,67.880,90.837,107.473,4502.5
Geremy_intento_4.mp4,12,40.000,True,240.000,240.000,0.000,293.000,167.000,0.220833,0.304167,-0.926669,65.687,90.141,109.098,4342.0
Geremy_intento_4.mp4,13,43.333,True,240.000,240.000,0.000,300.000,161.000,0.250000,0.329167,-0.910576,62.198,87.947,112.280,3985.0
Geremy_intento_4.mp4,14,46.667,True,266.000,254.000,0.000,305.000,158.000,0.162500,0.400000,-0.901994,62.378,88.099,113.072,4041.0
Geremy_intento_4.mp4,15,50.000,True,265.000,254.000,0.000,305.000,158.000,0.166667,0.400000,-0.901234,62.949,88.150,113.112,4085.5
Geremy_intento_4.mp4,16,53.333,True,265.000,254.000,0.000,305.000,158.000,0.166667,0.400000,-0.901234,61.891,88.332,112.699,4099.0
Geremy_intento_4.mp4,17,56.667,True,265.000,254.000,0.000,309.000,157.000,0.183333,0.404167,-0.896124,57.946,87.222,116.190,3794.0
Geremy_intento_4.mp4,18,60.000,True,265.000,254.000,0.000,312.000,157.000,0.195833,0.404167,-0.893476,57.923,86.840,115.590,3823.5
Geremy_intento_4.mp4,19,63.333,True,264.000,254.000,0.000,312.000,157.000,0.200000,0.404167,-0.892552,58.259,87.068,115.407,3843.0
Geremy_intento_4.mp4,20,66.667,True,264.000,254.000,0.000,312.000,157.000,0.200000,0.404167,-0.892552,58.092,86.904,115.969,3823.5
Geremy_intento_4.mp4,21,70.000,True,264.000,254.000,0.000,312.000,157.000,0.200000,0.404167,-0.892552,58.007,86.372,116.032,3811.0
Geremy_intento_4.mp4,22,73.333,True,264.000,254.000,0.000,312.000,157.000,0.200000,0.404167,-0.892552,59.393,88.111,119.345,3856.5
Geremy_intento_4.mp4,23,76.667,True,264.000,254.000,0.000,313.000,158.000,0.204167,0.400000,-0.893485,59.249,88.251,118.558,3842.0
Geremy_intento_4.mp4,24,80.000,True,264.000,255.000,0.000,313.000,157.000,0.204167,0.408333,-0.889708,58.010,87.579,115.505,3772.0
Geremy_intento_4.mp4,25,83.333,True,264.000,255.000,0.000,313.000,157.000,0.204167,0.408333,-0.889708,57.490,85.720,116.178,3752.5
Geremy_intento_4.mp4,26,86.667,True,264.000,255.000,0.000,313.000,157.000,0.204167,0.408333,-0.889708,58.238,86.753,118.686,3780.5
Geremy_intento_4.mp4,27,90.000,True,264.000,255.000,0.000,312.000,157.000,0.200000,0.408333,-0.890654,57.703,85.733,116.911,3752.0
Geremy_intento_4.mp4,28,93.333,True,264.000,255.000,0.000,312.000,160.000,0.200000,0.395833,-0.896279,59.410,80.794,118.183,3632.5
Geremy_intento_4.mp4,29,96.667,True,264.000,255.000,0.000,313.000,164.000,0.204167,0.379167,-0.902523,45.839,76.186,96.899,2385.0
Geremy_intento_4.mp4,30,100.000,True,264.000,255.000,0.000,312.000,163.000,0.200000,0.383333,-0.901696,56.436,78.521,113.111,3314.0
Geremy_intento_4.mp4,31,103.333,True,264.000,255.000,0.000,309.000,159.000,0.187500,0.400000,-0.897131,57.601,83.037,124.873,3662.5
Geremy_intento_4.mp4,32,106.667,True,264.000,255.000,0.000,309.000,158.000,0.187500,0.404167,-0.895261,57.105,83.340,122.418,3661.0
Geremy_intento_4.mp4,33,110.000,True,264.000,255.000,0.000,310.000,158.000,0.191667,0.404167,-0.894379,56.917,83.557,121.408,3655.5
Geremy_intento_4.mp4,34,113.333,True,264.000,255.000,0.000,310.000,158.000,0.191667,0.404167,-0.894379,57.075,83.227,121.459,3656.0
Geremy_intento_4.mp4,35,116.667,True,264.000,255.000,0.000,311.000,158.000,0.195833,0.404167,-0.893476,57.007,82.874,121.291,3632.0
Geremy_intento_4.mp4,36,120.000,True,264.000,255.000,0.000,311.000,159.000,0.195833,0.400000,-0.895349,57.575,82.593,121.530,3631.0
Geremy_intento_4.mp4,37,123.333,True,264.000,255.000,0.000,311.000,159.000,0.195833,0.400000,-0.895349,57.980,83.088,122.381,3653.0
Geremy_intento_4.mp4,38,126.667,True,264.000,255.000,0.000,311.000,159.000,0.195833,0.400000,-0.895349,57.569,83.510,120.700,3667.0
Geremy_intento_4.mp4,39,130.000,True,264.000,255.000,0.000,311.000,159.000,0.195833,0.400000,-0.895349,57.952,84.344,121.337,3710.0
Geremy_intento_4.mp4,40,133.333,True,264.000,255.000,0.000,311.000,159.000,0.195833,0.400000,-0.895349,58.489,85.044,121.660,3774.0
Geremy_intento_4.mp4,41,136.667,True,264.000,255.000,0.000,311.000,159.000,0.195833,0.400000,-0.895349,58.457,84.923,120.224,3793.0
Geremy_intento_4.mp4,42,140.000,True,264.000,255.000,0.000,311.000,159.000,0.195833,0.400000,-0.895349,59.035,84.913,122.411,3827.5
Geremy_intento_4.mp4,43,143.333,True,264.000,255.000,0.000,310.000,159.000,0.191667,0.400000,-0.896250,59.007,84.964,122.711,3811.0
Geremy_intento_4.mp4,44,146.667,True,264.000,255.000,0.000,310.000,159.000,0.191667,0.400000,-0.896250,58.692,84.720,122.795,3802.0
Geremy_intento_4.mp4,45,150.000,True,264.000,255.000,0.000,310.000,159.000,0.191667,0.400000,-0.896250,58.487,84.730,122.027,3765.5
Geremy_intento_4.mp4,46,153.333,True,264.000,255.000,0.000,310.000,159.000,0.191667,0.400000,-0.896250,58.117,83.348,122.702,3740.5
Geremy_intento_4.mp4,47,156.667,True,264.000,255.000,0.000,310.000,159.000,0.191667,0.400000,-0.896250,58.235,83.059,122.839,3677.0
Geremy_intento_4.mp4,48,160.000,True,264.000,255.000,0.000,310.000,159.000,0.191667,0.400000,-0.896250,57.086,82.090,122.738,3611.5
Geremy_intento_4.mp4,49,163.333,True,264.000,255.000,0.000,310.000,159.000,0.191667,0.400000,-0.896250,57.332,81.762,123.313,3609.0
Geremy_intento_4.mp4,50,166.667,True,264.000,255.000,0.000,310.000,159.000,0.191667,0.400000,-0.896250,56.551,81.267,122.700,3560.5
Geremy_intento_4.mp4,51,170.000,True,264.000,255.000,0.000,310.000,159.000,0.191667,0.400000,-0.896250,56.316,81.320,123.618,3538.0
Geremy_intento_4.mp4,52,173.333,True,264.000,255.000,0.000,310.000,159.000,0.191667,0.400000,-0.896250,56.460,80.885,122.791,3524.0
Geremy_intento_4.mp4,53,176.667,True,264.000,255.000,0.000,310.000,158.000,0.191667,0.404167,-0.894379,56.433,80.949,123.178,3521.5
Geremy_intento_4.mp4,54,180.000,True,264.000,255.000,0.000,310.000,158.000,0.191667,0.404167,-0.894379,56.283,80.784,123.866,3500.5
Geremy_intento_4.mp4,55,183.333,True,264.000,255.000,0.000,310.000,158.000,0.191667,0.404167,-0.894379,56.247,81.000,123.849,3510.5
Geremy_intento_4.mp4,56,186.667,True,264.000,255.000,0.000,310.000,158.000,0.191667,0.404167,-0.894379,56.503,81.442,123.889,3502.5
Geremy_intento_4.mp4,57,190.000,True,264.000,255.000,0.000,310.000,158.000,0.191667,0.404167,-0.894379,56.136,80.855,124.435,3504.0
Geremy_intento_4.mp4,58,193.333,True,264.000,255.000,0.000,310.000,158.000,0.191667,0.404167,-0.894379,56.477,81.056,123.552,3535.5
Geremy_intento_4.mp4,59,196.667,True,264.000,255.000,0.000,310.000,158.000,0.191667,0.404167,-0.894379,56.604,80.836,124.186,3539.5
Geremy_intento_4.mp4,60,200.000,True,264.000,255.000,0.000,310.000,158.000,0.191667,0.404167,-0.894379,56.778,80.902,124.327,3524.0
Geremy_intento_4.mp4,61,203.333,True,264.000,255.000,0.000,310.000,158.000,0.191667,0.404167,-0.894379,57.341,81.125,124.345,3521.0
Geremy_intento_4.mp4,62,206.667,True,264.000,255.000,0.000,310.000,158.000,0.191667,0.404167,-0.894379,56.618,80.098,124.694,3492.0
Geremy_intento_4.mp4,63,210.000,True,264.000,255.000,0.000,310.000,158.000,0.191667,0.404167,-0.894379,56.483,80.766,124.950,3486.5
Geremy_intento_4.mp4,64,213.333,True,264.000,255.000,0.000,310.000,158.000,0.191667,0.404167,-0.894379,57.103,80.564,124.532,3493.0
Geremy_intento_4.mp4,65,216.667,True,264.000,255.000,0.000,310.000,158.000,0.191667,0.404167,-0.894379,56.483,80.610,124.263,3501.0
Geremy_intento_4.mp4,66,220.000,True,264.000,255.000,0.000,310.000,158.000,0.191667,0.404167,-0.894379,56.864,80.857,123.905,3498.5
Geremy_intento_4.mp4,67,223.333,True,264.000,255.000,0.000,310.000,158.000,0.191667,0.404167,-0.894379,56.624,80.999,124.006,3523.5
Geremy_intento_4.mp4,68,226.667,True,264.000,255.000,0.000,310.000,158.000,0.191667,0.404167,-0.894379,56.862,81.170,124.603,3523.5
Geremy_intento_4.mp4,69,230.000,True,264.000,255.000,0.000,310.000,158.000,0.191667,0.404167,-0.894379,57.250,81.630,124.785,3566.0
Geremy_intento_4.mp4,70,233.333,True,264.000,255.000,0.000,309.000,158.000,0.187500,0.404167,-0.895261,57.830,81.897,124.168,3635.0
Geremy_intento_4.mp4,71,236.667,True,264.000,255.000,0.000,291.000,159.000,0.112500,0.400000,-0.909584,68.848,80.957,100.352,4254.0
Geremy_intento_4.mp4,72,240.000,True,264.000,255.000,0.000,253.000,163.000,-0.045833,0.383333,-0.922472,73.699,82.333,70.672,4464.0
Geremy_intento_4.mp4,73,243.333,True,264.000,255.000,0.000,231.000,166.000,-0.137500,0.370833,-0.918464,74.275,83.664,84.137,4596.0
Geremy_intento_4.mp4,74,246.667,True,264.000,255.000,0.000,228.000,166.000,-0.150000,0.370833,-0.916506,73.809,83.929,86.400,4583.0
Geremy_intento_4.mp4,75,250.000,True,264.000,255.000,0.000,228.000,165.000,-0.150000,0.375000,-0.914809,75.327,81.665,100.059,4606.0
Geremy_intento_4.mp4,76,253.333,True,264.000,255.000,0.000,229.000,165.000,-0.145833,0.375000,-0.915482,75.214,82.141,93.934,4630.5
Geremy_intento_4.mp4,77,256.667,True,264.000,255.000,0.000,229.000,165.000,-0.145833,0.375000,-0.915482,75.413,82.659,93.211,4653.5
Geremy_intento_4.mp4,78,260.000,True,264.000,255.000,0.000,230.000,164.000,-0.141667,0.379167,-0.914420,75.265,83.147,94.496,4638.5
Geremy_intento_4.mp4,79,263.333,True,264.000,255.000,0.000,230.000,164.000,-0.141667,0.379167,-0.914420,74.986,83.176,98.086,4669.5
Geremy_intento_4.mp4,80,266.667,True,264.000,255.000,0.000,231.000,163.000,-0.137500,0.383333,-0.913318,73.909,82.944,102.192,4638.5
Geremy_intento_4.mp4,81,270.000,True,264.000,255.000,0.000,232.000,163.000,-0.133333,0.383333,-0.913935,74.163,83.273,101.364,4621.5
Geremy_intento_4.mp4,82,273.333,True,264.000,255.000,0.000,233.000,162.000,-0.129167,0.387500,-0.912776,73.468,83.520,102.207,4562.5
Geremy_intento_4.mp4,83,276.667,True,264.000,255.000,0.000,234.000,162.000,-0.125000,0.387500,-0.913356,73.328,83.626,97.422,4539.0
Geremy_intento_4.mp4,84,280.000,True,264.000,255.000,0.000,234.000,162.000,-0.125000,0.387500,-0.913356,72.601,82.944,101.000,4501.5
Geremy_intento_4.mp4,85,283.333,True,264.000,255.000,0.000,234.000,162.000,-0.125000,0.387500,-0.913356,72.512,83.025,101.740,4478.5
Geremy_intento_4.mp4,86,286.667,True,264.000,255.000,0.000,238.000,161.000,-0.108333,0.391667,-0.913707,69.862,84.965,115.336,4507.5
Geremy_intento_4.mp4,87,290.000,True,264.000,255.000,0.000,256.000,163.000,-0.033333,0.383333,-0.923008,69.971,85.716,120.837,4551.0
Geremy_intento_4.mp4,88,293.333,True,264.000,255.000,0.000,270.000,164.000,0.025000,0.379167,-0.924991,69.726,83.827,120.506,4517.5
Geremy_intento_4.mp4,89,296.667,True,264.000,255.000,0.000,271.000,164.000,0.029167,0.379167,-0.924869,69.824,84.957,118.796,4529.5
Geremy_intento_4.mp4,90,300.000,True,264.000,255.000,0.000,271.000,164.000,0.029167,0.379167,-0.924869,69.796,84.990,118.781,4566.5
Geremy_intento_4.mp4,91,303.333,True,264.000,255.000,0.000,270.000,164.000,0.025000,0.379167,-0.924991,69.645,84.636,117.923,4555.5
Geremy_intento_4.mp4,92,306.667,True,264.000,255.000,0.000,260.000,163.000,-0.016667,0.383333,-0.923460,72.199,83.380,103.944,4570.5
Geremy_intento_4.mp4,93,310.000,True,264.000,255.000,0.000,243.000,162.000,-0.087500,0.387500,-0.917708,71.690,82.047,104.558,4423.5
Geremy_intento_4.mp4,94,313.333,True,264.000,255.000,0.000,235.000,162.000,-0.120833,0.387500,-0.913916,71.786,82.969,104.573,4458.5
Geremy_intento_4.mp4,95,316.667,True,264.000,255.000,0.000,235.000,162.000,-0.120833,0.387500,-0.913916,71.417,83.774,101.870,4460.0
Geremy_intento_4.mp4,96,320.000,True,264.000,255.000,0.000,235.000,162.000,-0.120833,0.387500,-0.913916,72.231,83.196,106.224,4523.0
Geremy_intento_4.mp4,97,323.333,True,264.000,255.000,0.000,235.000,162.000,-0.120833,0.387500,-0.913916,71.991,82.877,105.190,4480.5
Geremy_intento_4.mp4,98,326.667,True,264.000,255.000,0.000,235.000,161.000,-0.120833,0.391667,-0.912138,71.752,83.234,105.563,4476.5
Geremy_intento_4.mp4,99,330.000,True,264.000,255.000,0.000,235.000,161.000,-0.120833,0.391667,-0.912138,71.955,83.522,106.764,4481.0
Geremy_intento_4.mp4,100,333.333,True,264.000,255.000,0.000,235.000,161.000,-0.120833,0.391667,-0.912138,71.570,83.738,103.558,4484.0
Geremy_intento_4.mp4,101,336.667,True,264.000,255.000,0.000,235.000,161.000,-0.120833,0.391667,-0.912138,71.375,82.566,106.641,4451.5
Geremy_intento_4.mp4,102,340.000,True,264.000,255.000,0.000,234.000,161.000,-0.125000,0.391667,-0.911577,71.970,81.752,102.547,4403.0
Geremy_intento_4.mp4,103,343.333,True,264.000,255.000,0.000,233.000,161.000,-0.129167,0.391667,-0.910996,71.318,82.088,100.079,4380.0
Geremy_intento_4.mp4,104,346.667,True,264.000,255.000,0.000,233.000,161.000,-0.129167,0.391667,-0.910996,71.506,81.289,101.452,4357.0
Geremy_intento_4.mp4,105,350.000,True,264.000,255.000,0.000,233.000,161.000,-0.129167,0.391667,-0.910996,71.090,81.286,100.991,4337.5
Geremy_intento_4.mp4,106,353.333,True,264.000,255.000,0.000,232.000,161.000,-0.133333,0.391667,-0.910395,70.983,81.494,97.654,4319.5
Geremy_intento_4.mp4,107,356.667,True,264.000,255.000,0.000,232.000,161.000,-0.133333,0.391667,-0.910395,70.842,80.834,97.263,4295.0
Geremy_intento_4.mp4,108,360.000,True,264.000,255.000,0.000,232.000,161.000,-0.133333,0.391667,-0.910395,70.732,81.078,100.477,4293.0
Geremy_intento_4.mp4,109,363.333,True,264.000,255.000,0.000,232.000,161.000,-0.133333,0.391667,-0.910395,69.648,81.142,97.895,4236.5
Geremy_intento_4.mp4,110,366.667,True,264.000,255.000,0.000,232.000,161.000,-0.133333,0.391667,-0.910395,69.681,79.603,100.426,4215.5
Geremy_intento_4.mp4,111,370.000,True,264.000,255.000,0.000,232.000,161.000,-0.133333,0.391667,-0.910395,70.331,78.822,99.557,4239.5
Geremy_intento_4.mp4,112,373.333,True,264.000,255.000,0.000,232.000,161.000,-0.133333,0.391667,-0.910395,69.974,79.200,101.216,4225.5
Geremy_intento_4.mp4,113,376.667,True,264.000,255.000,0.000,232.000,161.000,-0.133333,0.391667,-0.910395,70.497,78.708,99.408,4230.0
Geremy_intento_4.mp4,114,380.000,True,264.000,255.000,0.000,231.000,161.000,-0.137500,0.391667,-0.909775,69.933,81.906,96.586,4246.5
Geremy_intento_4.mp4,115,383.333,True,264.000,255.000,0.000,231.000,161.000,-0.137500,0.391667,-0.909775,70.372,80.815,99.482,4271.5
Geremy_intento_4.mp4,116,386.667,True,264.000,255.000,0.000,232.000,160.000,-0.133333,0.395833,-0.908591,70.916,80.442,98.857,4258.0
Geremy_intento_4.mp4,117,390.000,True,264.000,255.000,0.000,232.000,160.000,-0.133333,0.395833,-0.908591,71.261,79.563,104.279,4280.5
Geremy_intento_4.mp4,118,393.333,True,264.000,255.000,0.000,231.000,160.000,-0.137500,0.395833,-0.907970,70.584,80.244,99.830,4237.5
Geremy_intento_4.mp4,119,396.667,True,264.000,255.000,0.000,231.000,161.000,-0.137500,0.391667,-0.909775,70.965,80.239,99.990,4251.5
Geremy_intento_4.mp4,120,400.000,True,264.000,255.000,0.000,231.000,161.000,-0.137500,0.391667,-0.909775,70.813,81.041,100.204,4270.5
Geremy_intento_4.mp4,121,403.333,True,264.000,255.000,0.000,231.000,160.000,-0.137500,0.395833,-0.907970,71.721,78.829,105.643,4282.0
Geremy_intento_4.mp4,122,406.667,True,264.000,255.000,0.000,232.000,160.000,-0.133333,0.395833,-0.908591,71.476,80.401,104.265,4309.5
Geremy_intento_4.mp4,123,410.000,True,264.000,254.000,0.000,232.000,160.000,-0.133333,0.391667,-0.910395,72.031,80.206,101.886,4323.0
Geremy_intento_4.mp4,124,413.333,True,264.000,254.000,0.000,232.000,160.000,-0.133333,0.391667,-0.910395,72.131,80.691,103.774,4350.0
Geremy_intento_4.mp4,125,416.667,True,264.000,254.000,0.000,232.000,160.000,-0.133333,0.391667,-0.910395,72.763,80.816,106.098,4380.5
Geremy_intento_4.mp4,126,420.000,True,264.000,254.000,0.000,232.000,160.000,-0.133333,0.391667,-0.910395,72.272,81.383,106.541,4374.5
Geremy_intento_4.mp4,127,423.333,True,264.000,254.000,0.000,232.000,160.000,-0.133333,0.391667,-0.910395,72.750,81.340,111.416,4409.0
Geremy_intento_4.mp4,128,426.667,True,264.000,254.000,0.000,232.000,160.000,-0.133333,0.391667,-0.910395,73.735,80.685,111.946,4438.0
Geremy_intento_4.mp4,129,430.000,True,264.000,254.000,0.000,231.000,160.000,-0.137500,0.391667,-0.909775,73.689,82.491,105.906,4489.5
Geremy_intento_4.mp4,130,433.333,True,264.000,254.000,0.000,232.000,161.000,-0.133333,0.387500,-0.912177,73.159,83.629,116.115,4575.5
Geremy_intento_4.mp4,131,436.667,True,264.000,254.000,0.000,257.000,170.000,-0.029167,0.350000,-0.936296,72.662,98.434,132.657,5202.5
Geremy_intento_4.mp4,132,440.000,True,264.000,254.000,0.000,296.000,186.000,0.133333,0.283333,-0.949708,72.451,96.062,142.582,4935.5
Geremy_intento_4.mp4,133,443.333,True,264.000,254.000,0.000,314.000,194.000,0.208333,0.250000,-0.945567,72.895,91.842,144.645,5157.5
Geremy_intento_4.mp4,134,446.667,True,264.000,254.000,0.000,317.000,195.000,0.220833,0.245833,-0.943821,72.617,91.468,145.181,5104.5
Geremy_intento_4.mp4,135,450.000,True,264.000,254.000,0.000,317.000,194.000,0.220833,0.250000,-0.942726,72.244,92.111,145.404,5101.5
Geremy_intento_4.mp4,136,453.333,True,264.000,254.000,0.000,317.000,194.000,0.220833,0.250000,-0.942726,71.515,92.276,145.015,5077.5
Geremy_intento_4.mp4,137,456.667,True,264.000,254.000,0.000,317.000,194.000,0.220833,0.250000,-0.942726,71.929,91.738,144.568,5089.0
Geremy_intento_4.mp4,138,460.000,True,264.000,254.000,0.000,316.000,194.000,0.216667,0.250000,-0.943693,71.835,91.754,146.636,5092.5
Geremy_intento_4.mp4,139,463.333,False,264.000,254.000,,,,,,,,,,
Geremy_intento_4.mp4,140,466.667,False,264.000,254.000,,,,,,,,,,
Geremy_intento_4.mp4,141,470.000,False,264.000,254.000,,,,,,,,,,
Geremy_intento_4.mp4,142,473.333,True,263.000,254.000,0.000,316.000,193.000,0.220833,0.254167,-0.941611,71.600,88.909,143.713,4660.0
Geremy_intento_4.mp4,143,476.667,True,263.000,254.000,0.000,317.000,191.000,0.225000,0.262500,-0.938333,68.806,91.258,146.707,4849.5
Geremy_intento_4.mp4,144,480.000,True,263.000,254.000,0.000,317.000,191.000,0.225000,0.262500,-0.938333,69.017,89.702,144.696,4785.0
Geremy_intento_4.mp4,145,483.333,True,263.000,254.000,0.000,317.000,192.000,0.225000,0.258333,-0.939489,68.939,88.646,147.223,4732.5
Geremy_intento_4.mp4,146,486.667,True,263.000,254.000,0.000,318.000,193.000,0.229167,0.254167,-0.939618,68.546,88.693,146.196,4703.5
Geremy_intento_4.mp4,147,490.000,True,263.000,254.000,0.000,318.000,193.000,0.229167,0.254167,-0.939618,68.570,88.552,146.618,4699.0
Geremy_intento_4.mp4,148,493.333,True,263.000,254.000,0.000,318.000,193.000,0.229167,0.254167,-0.939618,68.609,88.683,146.234,4692.0
Geremy_intento_4.mp4,149,496.667,True,263.000,254.000,0.000,318.000,193.000,0.229167,0.254167,-0.939618,68.380,88.148,146.501,4663.5
Geremy_intento_4.mp4,150,500.000,True,263.000,254.000,0.000,318.000,193.000,0.229167,0.254167,-0.939618,68.986,88.581,146.315,4720.5
Geremy_intento_4.mp4,151,503.333,True,263.000,254.000,0.000,311.000,194.000,0.200000,0.250000,-0.947365,75.551,89.434,149.417,5204.5
Geremy_intento_4.mp4,152,506.667,True,263.000,254.000,0.000,302.000,197.000,0.162500,0.237500,-0.957699,76.606,92.028,148.301,5329.0
Geremy_intento_4.mp4,153,510.000,True,263.000,254.000,0.000,300.000,197.000,0.154167,0.237500,-0.959076,76.112,92.721,148.106,5382.0
Geremy_intento_4.mp4,154,513.333,True,263.000,254.000,0.000,301.000,197.000,0.158333,0.237500,-0.958397,76.970,92.775,149.428,5405.5
Geremy_intento_4.mp4,155,516.667,True,263.000,254.000,0.000,304.000,197.000,0.170833,0.237500,-0.956248,73.171,94.094,145.193,5316.0
Geremy_intento_4.mp4,156,520.000,True,263.000,254.000,0.000,313.000,196.000,0.208333,0.241667,-0.947731,70.078,90.714,145.403,4887.5
Geremy_intento_4.mp4,157,523.333,True,263.000,254.000,0.000,318.000,195.000,0.229167,0.245833,-0.941833,69.322,89.811,145.300,4798.5
Geremy_intento_4.mp4,158,526.667,True,263.000,254.000,0.000,318.000,194.000,0.229167,0.250000,-0.940735,68.835,89.130,144.848,4726.5
Geremy_intento_4.mp4,159,530.000,True,263.000,254.000,0.000,318.000,194.000,0.229167,0.250000,-0.940735,67.995,88.600,143.781,4649.5
Geremy_intento_4.mp4,160,533.333,True,263.000,254.000,0.000,318.000,194.000,0.229167,0.250000,-0.940735,68.005,87.620,143.604,4587.0
Geremy_intento_4.mp4,161,536.667,True,263.000,254.000,0.000,318.000,194.000,0.229167,0.250000,-0.940735,67.149,87.154,143.091,4506.0
Geremy_intento_4.mp4,162,540.000,True,263.000,254.000,0.000,318.000,194.000,0.229167,0.250000,-0.940735,67.339,86.840,142.989,4491.5
Geremy_intento_4.mp4,163,543.333,True,263.000,254.000,0.000,318.000,193.000,0.229167,0.254167,-0.939618,66.755,86.325,143.061,4446.0
Geremy_intento_4.mp4,164,546.667,True,263.000,254.000,0.000,318.000,193.000,0.229167,0.254167,-0.939618,66.765,86.307,141.855,4442.0
Geremy_intento_4.mp4,165,550.000,True,263.000,254.000,0.000,318.000,193.000,0.229167,0.254167,-0.939618,66.871,87.308,142.080,4480.0
Geremy_intento_4.mp4,166,553.333,True,263.000,254.000,0.000,318.000,193.000,0.229167,0.254167,-0.939618,66.930,86.945,143.797,4488.5
Geremy_intento_4.mp4,167,556.667,True,263.000,254.000,0.000,318.000,193.000,0.229167,0.254167,-0.939618,66.533,86.500,142.611,4434.0
Geremy_intento_4.mp4,168,560.000,True,263.000,254.000,0.000,317.000,193.000,0.225000,0.254167,-0.940624,66.740,85.915,141.733,4422.5
Geremy_intento_4.mp4,169,563.333,True,263.000,254.000,0.000,316.000,192.000,0.220833,0.258333,-0.940477,66.764,86.366,141.459,4445.0
Geremy_intento_4.mp4,170,566.667,True,263.000,254.000,0.000,316.000,192.000,0.220833,0.258333,-0.940477,66.850,85.946,141.130,4447.0
Geremy_intento_4.mp4,171,570.000,True,263.000,254.000,0.000,316.000,192.000,0.220833,0.258333,-0.940477,66.768,86.101,140.810,4420.0
Geremy_intento_4.mp4,172,573.333,True,263.000,254.000,0.000,316.000,191.000,0.220833,0.262500,-0.939322,66.441,86.161,141.702,4418.0
Geremy_intento_4.mp4,173,576.667,True,263.000,254.000,0.000,316.000,191.000,0.220833,0.262500,-0.939322,66.415,85.860,140.257,4391.5
Geremy_intento_4.mp4,174,580.000,True,263.000,254.000,0.000,316.000,191.000,0.220833,0.262500,-0.939322,66.325,85.915,140.978,4388.5
Geremy_intento_4.mp4,175,583.333,True,263.000,254.000,0.000,316.000,191.000,0.220833,0.262500,-0.939322,66.411,85.131,141.547,4371.0
Geremy_intento_4.mp4,176,586.667,True,263.000,254.000,0.000,316.000,191.000,0.220833,0.262500,-0.939322,66.697,85.023,140.953,4369.5
Geremy_intento_4.mp4,177,590.000,True,263.000,254.000,0.000,316.000,191.000,0.220833,0.262500,-0.939322,66.550,85.113,140.893,4399.5
Geremy_intento_4.mp4,178,593.333,True,263.000,254.000,0.000,316.000,191.000,0.220833,0.262500,-0.939322,66.602,85.393,140.498,4398.5
Geremy_intento_4.mp4,179,596.667,True,263.000,254.000,0.000,316.000,191.000,0.220833,0.262500,-0.939322,66.563,85.717,141.813,4421.5
Geremy_intento_4.mp4,180,600.000,True,263.000,253.000,0.000,316.000,191.000,0.220833,0.258333,-0.940477,66.508,85.860,141.310,4423.0
Geremy_intento_4.mp4,181,603.333,True,263.000,253.000,0.000,316.000,191.000,0.220833,0.258333,-0.940477,66.829,85.780,140.399,4428.5
Geremy_intento_4.mp4,182,606.667,True,263.000,253.000,0.000,315.000,191.000,0.216667,0.258333,-0.941445,66.477,85.925,140.617,4426.0
Geremy_intento_4.mp4,183,610.000,True,263.000,253.000,0.000,315.000,191.000,0.216667,0.258333,-0.941445,66.535,85.594,140.385,4386.0
Geremy_intento_4.mp4,184,613.333,True,263.000,253.000,0.000,315.000,190.000,0.216667,0.262500,-0.940292,66.352,86.007,140.042,4414.0
Geremy_intento_4.mp4,185,616.667,True,263.000,253.000,0.000,315.000,190.000,0.216667,0.262500,-0.940292,66.376,85.366,141.454,4397.5
Geremy_intento_4.mp4,186,620.000,True,263.000,253.000,0.000,315.000,190.000,0.216667,0.262500,-0.940292,66.361,85.421,141.904,4399.5
Geremy_intento_4.mp4,187,623.333,True,263.000,253.000,0.000,315.000,190.000,0.216667,0.262500,-0.940292,66.308,85.045,141.471,4384.0
Geremy_intento_4.mp4,188,626.667,True,263.000,253.000,0.000,316.000,191.000,0.220833,0.258333,-0.940477,66.681,85.282,141.273,4402.5
Geremy_intento_4.mp4,189,630.000,True,263.000,253.000,0.000,312.000,191.000,0.204167,0.258333,-0.944235,69.873,83.269,144.986,4525.0
Geremy_intento_4.mp4,190,633.333,True,263.000,253.000,0.000,288.000,190.000,0.104167,0.262500,-0.959293,77.703,83.728,138.236,4843.0
Geremy_intento_4.mp4,191,636.667,True,263.000,253.000,0.000,253.000,191.000,-0.041667,0.258333,-0.965157,82.142,86.059,103.807,5052.5
Geremy_intento_4.mp4,192,640.000,True,263.000,253.000,0.000,238.000,192.000,-0.104167,0.254167,-0.961535,82.281,87.092,102.743,5103.0
Geremy_intento_4.mp4,193,643.333,True,263.000,253.000,0.000,238.000,192.000,-0.104167,0.254167,-0.961535,81.622,87.320,107.821,5075.5
Geremy_intento_4.mp4,194,646.667,True,263.000,253.000,0.000,237.000,192.000,-0.108333,0.254167,-0.961074,83.293,88.450,103.864,5154.5
Geremy_intento_4.mp4,195,650.000,True,263.000,253.000,0.000,237.000,192.000,-0.108333,0.254167,-0.961074,83.253,88.572,106.881,5193.0
Geremy_intento_4.mp4,196,653.333,True,263.000,253.000,0.000,237.000,192.000,-0.108333,0.254167,-0.961074,84.231,88.130,103.628,5193.5
Geremy_intento_4.mp4,197,656.667,True,263.000,253.000,0.000,236.000,192.000,-0.112500,0.254167,-0.960595,82.629,89.179,103.800,5254.0
Geremy_intento_4.mp4,198,660.000,True,263.000,253.000,0.000,235.000,192.000,-0.116667,0.254167,-0.960098,83.801,88.981,101.531,5220.0
Geremy_intento_4.mp4,199,663.333,True,263.000,253.000,0.000,235.000,192.000,-0.116667,0.254167,-0.960098,84.119,88.897,106.952,5242.5
Geremy_intento_4.mp4,200,666.667,True,263.000,253.000,0.000,235.000,192.000,-0.116667,0.254167,-0.960098,85.373,87.753,96.919,5241.5
Geremy_intento_4.mp4,201,670.000,True,263.000,253.000,0.000,235.000,191.000,-0.116667,0.258333,-0.958985,83.542,88.586,107.589,5249.5
Geremy_intento_4.mp4,202,673.333,True,263.000,253.000,0.000,235.000,191.000,-0.116667,0.258333,-0.958985,82.492,88.221,100.363,5193.5
Geremy_intento_4.mp4,203,676.667,True,263.000,253.000,0.000,234.000,191.000,-0.120833,0.258333,-0.958469,83.065,88.384,84.306,5147.5
Geremy_intento_4.mp4,204,680.000,False,263.000,253.000,,,,,,,,,,
Geremy_intento_4.mp4,205,683.333,False,263.000,253.000,,,,,,,,,,
Geremy_intento_4.mp4,206,686.667,True,263.000,253.000,0.000,236.000,196.000,-0.112500,0.237500,-0.964851,53.717,108.833,77.228,3653.0
Geremy_intento_4.mp4,207,690.000,True,263.000,253.000,0.000,236.000,195.000,-0.112500,0.241667,-0.963816,74.226,92.776,84.563,4648.5
Geremy_intento_4.mp4,208,693.333,True,263.000,253.000,0.000,234.000,189.000,-0.120833,0.266667,-0.956184,81.759,87.255,113.642,5139.0
Geremy_intento_4.mp4,209,696.667,True,263.000,253.000,0.000,234.000,188.000,-0.120833,0.270833,-0.955012,80.061,87.042,103.227,5025.5
Geremy_intento_4.mp4,210,700.000,True,263.000,253.000,0.000,234.000,189.000,-0.120833,0.266667,-0.956184,80.631,87.808,101.851,5053.5
Geremy_intento_4.mp4,211,703.333,True,263.000,253.000,0.000,234.000,189.000,-0.120833,0.266667,-0.956184,80.489,86.247,104.152,5045.0
Geremy_intento_4.mp4,212,706.667,True,263.000,253.000,0.000,234.000,189.000,-0.120833,0.266667,-0.956184,80.088,89.529,98.252,5060.5
Geremy_intento_4.mp4,213,710.000,True,263.000,253.000,0.000,234.000,189.000,-0.120833,0.266667,-0.956184,82.276,86.891,101.956,5084.5
Geremy_intento_4.mp4,214,713.333,True,263.000,253.000,0.000,234.000,190.000,-0.120833,0.262500,-0.957336,82.623,88.036,98.215,5106.0
Geremy_intento_4.mp4,215,716.667,True,263.000,253.000,0.000,234.000,190.000,-0.120833,0.262500,-0.957336,81.619,88.771,107.747,5140.0
Geremy_intento_4.mp4,216,720.000,True,263.000,253.000,0.000,234.000,190.000,-0.120833,0.262500,-0.957336,82.846,89.962,96.969,5191.5
Geremy_intento_4.mp4,217,723.333,True,263.000,253.000,0.000,234.000,190.000,-0.120833,0.262500,-0.957336,84.307,88.218,98.729,5217.0
Geremy_intento_4.mp4,218,726.667,True,263.000,253.000,0.000,234.000,190.000,-0.120833,0.262500,-0.957336,83.596,89.492,97.693,5234.0
Geremy_intento_4.mp4,219,730.000,True,263.000,253.000,0.000,234.000,190.000,-0.120833,0.262500,-0.957336,84.338,88.832,97.943,5252.0
Geremy_intento_4.mp4,220,733.333,True,263.000,253.000,0.000,234.000,190.000,-0.120833,0.262500,-0.957336,84.365,90.341,94.047,5283.5
Geremy_intento_4.mp4,221,736.667,True,263.000,253.000,0.000,234.000,190.000,-0.120833,0.262500,-0.957336,83.202,89.249,92.875,5217.0
Geremy_intento_4.mp4,222,740.000,True,263.000,253.000,0.000,234.000,190.000,-0.120833,0.262500,-0.957336,84.741,87.810,94.950,5256.0
Geremy_intento_4.mp4,223,743.333,True,263.000,253.000,0.000,234.000,190.000,-0.120833,0.262500,-0.957336,83.432,90.003,96.988,5237.5
Geremy_intento_4.mp4,224,746.667,True,263.000,253.000,0.000,235.000,190.000,-0.116667,0.262500,-0.957853,83.177,88.521,103.414,5208.5
Geremy_intento_4.mp4,225,750.000,True,263.000,252.000,0.000,236.000,190.000,-0.112500,0.258333,-0.959483,82.624,88.238,109.677,5190.0
Geremy_intento_4.mp4,226,753.333,True,263.000,252.000,0.000,236.000,190.000,-0.112500,0.258333,-0.959483,83.096,86.805,115.417,5135.0
Geremy_intento_4.mp4,227,756.667,True,263.000,252.000,0.000,236.000,190.000,-0.112500,0.258333,-0.959483,81.816,88.278,101.892,5142.0
Geremy_intento_4.mp4,228,760.000,True,263.000,252.000,0.000,235.000,190.000,-0.116667,0.258333,-0.958985,82.968,87.380,105.131,5126.0
Geremy_intento_4.mp4,229,763.333,True,263.000,252.000,0.000,235.000,190.000,-0.116667,0.258333,-0.958985,82.193,88.107,102.671,5093.5
Geremy_intento_4.mp4,230,766.667,True,263.000,252.000,0.000,235.000,190.000,-0.116667,0.258333,-0.958985,81.289,87.945,98.763,5057.5
Geremy_intento_4.mp4,231,770.000,True,263.000,252.000,0.000,234.000,190.000,-0.120833,0.258333,-0.958469,80.355,87.638,90.729,5020.0
Geremy_intento_4.mp4,232,773.333,False,263.000,252.000,,,,,,,,,,
Geremy_intento_4.mp4,233,776.667,False,263.000,252.000,,,,,,,,,,
Geremy_intento_4.mp4,234,780.000,False,263.000,252.000,,,,,,,,,,
Geremy_intento_4.mp4,235,783.333,False,263.000,252.000,,,,,,,,,,
Geremy_intento_4.mp4,236,786.667,True,263.000,252.000,0.000,234.000,192.000,-0.120833,0.250000,-0.960676,65.394,93.617,78.067,4218.5
Geremy_intento_4.mp4,237,790.000,True,263.000,252.000,0.000,233.000,191.000,-0.125000,0.254167,-0.959049,79.266,89.920,92.322,4991.0
Geremy_intento_4.mp4,238,793.333,True,263.000,252.000,0.000,232.000,187.000,-0.129167,0.270833,-0.953921,81.972,87.588,112.790,5160.5
Geremy_intento_4.mp4,239,796.667,True,263.000,252.000,0.000,232.000,188.000,-0.129167,0.266667,-0.955094,80.372,87.235,93.993,5083.5
Geremy_intento_4.mp4,240,800.000,True,263.000,252.000,0.000,232.000,188.000,-0.129167,0.266667,-0.955094,79.210,87.231,104.680,5021.0
Geremy_intento_4.mp4,241,803.333,True,263.000,252.000,0.000,233.000,188.000,-0.125000,0.266667,-0.955648,80.674,86.886,94.922,5038.5
Geremy_intento_4.mp4,242,806.667,True,263.000,252.000,0.000,232.000,189.000,-0.129167,0.262500,-0.956248,80.265,88.544,94.340,5080.0
Geremy_intento_4.mp4,243,810.000,True,263.000,252.000,0.000,232.000,189.000,-0.129167,0.262500,-0.956248,81.056,87.251,95.034,5073.5
Geremy_intento_4.mp4,244,813.333,True,263.000,252.000,0.000,233.000,189.000,-0.125000,0.262500,-0.956801,81.492,87.418,100.454,5078.0
Geremy_intento_4.mp4,245,816.667,True,263.000,252.000,0.000,233.000,188.000,-0.125000,0.266667,-0.955648,80.678,87.969,103.844,5109.0
Geremy_intento_4.mp4,246,820.000,True,263.000,252.000,0.000,233.000,188.000,-0.125000,0.266667,-0.955648,82.384,88.608,99.055,5110.0
Geremy_intento_4.mp4,247,823.333,True,263.000,252.000,0.000,243.000,182.000,-0.083333,0.291667,-0.952883,73.122,87.658,124.687,4779.0
Geremy_intento_4.mp4,248,826.667,True,263.000,252.000,0.000,260.000,171.000,-0.012500,0.337500,-0.941243,69.440,85.742,122.776,4520.0
Geremy_intento_4.mp4,249,830.000,True,263.000,252.000,0.000,266.000,166.000,0.012500,0.358333,-0.933510,69.180,85.577,120.698,4527.5
Geremy_intento_4.mp4,250,833.333,True,263.000,252.000,0.000,267.000,166.000,0.016667,0.358333,-0.933445,68.181,84.336,120.785,4483.5
Geremy_intento_4.mp4,251,836.667,True,263.000,252.000,0.000,267.000,166.000,0.016667,0.358333,-0.933445,67.873,84.906,119.683,4450.5
Geremy_intento_4.mp4,252,840.000,True,263.000,252.000,0.000,269.000,166.000,0.025000,0.358333,-0.933259,68.026,83.443,121.588,4440.5
Geremy_intento_4.mp4,253,843.333,True,263.000,252.000,0.000,270.000,167.000,0.029167,0.354167,-0.934727,67.844,83.913,120.732,4413.0
Geremy_intento_4.mp4,254,846.667,True,263.000,252.000,0.000,270.000,166.000,0.029167,0.358333,-0.933138,67.556,83.270,120.131,4378.5
Geremy_intento_4.mp4,255,850.000,True,263.000,252.000,0.000,270.000,166.000,0.029167,0.358333,-0.933138,67.217,82.636,118.336,4318.5
Geremy_intento_4.mp4,256,853.333,True,263.000,252.000,0.000,270.000,166.000,0.029167,0.358333,-0.933138,66.984,82.479,119.293,4307.5
Geremy_intento_4.mp4,257,856.667,True,263.000,252.000,0.000,270.000,166.000,0.029167,0.358333,-0.933138,67.046,82.460,119.036,4307.0
Geremy_intento_4.mp4,258,860.000,True,263.000,252.000,0.000,270.000,166.000,0.029167,0.358333,-0.933138,66.515,82.081,119.758,4252.0
Geremy_intento_4.mp4,259,863.333,True,263.000,252.000,0.000,270.000,166.000,0.029167,0.358333,-0.933138,66.790,82.339,118.702,4237.5
Geremy_intento_4.mp4,260,866.667,True,263.000,252.000,0.000,270.000,166.000,0.029167,0.358333,-0.933138,66.692,82.191,117.718,4274.0
Geremy_intento_4.mp4,261,870.000,True,263.000,252.000,0.000,270.000,166.000,0.029167,0.358333,-0.933138,66.758,82.151,117.294,4248.0
Geremy_intento_4.mp4,262,873.333,True,263.000,252.000,0.000,270.000,166.000,0.029167,0.358333,-0.933138,66.708,81.918,118.023,4259.0
Geremy_intento_4.mp4,263,876.667,True,263.000,252.000,0.000,270.000,166.000,0.029167,0.358333,-0.933138,66.592,81.964,118.434,4274.5
Geremy_intento_4.mp4,264,880.000,True,263.000,252.000,0.000,270.000,166.000,0.029167,0.358333,-0.933138,66.634,82.056,118.348,4251.0
Geremy_intento_4.mp4,265,883.333,True,263.000,252.000,0.000,270.000,166.000,0.029167,0.358333,-0.933138,66.667,81.890,118.830,4245.0
Geremy_intento_4.mp4,266,886.667,True,263.000,252.000,0.000,269.000,166.000,0.025000,0.358333,-0.933259,67.047,81.990,117.723,4276.0
Geremy_intento_4.mp4,267,890.000,True,263.000,252.000,0.000,270.000,167.000,0.029167,0.354167,-0.934727,60.957,74.714,93.093,3504.0
Geremy_intento_4.mp4,268,893.333,True,263.000,252.000,0.000,274.000,172.000,0.045833,0.333333,-0.941694,37.005,65.948,80.300,1787.5
Geremy_intento_4.mp4,269,896.667,True,262.000,252.000,0.000,273.000,172.000,0.045833,0.333333,-0.941694,58.356,75.825,92.241,3268.0
Geremy_intento_4.mp4,270,900.000,True,262.000,252.000,0.000,269.000,166.000,0.029167,0.358333,-0.933138,65.574,80.334,120.079,4127.0
Geremy_intento_4.mp4,271,903.333,True,262.000,252.000,0.000,269.000,164.000,0.029167,0.366667,-0.929895,65.744,80.732,119.243,4142.5
Geremy_intento_4.mp4,272,906.667,True,262.000,252.000,0.000,270.000,165.000,0.033333,0.362500,-0.931387,66.590,81.579,118.750,4218.0
Geremy_intento_4.mp4,273,910.000,True,262.000,252.000,0.000,270.000,165.000,0.033333,0.362500,-0.931387,66.526,81.487,118.463,4219.5
Geremy_intento_4.mp4,274,913.333,True,262.000,252.000,0.000,271.000,166.000,0.037500,0.358333,-0.932840,66.642,81.619,119.182,4222.0
Geremy_intento_4.mp4,275,916.667,True,262.000,252.000,0.000,271.000,166.000,0.037500,0.358333,-0.932840,66.743,81.949,119.771,4234.0
Geremy_intento_4.mp4,276,920.000,True,262.000,252.000,0.000,271.000,166.000,0.037500,0.358333,-0.932840,66.982,81.820,118.723,4267.0
Geremy_intento_4.mp4,277,923.333,True,262.000,252.000,0.000,271.000,166.000,0.037500,0.358333,-0.932840,66.974,82.062,118.571,4278.0
Geremy_intento_4.mp4,278,926.667,True,262.000,252.000,0.000,270.000,166.000,0.033333,0.358333,-0.932998,67.518,82.373,118.278,4338.0
Geremy_intento_4.mp4,279,930.000,True,262.000,252.000,0.000,270.000,166.000,0.033333,0.358333,-0.932998,68.031,82.804,119.836,4380.0
Geremy_intento_4.mp4,280,933.333,True,262.000,252.000,0.000,270.000,166.000,0.033333,0.358333,-0.932998,68.084,82.976,119.392,4404.0
Geremy_intento_4.mp4,281,936.667,True,262.000,252.000,0.000,270.000,166.000,0.033333,0.358333,-0.932998,68.457,83.520,121.309,4450.0
Geremy_intento_4.mp4,282,940.000,True,262.000,252.000,0.000,270.000,166.000,0.033333,0.358333,-0.932998,67.972,83.333,118.787,4427.0
Geremy_intento_4.mp4,283,943.333,True,262.000,252.000,0.000,270.000,167.000,0.033333,0.354167,-0.934588,68.110,83.127,118.940,4429.5
Geremy_intento_4.mp4,284,946.667,True,262.000,252.000,0.000,270.000,167.000,0.033333,0.354167,-0.934588,68.163,83.822,119.180,4445.0
Geremy_intento_4.mp4,285,950.000,True,262.000,252.000,0.000,270.000,167.000,0.033333,0.354167,-0.934588,67.998,84.065,119.959,4445.0
Geremy_intento_4.mp4,286,953.333,True,262.000,252.000,0.000,270.000,167.000,0.033333,0.354167,-0.934588,68.505,84.322,119.220,4492.0
Geremy_intento_4.mp4,287,956.667,True,262.000,252.000,0.000,270.000,167.000,0.033333,0.354167,-0.934588,68.437,84.653,119.385,4497.5
Geremy_intento_4.mp4,288,960.000,True,262.000,252.000,0.000,270.000,167.000,0.033333,0.354167,-0.934588,68.490,84.630,120.103,4502.5
Geremy_intento_4.mp4,289,963.333,True,262.000,252.000,0.000,270.000,166.000,0.033333,0.358333,-0.932998,68.847,84.754,120.490,4542.5
Geremy_intento_4.mp4,290,966.667,True,262.000,252.000,0.000,270.000,166.000,0.033333,0.358333,-0.932998,68.894,84.877,120.139,4533.0
Geremy_intento_4.mp4,291,970.000,True,262.000,252.000,0.000,270.000,167.000,0.033333,0.354167,-0.934588,69.127,85.137,119.122,4585.0
Geremy_intento_4.mp4,292,973.333,True,262.000,252.000,0.000,270.000,167.000,0.033333,0.354167,-0.934588,69.264,85.422,119.336,4599.0
Geremy_intento_4.mp4,293,976.667,True,262.000,251.000,0.000,270.000,167.000,0.033333,0.350000,-0.936156,69.114,85.477,119.533,4587.0
Geremy_intento_4.mp4,294,980.000,True,262.000,251.000,0.000,270.000,167.000,0.033333,0.350000,-0.936156,68.881,85.272,120.132,4563.5
Geremy_intento_4.mp4,295,983.333,True,262.000,251.000,0.000,270.000,167.000,0.033333,0.350000,-0.936156,68.932,85.460,120.533,4569.0
Geremy_intento_4.mp4,296,986.667,True,262.000,251.000,0.000,270.000,167.000,0.033333,0.350000,-0.936156,68.765,85.430,120.697,4570.0
Geremy_intento_4.mp4,297,990.000,True,262.000,251.000,0.000,270.000,167.000,0.033333,0.350000,-0.936156,69.106,85.531,121.688,4587.0
Geremy_intento_4.mp4,298,993.333,True,262.000,251.000,0.000,270.000,167.000,0.033333,0.350000,-0.936156,68.958,85.623,120.911,4597.5
Geremy_intento_4.mp4,299,996.667,True,262.000,251.000,0.000,270.000,167.000,0.033333,0.350000,-0.936156,69.282,86.515,120.001,4643.0
Geremy_intento_4.mp4,300,1000.000,True,262.000,251.000,0.000,270.000,167.000,0.033333,0.350000,-0.936156,69.136,86.789,120.183,4662.0
Geremy_intento_4.mp4,301,1003.333,True,262.000,251.000,0.000,270.000,167.000,0.033333,0.350000,-0.936156,69.455,86.259,120.079,4646.5
Geremy_intento_4.mp4,302,1006.667,True,262.000,251.000,0.000,270.000,167.000,0.033333,0.350000,-0.936156,70.010,86.389,120.481,4694.5
Geremy_intento_4.mp4,303,1010.000,True,262.000,251.000,0.000,270.000,167.000,0.033333,0.350000,-0.936156,70.227,86.845,121.707,4713.5
Geremy_intento_4.mp4,304,1013.333,True,262.000,251.000,0.000,270.000,167.000,0.033333,0.350000,-0.936156,70.389,87.332,122.716,4739.0
Geremy_intento_4.mp4,305,1016.667,True,262.000,251.000,0.000,270.000,167.000,0.033333,0.350000,-0.936156,70.578,87.824,121.830,4779.0
Geremy_intento_4.mp4,306,1020.000,True,262.000,251.000,0.000,270.000,167.000,0.033333,0.350000,-0.936156,70.953,87.959,122.694,4788.5
Geremy_intento_4.mp4,307,1023.333,True,262.000,251.000,0.000,270.000,167.000,0.033333,0.350000,-0.936156,70.763,87.830,124.012,4799.5
Geremy_intento_4.mp4,308,1026.667,True,262.000,251.000,0.000,271.000,166.000,0.037500,0.354167,-0.934430,69.521,88.135,124.219,4721.5
Geremy_intento_4.mp4,309,1030.000,True,262.000,251.000,0.000,282.000,161.000,0.083333,0.375000,-0.923272,57.041,86.573,119.404,3814.5
Geremy_intento_4.mp4,310,1033.333,True,262.000,251.000,0.000,295.000,155.000,0.137500,0.400000,-0.906142,56.087,85.235,121.326,3711.0
Geremy_intento_4.mp4,311,1036.667,True,262.000,251.000,0.000,298.000,155.000,0.150000,0.400000,-0.904157,55.623,85.543,121.014,3700.0
Geremy_intento_4.mp4,312,1040.000,True,262.000,251.000,0.000,298.000,155.000,0.150000,0.400000,-0.904157,55.582,85.527,121.408,3691.0
Geremy_intento_4.mp4,313,1043.333,True,262.000,251.000,0.000,299.000,154.000,0.154167,0.404167,-0.901600,54.406,86.525,122.281,3647.0
Geremy_intento_4.mp4,314,1046.667,True,262.000,251.000,0.000,301.000,154.000,0.162500,0.404167,-0.900135,54.479,86.045,123.056,3583.0
Geremy_intento_4.mp4,315,1050.000,True,262.000,251.000,0.000,301.000,154.000,0.162500,0.404167,-0.900135,54.151,85.883,122.092,3622.5
Geremy_intento_4.mp4,316,1053.333,True,262.000,251.000,0.000,301.000,155.000,0.162500,0.400000,-0.901994,54.597,85.694,122.877,3604.5
Geremy_intento_4.mp4,317,1056.667,True,262.000,251.000,0.000,302.000,155.000,0.166667,0.400000,-0.901234,54.142,85.418,122.473,3573.0
Geremy_intento_4.mp4,318,1060.000,True,262.000,251.000,0.000,302.000,154.000,0.166667,0.404167,-0.899373,53.126,84.292,122.748,3487.5
Geremy_intento_4.mp4,319,1063.333,True,262.000,251.000,0.000,302.000,154.000,0.166667,0.404167,-0.899373,53.335,83.773,122.690,3433.5
Geremy_intento_4.mp4,320,1066.667,True,262.000,251.000,0.000,302.000,154.000,0.166667,0.404167,-0.899373,52.435,82.999,122.328,3386.0
Geremy_intento_4.mp4,321,1070.000,True,262.000,251.000,0.000,302.000,154.000,0.166667,0.404167,-0.899373,52.114,81.839,121.500,3320.5
Geremy_intento_4.mp4,322,1073.333,True,262.000,251.000,0.000,302.000,154.000,0.166667,0.404167,-0.899373,51.742,81.111,121.877,3238.5
Geremy_intento_4.mp4,323,1076.667,True,262.000,251.000,0.000,302.000,154.000,0.166667,0.404167,-0.899373,51.048,80.378,121.585,3194.5
Geremy_intento_4.mp4,324,1080.000,True,262.000,251.000,0.000,302.000,154.000,0.166667,0.404167,-0.899373,50.906,79.798,122.020,3121.0
Geremy_intento_4.mp4,325,1083.333,True,262.000,251.000,0.000,302.000,154.000,0.166667,0.404167,-0.899373,50.391,78.941,121.256,3090.5
Geremy_intento_4.mp4,326,1086.667,True,262.000,251.000,0.000,302.000,153.000,0.166667,0.408333,-0.897489,49.017,77.904,121.901,2970.0
Geremy_intento_4.mp4,327,1090.000,True,262.000,251.000,0.000,303.000,153.000,0.170833,0.408333,-0.896705,49.115,77.782,121.654,2955.5
Geremy_intento_4.mp4,328,1093.333,True,262.000,251.000,0.000,303.000,154.000,0.170833,0.404167,-0.898591,48.843,77.508,121.858,2930.5
Geremy_intento_4.mp4,329,1096.667,True,262.000,251.000,0.000,303.000,153.000,0.170833,0.408333,-0.896705,48.722,77.362,121.784,2906.5
Geremy_intento_4.mp4,330,1100.000,True,262.000,251.000,0.000,303.000,153.000,0.170833,0.408333,-0.896705,48.566,76.885,121.067,2894.0
Geremy_intento_4.mp4,331,1103.333,True,262.000,251.000,0.000,303.000,153.000,0.170833,0.408333,-0.896705,48.561,77.166,121.570,2890.5
Geremy_intento_4.mp4,332,1106.667,True,262.000,251.000,0.000,303.000,153.000,0.170833,0.408333,-0.896705,48.809,77.048,121.745,2895.0
Geremy_intento_4.mp4,333,1110.000,True,262.000,251.000,0.000,303.000,153.000,0.170833,0.408333,-0.896705,48.884,77.211,122.002,2906.5
Geremy_intento_4.mp4,334,1113.333,True,262.000,251.000,0.000,303.000,153.000,0.170833,0.408333,-0.896705,48.827,77.242,121.862,2925.5
Geremy_intento_4.mp4,335,1116.667,True,262.000,251.000,0.000,303.000,153.000,0.170833,0.408333,-0.896705,49.068,77.847,121.885,2945.0
Geremy_intento_4.mp4,336,1120.000,True,262.000,251.000,0.000,302.000,153.000,0.166667,0.408333,-0.897489,49.677,77.123,120.633,2993.0
Geremy_intento_4.mp4,337,1123.333,True,262.000,251.000,0.000,297.000,153.000,0.145833,0.408333,-0.901108,52.965,79.294,117.594,3262.0
Geremy_intento_4.mp4,338,1126.667,True,262.000,251.000,0.000,293.000,153.000,0.129167,0.408333,-0.903648,53.387,79.261,117.257,3286.5
Geremy_intento_4.mp4,339,1130.000,True,262.000,251.000,0.000,293.000,153.000,0.129167,0.408333,-0.903648,54.267,79.588,118.628,3335.5
Geremy_intento_4.mp4,340,1133.333,True,262.000,251.000,0.000,293.000,153.000,0.129167,0.408333,-0.903648,53.697,79.802,118.073,3338.0
Geremy_intento_4.mp4,341,1136.667,True,262.000,251.000,0.000,294.000,153.000,0.133333,0.408333,-0.903043,54.106,80.439,118.736,3362.0
Geremy_intento_4.mp4,342,1140.000,True,262.000,251.000,0.000,298.000,153.000,0.150000,0.408333,-0.900424,51.159,80.103,120.665,3170.5
Geremy_intento_4.mp4,343,1143.333,True,262.000,251.000,0.000,301.000,153.000,0.162500,0.408333,-0.898253,51.071,80.489,120.875,3203.5
Geremy_intento_4.mp4,344,1146.667,True,262.000,251.000,0.000,301.000,153.000,0.162500,0.408333,-0.898253,51.740,80.631,120.688,3229.0
Geremy_intento_4.mp4,345,1150.000,True,262.000,251.000,0.000,302.000,153.000,0.166667,0.408333,-0.897489,51.850,80.622,121.426,3231.5
Geremy_intento_4.mp4,346,1153.333,True,262.000,251.000,0.000,302.000,153.000,0.166667,0.408333,-0.897489,52.005,81.486,121.412,3258.0
Geremy_intento_4.mp4,347,1156.667,True,262.000,251.000,0.000,303.000,153.000,0.170833,0.408333,-0.896705,51.674,81.393,120.871,3268.0
Geremy_intento_4.mp4,348,1160.000,True,262.000,251.000,0.000,303.000,153.000,0.170833,0.408333,-0.896705,51.899,81.409,120.854,3258.0
Geremy_intento_4.mp4,349,1163.333,True,262.000,251.000,0.000,303.000,152.000,0.170833,0.412500,-0.894796,51.986,81.518,120.526,3296.5
Geremy_intento_4.mp4,350,1166.667,True,262.000,251.000,0.000,303.000,152.000,0.170833,0.412500,-0.894796,52.172,82.128,120.826,3320.0
Geremy_intento_4.mp4,351,1170.000,True,262.000,251.000,0.000,303.000,153.000,0.170833,0.408333,-0.896705,52.559,81.838,121.139,3345.5
Geremy_intento_4.mp4,352,1173.333,True,262.000,251.000,0.000,304.000,153.000,0.175000,0.408333,-0.895901,53.256,82.729,122.193,3385.0
Geremy_intento_4.mp4,353,1176.667,True,262.000,251.000,0.000,304.000,153.000,0.175000,0.408333,-0.895901,53.678,82.894,122.481,3418.5
Geremy_intento_4.mp4,354,1180.000,True,262.000,251.000,0.000,305.000,153.000,0.179167,0.408333,-0.895077,54.401,82.768,122.404,3443.5
Geremy_intento_4.mp4,355,1183.333,True,262.000,251.000,0.000,302.000,153.000,0.166667,0.408333,-0.897489,56.455,81.303,119.697,3531.5
Geremy_intento_4.mp4,356,1186.667,True,262.000,251.000,0.000,288.000,154.000,0.108333,0.404167,-0.908247,65.305,81.217,113.218,4086.5
Geremy_intento_4.mp4,357,1190.000,True,262.000,251.000,0.000,276.000,155.000,0.058333,0.400000,-0.914657,64.165,82.947,113.289,4086.5
Geremy_intento_4.mp4,358,1193.333,True,262.000,251.000,0.000,276.000,155.000,0.058333,0.400000,-0.914657,64.502,83.887,113.424,4141.0
Geremy_intento_4.mp4,359,1196.667,True,262.000,251.000,0.000,276.000,155.000,0.058333,0.400000,-0.914657,65.134,84.033,112.272,4212.0
Geremy_intento_4.mp4,360,1200.000,True,262.000,251.000,0.000,276.000,155.000,0.058333,0.400000,-0.914657,64.518,83.924,113.093,4190.5
Geremy_intento_4.mp4,361,1203.333,True,262.000,251.000,0.000,276.000,155.000,0.058333,0.400000,-0.914657,65.144,83.955,113.317,4214.0
Geremy_intento_4.mp4,362,1206.667,True,262.000,251.000,0.000,276.000,154.000,0.058333,0.404167,-0.912823,64.741,84.693,114.131,4241.0
Geremy_intento_4.mp4,363,1210.000,True,262.000,251.000,0.000,276.000,154.000,0.058333,0.404167,-0.912823,65.261,84.696,114.099,4265.5
Geremy_intento_4.mp4,364,1213.333,True,262.000,251.000,0.000,276.000,155.000,0.058333,0.400000,-0.914657,66.033,85.011,113.289,4315.5
Geremy_intento_4.mp4,365,1216.667,True,262.000,251.000,0.000,276.000,155.000,0.058333,0.400000,-0.914657,66.450,85.712,113.343,4349.5
Geremy_intento_4.mp4,366,1220.000,True,262.000,251.000,0.000,277.000,155.000,0.062500,0.400000,-0.914382,66.443,85.522,112.249,4352.5
Geremy_intento_4.mp4,367,1223.333,True,262.000,251.000,0.000,276.000,155.000,0.058333,0.400000,-0.914657,66.630,85.450,112.710,4383.0
Geremy_intento_4.mp4,368,1226.667,True,262.000,251.000,0.000,261.000,156.000,-0.004167,0.395833,-0.918313,70.496,84.328,100.065,4427.0
Geremy_intento_4.mp4,369,1230.000,True,262.000,251.000,0.000,238.000,157.000,-0.100000,0.391667,-0.914657,72.125,82.326,99.330,4353.5
Geremy_intento_4.mp4,370,1233.333,True,262.000,251.000,0.000,231.000,158.000,-0.129167,0.387500,-0.912776,72.268,82.260,99.474,4361.0
Geremy_intento_4.mp4,371,1236.667,True,262.000,251.000,0.000,231.000,158.000,-0.129167,0.387500,-0.912776,72.983,84.188,94.661,4421.5
Geremy_intento_4.mp4,372,1240.000,True,262.000,251.000,0.000,232.000,157.000,-0.125000,0.391667,-0.911577,71.520,82.588,108.341,4423.5
Geremy_intento_4.mp4,373,1243.333,True,262.000,251.000,0.000,232.000,157.000,-0.125000,0.391667,-0.911577,74.081,85.832,92.010,4466.0
Geremy_intento_4.mp4,374,1246.667,True,262.000,251.000,0.000,231.000,158.000,-0.129167,0.387500,-0.912776,72.234,85.560,97.025,4456.5
Geremy_intento_4.mp4,375,1250.000,True,262.000,251.000,0.000,232.000,158.000,-0.125000,0.387500,-0.913356,72.685,85.899,95.655,4458.5
Geremy_intento_4.mp4,376,1253.333,True,262.000,251.000,0.000,232.000,158.000,-0.125000,0.387500,-0.913356,71.289,85.112,100.481,4439.0
Geremy_intento_4.mp4,377,1256.667,True,262.000,251.000,0.000,244.000,158.000,-0.075000,0.387500,-0.918814,68.981,89.058,109.340,4547.5
Geremy_intento_4.mp4,378,1260.000,True,262.000,251.000,0.000,256.000,159.000,-0.025000,0.383333,-0.923272,69.678,87.138,108.153,4548.0
Geremy_intento_4.mp4,379,1263.333,True,262.000,251.000,0.000,257.000,159.000,-0.020833,0.383333,-0.923375,69.400,86.704,108.996,4530.0
Geremy_intento_4.mp4,380,1266.667,True,262.000,251.000,0.000,257.000,159.000,-0.020833,0.383333,-0.923375,69.409,87.127,109.707,4534.0
Geremy_intento_4.mp4,381,1270.000,True,262.000,251.000,0.000,257.000,159.000,-0.020833,0.383333,-0.923375,69.427,86.687,109.889,4540.0
Geremy_intento_4.mp4,382,1273.333,True,262.000,251.000,0.000,257.000,159.000,-0.020833,0.383333,-0.923375,69.299,86.260,109.358,4552.0
Geremy_intento_4.mp4,383,1276.667,True,262.000,251.000,0.000,251.000,159.000,-0.045833,0.383333,-0.922472,69.836,85.660,100.728,4513.0
Geremy_intento_4.mp4,384,1280.000,True,262.000,251.000,0.000,240.000,160.000,-0.091667,0.379167,-0.920777,70.526,82.367,103.339,4375.0
Geremy_intento_4.mp4,385,1283.333,True,262.000,251.000,0.000,236.000,159.000,-0.108333,0.383333,-0.917235,70.142,83.085,104.626,4369.0
Geremy_intento_4.mp4,386,1286.667,True,262.000,251.000,0.000,235.000,159.000,-0.112500,0.383333,-0.916733,70.487,84.168,101.131,4409.0
Geremy_intento_4.mp4,387,1290.000,True,262.000,251.000,0.000,235.000,159.000,-0.112500,0.383333,-0.916733,70.225,83.663,103.085,4404.5
Geremy_intento_4.mp4,388,1293.333,True,262.000,251.000,0.000,236.000,159.000,-0.108333,0.383333,-0.917235,70.107,83.082,104.185,4396.0
Geremy_intento_4.mp4,389,1296.667,True,262.000,251.000,0.000,237.000,159.000,-0.104167,0.383333,-0.917717,69.646,83.523,104.750,4391.0
Geremy_intento_4.mp4,390,1300.000,True,262.000,251.000,0.000,237.000,159.000,-0.104167,0.383333,-0.917717,69.752,83.058,105.061,4397.0
Geremy_intento_4.mp4,391,1303.333,True,262.000,251.000,0.000,237.000,159.000,-0.104167,0.383333,-0.917717,69.701,82.823,105.409,4384.0
Geremy_intento_4.mp4,392,1306.667,True,262.000,251.000,0.000,236.000,159.000,-0.108333,0.383333,-0.917235,69.510,82.532,104.018,4325.5
Geremy_intento_4.mp4,393,1310.000,True,262.000,251.000,0.000,235.000,159.000,-0.112500,0.383333,-0.916733,69.343,83.634,102.820,4326.5
Geremy_intento_4.mp4,394,1313.333,True,262.000,251.000,0.000,236.000,158.000,-0.108333,0.387500,-0.915482,69.289,82.877,102.872,4308.0
Geremy_intento_4.mp4,395,1316.667,True,262.000,251.000,0.000,237.000,158.000,-0.104167,0.387500,-0.915966,68.926,82.091,104.380,4297.0
Geremy_intento_4.mp4,396,1320.000,True,262.000,251.000,0.000,237.000,158.000,-0.104167,0.387500,-0.915966,68.217,83.145,103.166,4272.5
Geremy_intento_4.mp4,397,1323.333,True,262.000,251.000,0.000,237.000,158.000,-0.104167,0.387500,-0.915966,68.409,81.502,103.284,4242.0
Geremy_intento_4.mp4,398,1326.667,True,262.000,251.000,0.000,237.000,158.000,-0.104167,0.387500,-0.915966,68.040,82.381,102.575,4232.5
Geremy_intento_4.mp4,399,1330.000,True,262.000,251.000,0.000,237.000,158.000,-0.104167,0.387500,-0.915966,67.611,81.645,101.742,4186.0
Geremy_intento_4.mp4,400,1333.333,True,262.000,251.000,0.000,237.000,158.000,-0.104167,0.387500,-0.915966,67.099,81.229,102.892,4137.0
Geremy_intento_4.mp4,401,1336.667,True,262.000,251.000,0.000,237.000,158.000,-0.104167,0.387500,-0.915966,66.914,80.730,103.666,4126.5
Geremy_intento_4.mp4,402,1340.000,True,262.000,251.000,0.000,237.000,158.000,-0.104167,0.387500,-0.915966,66.700,81.271,102.919,4126.5
Geremy_intento_4.mp4,403,1343.333,True,262.000,251.000,0.000,237.000,158.000,-0.104167,0.387500,-0.915966,66.644,80.988,103.924,4108.5
Geremy_intento_4.mp4,404,1346.667,True,262.000,251.000,0.000,237.000,158.000,-0.104167,0.387500,-0.915966,66.810,81.388,103.155,4126.0
Geremy_intento_4.mp4,405,1350.000,True,262.000,251.000,0.000,238.000,158.000,-0.100000,0.387500,-0.916430,66.622,82.064,102.881,4149.0
Geremy_intento_4.mp4,406,1353.333,True,262.000,251.000,0.000,239.000,158.000,-0.095833,0.387500,-0.916875,66.981,80.858,104.405,4139.5
Geremy_intento_4.mp4,407,1356.667,True,261.000,251.000,0.000,239.000,158.000,-0.091667,0.387500,-0.917301,66.959,81.031,102.577,4136.5
Geremy_intento_4.mp4,408,1360.000,True,261.000,251.000,0.000,238.000,158.000,-0.095833,0.387500,-0.916875,67.046,81.545,102.681,4139.5
Geremy_intento_4.mp4,409,1363.333,True,261.000,251.000,0.000,238.000,158.000,-0.095833,0.387500,-0.916875,66.713,81.311,101.472,4107.5
Geremy_intento_4.mp4,410,1366.667,True,261.000,251.000,0.000,238.000,158.000,-0.095833,0.387500,-0.916875,67.032,81.693,101.074,4147.0
Geremy_intento_4.mp4,411,1370.000,True,261.000,251.000,0.000,238.000,158.000,-0.095833,0.387500,-0.916875,67.293,81.450,102.419,4162.0
Geremy_intento_4.mp4,412,1373.333,True,261.000,251.000,0.000,238.000,158.000,-0.095833,0.387500,-0.916875,67.280,80.749,102.217,4163.5
Geremy_intento_4.mp4,413,1376.667,True,261.000,251.000,0.000,237.000,158.000,-0.100000,0.387500,-0.916430,67.638,82.192,100.551,4183.0
Geremy_intento_4.mp4,414,1380.000,True,261.000,251.000,0.000,237.000,158.000,-0.100000,0.387500,-0.916430,67.681,81.528,101.388,4181.5
Geremy_intento_4.mp4,415,1383.333,True,261.000,251.000,0.000,237.000,158.000,-0.100000,0.387500,-0.916430,67.975,81.555,101.903,4200.5
Geremy_intento_4.mp4,416,1386.667,True,261.000,251.000,0.000,237.000,158.000,-0.100000,0.387500,-0.916430,67.613,81.943,100.657,4191.5
Geremy_intento_4.mp4,417,1390.000,True,261.000,250.000,0.000,237.000,158.000,-0.100000,0.383333,-0.918181,67.384,82.284,100.036,4194.5
Geremy_intento_4.mp4,418,1393.333,True,261.000,250.000,0.000,237.000,158.000,-0.100000,0.383333,-0.918181,67.828,82.052,99.262,4209.5
Geremy_intento_4.mp4,419,1396.667,True,261.000,250.000,0.000,237.000,158.000,-0.100000,0.383333,-0.918181,67.899,81.715,102.008,4216.5
Geremy_intento_4.mp4,420,1400.000,True,261.000,250.000,0.000,237.000,158.000,-0.100000,0.383333,-0.918181,68.081,82.146,103.421,4237.5
Geremy_intento_4.mp4,421,1403.333,True,261.000,250.000,0.000,237.000,158.000,-0.100000,0.383333,-0.918181,68.077,81.184,103.047,4204.5
Geremy_intento_4.mp4,422,1406.667,True,261.000,250.000,0.000,237.000,158.000,-0.100000,0.383333,-0.918181,68.398,82.416,103.095,4260.5
Geremy_intento_4.mp4,423,1410.000,True,261.000,250.000,0.000,237.000,158.000,-0.100000,0.383333,-0.918181,68.666,82.786,103.273,4277.0
Geremy_intento_4.mp4,424,1413.333,True,261.000,250.000,0.000,237.000,158.000,-0.100000,0.383333,-0.918181,68.226,83.208,102.422,4279.5
Geremy_intento_4.mp4,425,1416.667,True,261.000,250.000,0.000,241.000,159.000,-0.083333,0.379167,-0.921568,67.801,86.700,118.549,4465.5
Geremy_intento_4.mp4,426,1420.000,True,261.000,250.000,0.000,266.000,167.000,0.020833,0.345833,-0.938065,67.782,89.745,132.579,4683.5
Geremy_intento_4.mp4,427,1423.333,True,261.000,250.000,0.000,298.000,180.000,0.154167,0.291667,-0.944014,66.587,91.790,143.697,4651.5
Geremy_intento_4.mp4,428,1426.667,True,261.000,250.000,0.000,315.000,192.000,0.225000,0.241667,-0.943913,65.231,84.519,98.860,3589.5
Geremy_intento_4.mp4,429,1430.000,False,261.000,250.000,,,,,,,,,,
Geremy_intento_4.mp4,430,1433.333,True,261.000,250.000,0.000,320.000,198.000,0.245833,0.216667,-0.944786,70.174,79.556,112.418,3911.0
Geremy_intento_4.mp4,431,1436.667,True,261.000,250.000,0.000,318.000,194.000,0.237500,0.233333,-0.942947,66.906,89.833,149.545,4572.0
Geremy_intento_4.mp4,432,1440.000,True,261.000,250.000,0.000,318.000,192.000,0.237500,0.241667,-0.940846,67.152,87.366,149.858,4517.0
Geremy_intento_4.mp4,433,1443.333,True,261.000,250.000,0.000,319.000,193.000,0.241667,0.237500,-0.940846,67.222,86.783,148.114,4509.5
Geremy_intento_4.mp4,434,1446.667,True,261.000,250.000,0.000,320.000,194.000,0.245833,0.233333,-0.940809,66.035,88.496,147.691,4516.0
Geremy_intento_4.mp4,435,1450.000,True,261.000,250.000,0.000,322.000,195.000,0.254167,0.229167,-0.939618,66.141,85.532,149.972,4410.0
Geremy_intento_4.mp4,436,1453.333,True,261.000,250.000,0.000,323.000,196.000,0.258333,0.225000,-0.939489,66.502,85.913,147.393,4382.0
Geremy_intento_4.mp4,437,1456.667,True,261.000,250.000,0.000,323.000,196.000,0.258333,0.225000,-0.939489,66.266,85.749,148.885,4373.0
Geremy_intento_4.mp4,438,1460.000,True,261.000,250.000,0.000,323.000,196.000,0.258333,0.225000,-0.939489,66.779,85.493,148.884,4409.0
Geremy_intento_4.mp4,439,1463.333,True,261.000,250.000,0.000,323.000,196.000,0.258333,0.225000,-0.939489,65.937,85.399,149.015,4353.0
Geremy_intento_4.mp4,440,1466.667,True,261.000,250.000,0.000,322.000,196.000,0.254167,0.225000,-0.940624,64.956,87.270,152.079,4382.0
Geremy_intento_4.mp4,441,1470.000,False,261.000,250.000,,,,,,,,,,
Geremy_intento_4.mp4,442,1473.333,False,261.000,250.000,,,,,,,,,,
Geremy_intento_4.mp4,443,1476.667,False,261.000,250.000,,,,,,,,,,
Geremy_intento_4.mp4,444,1480.000,True,261.000,250.000,0.000,323.000,195.000,0.258333,0.229167,-0.938481,65.167,81.905,85.697,3512.0
Geremy_intento_4.mp4,445,1483.333,True,261.000,250.000,0.000,323.000,192.000,0.258333,0.241667,-0.935340,64.916,84.015,148.367,4046.0
Geremy_intento_4.mp4,446,1486.667,True,261.000,250.000,0.000,321.000,189.000,0.250000,0.254167,-0.934291,63.105,87.288,149.959,4214.0
Geremy_intento_4.mp4,447,1490.000,True,261.000,250.000,0.000,321.000,190.000,0.250000,0.250000,-0.935414,63.156,83.781,147.525,4100.0
Geremy_intento_4.mp4,448,1493.333,True,261.000,250.000,0.000,321.000,191.000,0.250000,0.245833,-0.936518,63.572,82.877,146.890,4093.5
Geremy_intento_4.mp4,449,1496.667,True,261.000,250.000,0.000,322.000,191.000,0.254167,0.245833,-0.935396,63.775,83.200,146.014,4071.0
Geremy_intento_4.mp4,450,1500.000,True,261.000,250.000,0.000,322.000,192.000,0.254167,0.241667,-0.936481,63.453,82.283,146.076,4042.0
Geremy_intento_4.mp4,451,1503.333,True,261.000,250.000,0.000,322.000,192.000,0.254167,0.241667,-0.936481,63.595,82.514,146.638,4051.0
Geremy_intento_4.mp4,452,1506.667,True,261.000,250.000,0.000,322.000,192.000,0.254167,0.241667,-0.936481,63.621,83.376,146.175,4082.5
Geremy_intento_4.mp4,453,1510.000,True,261.000,250.000,0.000,322.000,192.000,0.254167,0.241667,-0.936481,63.455,82.670,146.755,4074.5
Geremy_intento_4.mp4,454,1513.333,True,261.000,250.000,0.000,322.000,192.000,0.254167,0.241667,-0.936481,63.733,83.104,148.009,4105.0
Geremy_intento_4.mp4,455,1516.667,True,261.000,250.000,0.000,322.000,192.000,0.254167,0.241667,-0.936481,64.280,83.595,146.662,4164.5
Geremy_intento_4.mp4,456,1520.000,True,261.000,250.000,0.000,322.000,192.000,0.254167,0.241667,-0.936481,64.020,84.202,145.274,4168.5
Geremy_intento_4.mp4,457,1523.333,True,261.000,250.000,0.000,322.000,192.000,0.254167,0.241667,-0.936481,64.051,84.159,144.876,4151.0
Geremy_intento_4.mp4,458,1526.667,True,261.000,250.000,0.000,322.000,192.000,0.254167,0.241667,-0.936481,63.902,84.049,144.992,4142.5
Geremy_intento_4.mp4,459,1530.000,True,261.000,250.000,0.000,322.000,191.000,0.254167,0.245833,-0.935396,63.732,83.643,144.460,4098.0
Geremy_intento_4.mp4,460,1533.333,True,261.000,250.000,0.000,321.000,191.000,0.250000,0.245833,-0.936518,64.075,83.093,144.907,4078.0
Geremy_intento_4.mp4,461,1536.667,True,261.000,250.000,0.000,321.000,191.000,0.250000,0.245833,-0.936518,63.692,83.338,144.755,4060.5
Geremy_intento_4.mp4,462,1540.000,True,261.000,250.000,0.000,321.000,191.000,0.250000,0.245833,-0.936518,63.726,82.690,143.811,4045.0
Geremy_intento_4.mp4,463,1543.333,True,261.000,250.000,0.000,321.000,191.000,0.250000,0.245833,-0.936518,63.767,82.790,144.620,4037.5
Geremy_intento_4.mp4,464,1546.667,True,261.000,250.000,0.000,321.000,191.000,0.250000,0.245833,-0.936518,63.087,82.311,143.682,4009.5
Geremy_intento_4.mp4,465,1550.000,True,261.000,250.000,0.000,321.000,191.000,0.250000,0.245833,-0.936518,63.349,83.106,143.823,4042.0
Geremy_intento_4.mp4,466,1553.333,True,261.000,250.000,0.000,321.000,191.000,0.250000,0.245833,-0.936518,63.139,82.285,143.089,3991.5
Geremy_intento_4.mp4,467,1556.667,True,261.000,250.000,0.000,321.000,191.000,0.250000,0.245833,-0.936518,63.548,82.796,143.291,4030.5
Geremy_intento_4.mp4,468,1560.000,True,261.000,250.000,0.000,321.000,191.000,0.250000,0.245833,-0.936518,63.629,82.730,143.311,4053.5
Geremy_intento_4.mp4,469,1563.333,True,261.000,250.000,0.000,321.000,191.000,0.250000,0.245833,-0.936518,63.478,82.655,142.950,4050.0
Geremy_intento_4.mp4,470,1566.667,True,261.000,250.000,0.000,321.000,191.000,0.250000,0.245833,-0.936518,63.866,82.886,143.059,4082.5
Geremy_intento_4.mp4,471,1570.000,True,261.000,250.000,0.000,320.000,191.000,0.245833,0.245833,-0.937620,63.877,82.513,143.652,4092.5
Geremy_intento_4.mp4,472,1573.333,True,261.000,250.000,0.000,320.000,191.000,0.245833,0.245833,-0.937620,63.729,83.131,142.873,4091.0
Geremy_intento_4.mp4,473,1576.667,True,261.000,250.000,0.000,320.000,191.000,0.245833,0.245833,-0.937620,63.864,82.926,143.580,4081.5
Geremy_intento_4.mp4,474,1580.000,True,261.000,250.000,0.000,320.000,191.000,0.245833,0.245833,-0.937620,63.632,83.146,143.985,4071.5
Geremy_intento_4.mp4,475,1583.333,True,261.000,250.000,0.000,320.000,191.000,0.245833,0.245833,-0.937620,63.820,83.515,143.819,4102.0
Geremy_intento_4.mp4,476,1586.667,True,261.000,250.000,0.000,320.000,191.000,0.245833,0.245833,-0.937620,63.908,83.560,144.352,4101.5
Geremy_intento_4.mp4,477,1590.000,True,261.000,250.000,0.000,320.000,191.000,0.245833,0.245833,-0.937620,63.800,83.496,143.625,4100.0
Geremy_intento_4.mp4,478,1593.333,True,261.000,250.000,0.000,320.000,190.000,0.245833,0.250000,-0.936518,64.483,83.306,143.036,4125.5
Geremy_intento_4.mp4,479,1596.667,True,261.000,250.000,0.000,320.000,190.000,0.245833,0.250000,-0.936518,64.088,83.297,142.410,4107.5
Geremy_intento_4.mp4,480,1600.000,True,261.000,250.000,0.000,320.000,190.000,0.245833,0.250000,-0.936518,64.299,84.130,143.772,4181.0
Geremy_intento_4.mp4,481,1603.333,True,261.000,250.000,0.000,320.000,190.000,0.245833,0.250000,-0.936518,64.215,83.714,144.375,4141.5
Geremy_intento_4.mp4,482,1606.667,True,261.000,250.000,0.000,320.000,190.000,0.245833,0.250000,-0.936518,64.443,84.790,144.127,4197.5
Geremy_intento_4.mp4,483,1610.000,True,261.000,250.000,0.000,320.000,190.000,0.245833,0.250000,-0.936518,64.663,85.081,143.601,4228.5
Geremy_intento_4.mp4,484,1613.333,True,261.000,250.000,0.000,320.000,190.000,0.245833,0.250000,-0.936518,64.898,85.058,144.379,4262.5
Geremy_intento_4.mp4,485,1616.667,True,261.000,250.000,0.000,307.000,189.000,0.191667,0.254167,-0.947978,75.302,83.859,134.992,4803.5
Geremy_intento_4.mp4,486,1620.000,True,261.000,250.000,0.000,276.000,188.000,0.062500,0.258333,-0.964032,80.361,85.022,141.176,4929.0
Geremy_intento_4.mp4,487,1623.333,True,261.000,250.000,0.000,251.000,188.000,-0.041667,0.258333,-0.965157,81.076,87.276,122.448,5121.0
Geremy_intento_4.mp4,488,1626.667,True,261.000,250.000,0.000,246.000,189.000,-0.062500,0.254167,-0.965139,81.675,87.562,122.159,5147.0
Geremy_intento_4.mp4,489,1630.000,True,261.000,250.000,0.000,245.000,189.000,-0.066667,0.254167,-0.964860,82.133,88.992,113.051,5192.0
Geremy_intento_4.mp4,490,1633.333,True,261.000,250.000,0.000,244.000,189.000,-0.070833,0.254167,-0.964563,84.080,88.132,106.747,5235.0
Geremy_intento_4.mp4,491,1636.667,True,261.000,250.000,0.000,242.000,189.000,-0.079167,0.254167,-0.963915,84.994,88.681,103.858,5252.5
Geremy_intento_4.mp4,492,1640.000,True,261.000,250.000,0.000,241.000,190.000,-0.083333,0.250000,-0.964653,84.588,88.402,111.683,5270.0
Geremy_intento_4.mp4,493,1643.333,True,261.000,250.000,0.000,240.000,190.000,-0.087500,0.250000,-0.964284,84.459,89.999,99.352,5287.5
Geremy_intento_4.mp4,494,1646.667,True,261.000,250.000,0.000,240.000,190.000,-0.087500,0.250000,-0.964284,84.721,89.561,96.990,5285.5
Geremy_intento_4.mp4,495,1650.000,True,261.000,250.000,0.000,240.000,190.000,-0.087500,0.250000,-0.964284,83.458,89.904,94.371,5265.0
Geremy_intento_4.mp4,496,1653.333,True,261.000,250.000,0.000,249.000,193.000,-0.050000,0.237500,-0.970100,52.958,116.562,72.617,4081.5
Geremy_intento_4.mp4,497,1656.667,False,261.000,250.000,,,,,,,,,,
Geremy_intento_4.mp4,498,1660.000,False,261.000,250.000,,,,,,,,,,
Geremy_intento_4.mp4,499,1663.333,False,261.000,250.000,,,,,,,,,,
Geremy_intento_4.mp4,500,1666.667,True,261.000,250.000,0.000,249.000,193.000,-0.050000,0.237500,-0.970100,72.061,94.144,82.359,4675.5
Geremy_intento_4.mp4,501,1670.000,True,261.000,250.000,0.000,239.000,188.000,-0.091667,0.258333,-0.961697,82.128,87.776,126.337,5183.5
Geremy_intento_4.mp4,502,1673.333,True,261.000,250.000,0.000,239.000,186.000,-0.091667,0.266667,-0.959420,79.909,88.197,100.069,5071.5
Geremy_intento_4.mp4,503,1676.667,True,261.000,250.000,0.000,239.000,187.000,-0.091667,0.262500,-0.960568,81.249,87.184,103.998,5090.5
Geremy_intento_4.mp4,504,1680.000,True,261.000,250.000,0.000,239.000,187.000,-0.091667,0.262500,-0.960568,80.993,88.030,98.468,5155.0
Geremy_intento_4.mp4,505,1683.333,True,261.000,250.000,0.000,239.000,187.000,-0.091667,0.262500,-0.960568,80.035,86.433,115.681,5004.5
Geremy_intento_4.mp4,506,1686.667,True,261.000,250.000,0.000,240.000,187.000,-0.087500,0.262500,-0.960957,81.382,87.097,114.808,4997.5
Geremy_intento_4.mp4,507,1690.000,True,261.000,250.000,0.000,240.000,187.000,-0.087500,0.262500,-0.960957,79.457,88.348,109.514,4992.5
Geremy_intento_4.mp4,508,1693.333,True,261.000,250.000,0.000,240.000,187.000,-0.087500,0.262500,-0.960957,80.794,87.786,113.696,5024.5
Geremy_intento_4.mp4,509,1696.667,True,261.000,250.000,0.000,240.000,187.000,-0.087500,0.262500,-0.960957,81.943,88.132,109.874,5018.5
Geremy_intento_4.mp4,510,1700.000,True,261.000,250.000,0.000,240.000,187.000,-0.087500,0.262500,-0.960957,83.154,87.273,115.193,5071.5
Geremy_intento_4.mp4,511,1703.333,True,261.000,250.000,0.000,240.000,188.000,-0.087500,0.258333,-0.962085,84.439,88.103,99.779,5102.0
Geremy_intento_4.mp4,512,1706.667,True,261.000,250.000,0.000,240.000,187.000,-0.087500,0.262500,-0.960957,81.508,89.320,108.359,5105.0
Geremy_intento_4.mp4,513,1710.000,True,261.000,250.000,0.000,240.000,187.000,-0.087500,0.262500,-0.960957,81.414,88.757,114.858,5109.0
Geremy_intento_4.mp4,514,1713.333,True,261.000,250.000,0.000,241.000,187.000,-0.083333,0.262500,-0.961327,82.000,89.378,110.688,5109.5
Geremy_intento_4.mp4,515,1716.667,True,261.000,250.000,0.000,241.000,187.000,-0.083333,0.262500,-0.961327,81.629,88.023,114.752,5073.5
Geremy_intento_4.mp4,516,1720.000,True,261.000,250.000,0.000,240.000,187.000,-0.087500,0.262500,-0.960957,81.293,89.158,104.740,5048.5
Geremy_intento_4.mp4,517,1723.333,True,261.000,250.000,0.000,240.000,187.000,-0.087500,0.262500,-0.960957,81.284,87.645,119.013,5053.5
Geremy_intento_4.mp4,518,1726.667,True,261.000,250.000,0.000,241.000,187.000,-0.083333,0.262500,-0.961327,80.572,88.082,114.701,5045.5
Geremy_intento_4.mp4,519,1730.000,True,261.000,250.000,0.000,241.000,188.000,-0.083333,0.258333,-0.962455,82.684,85.971,105.308,5035.5
Geremy_intento_4.mp4,520,1733.333,True,261.000,250.000,0.000,241.000,187.000,-0.083333,0.262500,-0.961327,79.909,87.837,110.148,4991.5
Geremy_intento_4.mp4,521,1736.667,True,261.000,250.000,0.000,240.000,187.000,-0.087500,0.262500,-0.960957,80.264,88.533,103.445,5043.0
Geremy_intento_4.mp4,522,1740.000,True,261.000,250.000,0.000,240.000,187.000,-0.087500,0.262500,-0.960957,80.403,88.064,105.564,4999.0
Geremy_intento_4.mp4,523,1743.333,True,261.000,250.000,0.000,240.000,187.000,-0.087500,0.262500,-0.960957,80.355,87.470,106.484,4987.5
Geremy_intento_4.mp4,524,1746.667,True,261.000,250.000,0.000,240.000,187.000,-0.087500,0.262500,-0.960957,79.272,87.324,108.996,5026.0
Geremy_intento_4.mp4,525,1750.000,True,261.000,250.000,0.000,240.000,187.000,-0.087500,0.262500,-0.960957,80.819,88.117,98.882,5009.0
Geremy_intento_4.mp4,526,1753.333,True,261.000,250.000,0.000,240.000,187.000,-0.087500,0.262500,-0.960957,80.376,87.180,109.085,5010.0
Geremy_intento_4.mp4,527,1756.667,True,261.000,250.000,0.000,240.000,187.000,-0.087500,0.262500,-0.960957,79.851,88.113,106.675,5004.0
Geremy_intento_4.mp4,528,1760.000,True,261.000,250.000,0.000,240.000,187.000,-0.087500,0.262500,-0.960957,80.481,88.216,103.147,5025.0
Geremy_intento_4.mp4,529,1763.333,True,261.000,250.000,0.000,240.000,187.000,-0.087500,0.262500,-0.960957,79.626,87.227,113.677,4998.5
Geremy_intento_4.mp4,530,1766.667,True,261.000,250.000,0.000,241.000,187.000,-0.083333,0.262500,-0.961327,81.828,86.506,122.655,5008.0
Geremy_intento_4.mp4,531,1770.000,True,261.000,250.000,0.000,240.000,188.000,-0.087500,0.258333,-0.962085,82.279,87.561,114.869,5027.0
Geremy_intento_4.mp4,532,1773.333,True,261.000,250.000,0.000,240.000,187.000,-0.087500,0.262500,-0.960957,81.178,87.810,118.854,5069.5
Geremy_intento_4.mp4,533,1776.667,True,261.000,250.000,0.000,241.000,187.000,-0.083333,0.262500,-0.961327,80.642,88.072,121.457,5080.5
Geremy_intento_4.mp4,534,1780.000,True,261.000,250.000,0.000,240.000,187.000,-0.087500,0.262500,-0.960957,82.135,88.555,111.671,5119.5
Geremy_intento_4.mp4,535,1783.333,True,261.000,250.000,0.000,240.000,187.000,-0.087500,0.262500,-0.960957,83.353,88.238,108.509,5112.0
Geremy_intento_4.mp4,536,1786.667,True,261.000,250.000,0.000,240.000,187.000,-0.087500,0.262500,-0.960957,82.917,88.518,109.048,5147.0
Geremy_intento_4.mp4,537,1790.000,True,261.000,250.000,0.000,240.000,187.000,-0.087500,0.262500,-0.960957,83.101,88.289,110.088,5137.5
Geremy_intento_4.mp4,538,1793.333,True,260.000,250.000,0.000,240.000,187.000,-0.083333,0.262500,-0.961327,83.945,88.264,112.601,5156.5
Geremy_intento_4.mp4,539,1796.667,True,260.000,250.000,0.000,240.000,187.000,-0.083333,0.262500,-0.961327,84.384,87.554,107.879,5171.5
Geremy_intento_4.mp4,540,1800.000,True,260.000,250.000,0.000,240.000,187.000,-0.083333,0.262500,-0.961327,84.384,87.688,112.004,5120.5
Geremy_intento_4.mp4,541,1803.333,True,260.000,250.000,0.000,240.000,187.000,-0.083333,0.262500,-0.961327,84.589,88.309,113.010,5199.0
Geremy_intento_4.mp4,542,1806.667,True,260.000,250.000,0.000,240.000,187.000,-0.083333,0.262500,-0.961327,84.041,88.102,119.280,5213.0
Geremy_intento_4.mp4,543,1810.000,True,260.000,250.000,0.000,240.000,187.000,-0.083333,0.262500,-0.961327,82.508,89.569,112.581,5208.0
Geremy_intento_4.mp4,544,1813.333,True,260.000,250.000,0.000,240.000,187.000,-0.083333,0.262500,-0.961327,83.292,89.257,118.139,5180.0
Geremy_intento_4.mp4,545,1816.667,True,260.000,250.000,0.000,252.000,180.000,-0.033333,0.291667,-0.955939,73.533,91.033,123.038,4947.0
Geremy_intento_4.mp4,546,1820.000,True,260.000,250.000,0.000,271.000,170.000,0.045833,0.333333,-0.941694,70.031,87.944,126.018,4635.0
Geremy_intento_4.mp4,547,1823.333,True,260.000,250.000,0.000,277.000,168.000,0.070833,0.341667,-0.937148,69.330,87.242,125.463,4672.0
Geremy_intento_4.mp4,548,1826.667,True,260.000,250.000,0.000,277.000,168.000,0.070833,0.341667,-0.937148,69.578,87.344,126.587,4684.5
Geremy_intento_4.mp4,549,1830.000,True,260.000,250.000,0.000,277.000,168.000,0.070833,0.341667,-0.937148,69.205,88.158,124.673,4716.0
Geremy_intento_4.mp4,550,1833.333,True,260.000,250.000,0.000,276.000,168.000,0.066667,0.341667,-0.937454,69.805,87.996,124.808,4737.0
Geremy_intento_4.mp4,551,1836.667,True,260.000,250.000,0.000,276.000,168.000,0.066667,0.341667,-0.937454,69.724,87.948,124.703,4731.5
Geremy_intento_4.mp4,552,1840.000,True,260.000,250.000,0.000,276.000,168.000,0.066667,0.341667,-0.937454,69.690,87.919,125.957,4754.5
Geremy_intento_4.mp4,553,1843.333,True,260.000,250.000,0.000,276.000,167.000,0.066667,0.345833,-0.935925,69.250,88.417,125.592,4699.5
Geremy_intento_4.mp4,554,1846.667,True,260.000,250.000,0.000,276.000,167.000,0.066667,0.345833,-0.935925,69.510,88.290,126.381,4695.0
Geremy_intento_4.mp4,555,1850.000,True,260.000,250.000,0.000,276.000,167.000,0.066667,0.345833,-0.935925,69.506,88.418,123.814,4713.0
Geremy_intento_4.mp4,556,1853.333,True,260.000,250.000,0.000,276.000,167.000,0.066667,0.345833,-0.935925,69.318,87.390,124.017,4646.0
Geremy_intento_4.mp4,557,1856.667,True,260.000,250.000,0.000,276.000,167.000,0.066667,0.345833,-0.935925,68.352,87.328,126.409,4625.0
Geremy_intento_4.mp4,558,1860.000,True,260.000,250.000,0.000,277.000,167.000,0.070833,0.345833,-0.935618,68.675,86.303,125.802,4603.5
Geremy_intento_4.mp4,559,1863.333,True,260.000,250.000,0.000,278.000,168.000,0.075000,0.341667,-0.936824,68.464,86.804,124.851,4578.5
Geremy_intento_4.mp4,560,1866.667,True,260.000,250.000,0.000,278.000,168.000,0.075000,0.341667,-0.936824,68.498,86.157,124.853,4558.5
Geremy_intento_4.mp4,561,1870.000,True,260.000,250.000,0.000,278.000,167.000,0.075000,0.345833,-0.935294,68.532,86.263,126.222,4585.0
Geremy_intento_4.mp4,562,1873.333,True,260.000,250.000,0.000,277.000,167.000,0.070833,0.345833,-0.935618,68.529,86.101,125.440,4580.0
Geremy_intento_4.mp4,563,1876.667,True,260.000,250.000,0.000,277.000,167.000,0.070833,0.345833,-0.935618,68.605,86.058,125.618,4574.5
Geremy_intento_4.mp4,564,1880.000,True,260.000,250.000,0.000,277.000,167.000,0.070833,0.345833,-0.935618,68.471,86.334,125.544,4562.0
Geremy_intento_4.mp4,565,1883.333,True,260.000,250.000,0.000,277.000,167.000,0.070833,0.345833,-0.935618,68.202,86.378,126.074,4571.0
Geremy_intento_4.mp4,566,1886.667,True,260.000,250.000,0.000,277.000,167.000,0.070833,0.345833,-0.935618,68.432,86.725,123.879,4586.5
Geremy_intento_4.mp4,567,1890.000,True,260.000,250.000,0.000,277.000,167.000,0.070833,0.345833,-0.935618,68.298,86.491,124.249,4563.5
Geremy_intento_4.mp4,568,1893.333,True,260.000,250.000,0.000,277.000,167.000,0.070833,0.345833,-0.935618,68.597,86.661,123.987,4588.0
Geremy_intento_4.mp4,569,1896.667,True,260.000,250.000,0.000,277.000,167.000,0.070833,0.345833,-0.935618,68.219,85.992,126.908,4559.0
Geremy_intento_4.mp4,570,1900.000,True,260.000,250.000,0.000,277.000,167.000,0.070833,0.345833,-0.935618,68.501,86.788,124.640,4610.5
Geremy_intento_4.mp4,571,1903.333,True,260.000,250.000,0.000,277.000,167.000,0.070833,0.345833,-0.935618,68.469,86.661,124.266,4571.0
Geremy_intento_4.mp4,572,1906.667,True,260.000,250.000,0.000,277.000,167.000,0.070833,0.345833,-0.935618,68.462,86.821,124.970,4593.0
Geremy_intento_4.mp4,573,1910.000,True,260.000,249.000,0.000,277.000,167.000,0.070833,0.341667,-0.937148,68.400,86.390,125.489,4589.0
Geremy_intento_4.mp4,574,1913.333,True,260.000,249.000,0.000,277.000,167.000,0.070833,0.341667,-0.937148,68.724,86.847,124.738,4607.0
Geremy_intento_4.mp4,575,1916.667,True,260.000,249.000,0.000,277.000,167.000,0.070833,0.341667,-0.937148,68.680,86.919,123.742,4602.5
Geremy_intento_4.mp4,576,1920.000,True,260.000,249.000,0.000,277.000,167.000,0.070833,0.341667,-0.937148,68.271,86.810,124.914,4573.0
Geremy_intento_4.mp4,577,1923.333,True,260.000,249.000,0.000,277.000,167.000,0.070833,0.341667,-0.937148,68.674,87.312,124.603,4625.0
Geremy_intento_4.mp4,578,1926.667,True,260.000,249.000,0.000,277.000,167.000,0.070833,0.341667,-0.937148,68.580,87.056,125.906,4609.5
Geremy_intento_4.mp4,579,1930.000,True,260.000,249.000,0.000,277.000,167.000,0.070833,0.341667,-0.937148,68.939,87.340,125.715,4654.0
Geremy_intento_4.mp4,580,1933.333,True,260.000,249.000,0.000,278.000,167.000,0.075000,0.341667,-0.936824,69.425,87.306,124.551,4673.5
Geremy_intento_4.mp4,581,1936.667,True,260.000,249.000,0.000,278.000,167.000,0.075000,0.341667,-0.936824,69.068,87.875,125.026,4672.0
Geremy_intento_4.mp4,582,1940.000,True,260.000,249.000,0.000,278.000,167.000,0.075000,0.341667,-0.936824,69.175,88.171,126.153,4687.0
Geremy_intento_4.mp4,583,1943.333,True,260.000,249.000,0.000,278.000,167.000,0.075000,0.341667,-0.936824,69.282,88.113,126.086,4690.5
Geremy_intento_4.mp4,584,1946.667,True,260.000,249.000,0.000,278.000,167.000,0.075000,0.341667,-0.936824,69.847,87.788,125.919,4723.5
Geremy_intento_4.mp4,585,1950.000,True,260.000,249.000,0.000,278.000,167.000,0.075000,0.341667,-0.936824,69.537,87.813,127.105,4735.0
Geremy_intento_4.mp4,586,1953.333,True,260.000,249.000,0.000,278.000,168.000,0.075000,0.337500,-0.938333,69.645,88.155,125.968,4752.0
Geremy_intento_4.mp4,587,1956.667,True,260.000,249.000,0.000,278.000,168.000,0.075000,0.337500,-0.938333,69.811,89.147,126.683,4808.5
Geremy_intento_4.mp4,588,1960.000,True,260.000,249.000,0.000,278.000,168.000,0.075000,0.337500,-0.938333,69.530,88.812,127.043,4791.0
Geremy_intento_4.mp4,589,1963.333,True,260.000,249.000,0.000,279.000,168.000,0.079167,0.337500,-0.937991,69.723,88.698,127.477,4795.5
Geremy_intento_4.mp4,590,1966.667,True,260.000,249.000,0.000,279.000,168.000,0.079167,0.337500,-0.937991,69.891,89.449,126.494,4815.0
Geremy_intento_4.mp4,591,1970.000,True,260.000,249.000,0.000,278.000,168.000,0.075000,0.337500,-0.938333,70.202,89.890,124.480,4842.5
Geremy_intento_4.mp4,592,1973.333,True,260.000,249.000,0.000,278.000,168.000,0.075000,0.337500,-0.938333,69.952,89.751,126.696,4846.5
Geremy_intento_4.mp4,593,1976.667,True,260.000,249.000,0.000,279.000,168.000,0.079167,0.337500,-0.937991,70.273,89.796,125.798,4855.0
Geremy_intento_4.mp4,594,1980.000,True,260.000,249.000,0.000,279.000,168.000,0.079167,0.337500,-0.937991,70.025,89.822,126.963,4859.0
Geremy_intento_4.mp4,595,1983.333,True,260.000,249.000,0.000,279.000,168.000,0.079167,0.337500,-0.937991,70.233,89.392,127.426,4849.5
Geremy_intento_4.mp4,596,1986.667,True,260.000,249.000,0.000,279.000,168.000,0.079167,0.337500,-0.937991,70.559,90.263,126.388,4904.0
Geremy_intento_4.mp4,597,1990.000,True,260.000,249.000,0.000,279.000,168.000,0.079167,0.337500,-0.937991,70.404,90.195,127.261,4902.5
Geremy_intento_4.mp4,598,1993.333,True,260.000,249.000,0.000,279.000,168.000,0.079167,0.337500,-0.937991,70.378,90.027,128.158,4882.0
