video_name,frame_number,timestamp_ms,valid_deteccion,sphere_center_x,sphere_center_y,sphere_center_z,pupil_center_x,pupil_center_y,gaze_x,gaze_y,gaze_z,ellipse_width,ellipse_height,ellipse_angle,contour_area,iris_horiz_diameter_px,px_per_mm,pupil_horiz_diameter_mm
Victor_intento_4.mp4,1,33.333,True,220.000,240.000,0.000,310.000,196.000,0.375000,0.183333,-0.908716,56.651,73.392,132.980,3219.5,149.964,12.817460,4.420
Victor_intento_4.mp4,2,66.667,True,220.000,240.000,0.000,310.000,196.000,0.375000,0.183333,-0.908716,56.787,73.653,132.745,3232.0,150.208,12.838272,4.423
Victor_intento_4.mp4,3,100.000,True,220.000,240.000,0.000,310.000,196.000,0.375000,0.183333,-0.908716,57.014,73.690,133.472,3251.0,149.990,12.819690,4.447
Victor_intento_4.mp4,4,133.333,True,220.000,240.000,0.000,310.000,196.000,0.375000,0.183333,-0.908716,56.971,73.738,133.572,3255.0,149.801,12.803499,4.450
Victor_intento_4.mp4,5,166.667,True,220.000,240.000,0.000,310.000,195.000,0.375000,0.187500,-0.907865,57.005,73.922,133.781,3261.0,149.631,12.788981,4.457
Victor_intento_4.mp4,6,200.000,True,220.000,240.000,0.000,310.000,195.000,0.375000,0.187500,-0.907865,57.030,73.933,133.259,3263.0,149.077,12.741607,4.476
Victor_intento_4.mp4,7,233.333,True,220.000,240.000,0.000,310.000,195.000,0.375000,0.187500,-0.907865,57.037,74.244,132.828,3276.0,148.466,12.689376,4.495
Victor_intento_4.mp4,8,266.667,True,220.000,240.000,0.000,310.000,195.000,0.375000,0.187500,-0.907865,57.048,74.432,132.346,3278.0,147.411,12.599190,4.528
Victor_intento_4.mp4,9,300.000,True,220.000,240.000,0.000,318.000,192.000,0.408333,0.200000,-0.890654,45.473,72.974,134.577,2560.5,113.935,9.738076,4.670
Victor_intento_4.mp4,10,333.333,True,220.000,240.000,0.000,331.000,188.000,0.462500,0.216667,-0.859738,41.322,70.780,138.064,2261.0,138.110,11.804266,3.501
Victor_intento_4.mp4,11,366.667,True,220.000,240.000,0.000,344.000,185.000,0.516667,0.229167,-0.824947,41.523,71.827,138.063,2305.0,153.831,13.147948,3.158
Victor_intento_4.mp4,12,400.000,True,220.000,240.000,0.000,349.000,185.000,0.537500,0.229167,-0.811527,41.190,71.876,137.614,2288.0,157.483,13.460076,3.060
Victor_intento_4.mp4,13,433.333,True,220.000,240.000,0.000,349.000,184.000,0.537500,0.233333,-0.810339,41.120,72.301,138.643,2286.0,155.488,13.289535,3.094
Victor_intento_4.mp4,14,466.667,True,220.000,240.000,0.000,350.000,184.000,0.541667,0.233333,-0.807560,40.810,72.213,137.894,2274.0,154.393,13.195970,3.093
Victor_intento_4.mp4,15,500.000,True,220.000,240.000,0.000,350.000,184.000,0.541667,0.233333,-0.807560,41.122,71.686,138.052,2288.5,153.655,13.132946,3.131
Victor_intento_4.mp4,16,533.333,True,220.000,240.000,0.000,350.000,184.000,0.541667,0.233333,-0.807560,40.949,72.131,138.170,2289.5,155.502,13.290782,3.081
Victor_intento_4.mp4,17,566.667,True,220.000,240.000,0.000,350.000,184.000,0.541667,0.233333,-0.807560,41.172,72.782,137.907,2314.0,156.231,13.353103,3.083
Victor_intento_4.mp4,18,600.000,True,220.000,240.000,0.000,351.000,184.000,0.545833,0.233333,-0.804749,39.619,71.325,138.269,2186.0,156.991,13.418051,2.953
Victor_intento_4.mp4,19,633.333,True,220.000,240.000,0.000,352.000,183.000,0.550000,0.237500,-0.800683,39.699,72.172,137.524,2224.0,155.339,13.276860,2.990
Victor_intento_4.mp4,20,666.667,True,220.000,240.000,0.000,353.000,183.000,0.554167,0.237500,-0.797805,40.167,72.613,137.501,2249.0,153.215,13.095330,3.067
Victor_intento_4.mp4,21,700.000,True,220.000,240.000,0.000,353.000,183.000,0.554167,0.237500,-0.797805,39.712,71.884,137.578,2215.0,151.205,12.923514,3.073
Victor_intento_4.mp4,22,733.333,True,220.000,240.000,0.000,353.000,183.000,0.554167,0.237500,-0.797805,39.732,71.908,138.012,2214.0,151.708,12.966461,3.064
Victor_intento_4.mp4,23,766.667,True,220.000,240.000,0.000,353.000,183.000,0.554167,0.237500,-0.797805,39.433,71.598,137.360,2175.5,148.803,12.718223,3.100
Victor_intento_4.mp4,24,800.000,True,220.000,240.000,0.000,353.000,183.000,0.554167,0.237500,-0.797805,39.117,71.255,137.375,2154.5,150.264,12.843068,3.046
Victor_intento_4.mp4,25,833.333,True,220.000,240.000,0.000,353.000,183.000,0.554167,0.237500,-0.797805,39.198,71.037,136.587,2137.5,152.670,13.048709,3.004
Victor_intento_4.mp4,26,866.667,True,220.000,240.000,0.000,353.000,183.000,0.554167,0.237500,-0.797805,39.099,70.483,137.482,2130.5,153.102,13.085670,2.988
Victor_intento_4.mp4,27,900.000,True,220.000,240.000,0.000,353.000,183.000,0.554167,0.237500,-0.797805,38.851,70.484,136.933,2105.5,152.806,13.060324,2.975
Victor_intento_4.mp4,28,933.333,True,220.000,240.000,0.000,354.000,183.000,0.558333,0.237500,-0.794895,38.879,70.571,136.717,2102.0,154.962,13.244598,2.935
Victor_intento_4.mp4,29,966.667,True,220.000,240.000,0.000,354.000,183.000,0.558333,0.237500,-0.794895,39.077,70.426,137.154,2130.5,147.126,12.574871,3.108
Victor_intento_4.mp4,30,1000.000,True,220.000,240.000,0.000,354.000,182.000,0.558333,0.241667,-0.793638,39.158,70.367,137.169,2134.0,147.372,12.595866,3.109
Victor_intento_4.mp4,31,1033.333,True,220.000,240.000,0.000,354.000,182.000,0.558333,0.241667,-0.793638,39.148,70.053,137.207,2128.5,149.520,12.779524,3.063
Victor_intento_4.mp4,32,1066.667,True,220.000,240.000,0.000,354.000,182.000,0.558333,0.241667,-0.793638,39.120,70.322,137.436,2132.5,149.574,12.784064,3.060
Victor_intento_4.mp4,33,1100.000,True,220.000,240.000,0.000,354.000,183.000,0.558333,0.237500,-0.794895,39.023,70.069,137.023,2110.0,147.590,12.614567,3.093
Victor_intento_4.mp4,34,1133.333,True,220.000,240.000,0.000,354.000,183.000,0.558333,0.237500,-0.794895,39.160,70.215,136.704,2110.5,147.996,12.649232,3.096
Victor_intento_4.mp4,35,1166.667,True,220.000,240.000,0.000,354.000,183.000,0.558333,0.237500,-0.794895,39.146,70.128,136.135,2104.5,149.456,12.774009,3.065
Victor_intento_4.mp4,36,1200.000,True,220.000,240.000,0.000,354.000,183.000,0.558333,0.237500,-0.794895,38.909,69.510,137.064,2080.5,147.484,12.605450,3.087
Victor_intento_4.mp4,37,1233.333,True,220.000,240.000,0.000,354.000,183.000,0.558333,0.237500,-0.794895,38.895,69.491,137.156,2085.0,145.631,12.447085,3.125
Victor_intento_4.mp4,38,1266.667,True,220.000,240.000,0.000,354.000,183.000,0.558333,0.237500,-0.794895,39.011,69.720,137.670,2098.5,146.304,12.504618,3.120
Victor_intento_4.mp4,39,1300.000,True,220.000,240.000,0.000,354.000,183.000,0.558333,0.237500,-0.794895,39.176,70.039,137.087,2107.5,147.958,12.645991,3.098
Victor_intento_4.mp4,40,1333.333,True,220.000,240.000,0.000,354.000,183.000,0.558333,0.237500,-0.794895,38.942,70.149,137.075,2102.5,151.016,12.907343,3.017
Victor_intento_4.mp4,41,1366.667,True,220.000,240.000,0.000,354.000,183.000,0.558333,0.237500,-0.794895,39.030,70.315,137.013,2105.0,153.363,13.107913,2.978
Victor_intento_4.mp4,42,1400.000,True,220.000,240.000,0.000,354.000,183.000,0.558333,0.237500,-0.794895,39.040,70.020,137.259,2109.0,153.567,13.125408,2.974
Victor_intento_4.mp4,43,1433.333,True,220.000,240.000,0.000,354.000,183.000,0.558333,0.237500,-0.794895,38.894,69.994,137.074,2103.5,147.931,12.643663,3.076
Victor_intento_4.mp4,44,1466.667,True,220.000,240.000,0.000,354.000,183.000,0.558333,0.237500,-0.794895,38.864,69.447,137.147,2091.0,150.045,12.824369,3.030
Victor_intento_4.mp4,45,1500.000,True,220.000,240.000,0.000,354.000,183.000,0.558333,0.237500,-0.794895,38.969,69.637,137.338,2093.0,144.812,12.377083,3.148
Victor_intento_4.mp4,46,1533.333,True,220.000,240.000,0.000,354.000,183.000,0.558333,0.237500,-0.794895,38.847,69.470,137.077,2085.0,146.004,12.479004,3.113
Victor_intento_4.mp4,47,1566.667,True,220.000,240.000,0.000,354.000,183.000,0.558333,0.237500,-0.794895,38.522,69.270,137.353,2062.0,145.771,12.459037,3.092
Victor_intento_4.mp4,48,1600.000,True,220.000,240.000,0.000,354.000,183.000,0.558333,0.237500,-0.794895,38.468,68.876,136.852,2045.0,148.542,12.695871,3.030
Victor_intento_4.mp4,49,1633.333,True,220.000,240.000,0.000,353.000,183.000,0.554167,0.237500,-0.797805,38.838,68.042,137.195,2034.0,143.841,12.294086,3.159
Victor_intento_4.mp4,50,1666.667,True,220.000,240.000,0.000,352.000,182.000,0.550000,0.241667,-0.799436,38.823,68.305,136.574,2049.0,145.953,12.474631,3.112
Victor_intento_4.mp4,51,1700.000,True,220.000,240.000,0.000,351.000,182.000,0.545833,0.241667,-0.802286,38.536,67.690,137.019,2018.5,144.370,12.339339,3.123
Victor_intento_4.mp4,52,1733.333,True,220.000,240.000,0.000,351.000,182.000,0.545833,0.241667,-0.802286,38.485,67.975,136.587,2012.0,143.295,12.247453,3.142
Victor_intento_4.mp4,53,1766.667,True,220.000,240.000,0.000,351.000,182.000,0.545833,0.241667,-0.802286,38.649,67.897,135.918,2005.0,146.508,12.522026,3.086
Victor_intento_4.mp4,54,1800.000,True,220.000,240.000,0.000,351.000,182.000,0.545833,0.241667,-0.802286,38.413,67.675,136.640,1999.0,147.249,12.585407,3.052
Victor_intento_4.mp4,55,1833.333,True,220.000,240.000,0.000,352.000,182.000,0.550000,0.241667,-0.799436,38.423,67.326,136.616,1989.5,147.062,12.569390,3.057
Victor_intento_4.mp4,56,1866.667,True,220.000,240.000,0.000,352.000,182.000,0.550000,0.241667,-0.799436,38.112,67.494,136.269,1987.0,147.120,12.574369,3.031
Victor_intento_4.mp4,57,1900.000,True,220.000,240.000,0.000,351.000,182.000,0.545833,0.241667,-0.802286,38.245,67.838,136.211,1991.5,146.630,12.532486,3.052
Victor_intento_4.mp4,58,1933.333,True,220.000,240.000,0.000,351.000,182.000,0.545833,0.241667,-0.802286,38.255,67.668,136.172,1995.0,146.236,12.498813,3.061
Victor_intento_4.mp4,59,1966.667,True,220.000,240.000,0.000,351.000,182.000,0.545833,0.241667,-0.802286,38.543,67.391,136.748,2012.5,145.950,12.474348,3.090
Victor_intento_4.mp4,60,2000.000,True,220.000,240.000,0.000,351.000,182.000,0.545833,0.241667,-0.802286,38.729,67.993,136.804,2041.0,152.228,13.010918,2.977
Victor_intento_4.mp4,61,2033.333,True,220.000,240.000,0.000,351.000,182.000,0.545833,0.241667,-0.802286,38.857,68.474,137.041,2058.0,143.591,12.272742,3.166
Victor_intento_4.mp4,62,2066.667,True,220.000,240.000,0.000,351.000,182.000,0.545833,0.241667,-0.802286,39.085,68.596,136.802,2071.0,148.137,12.661270,3.087
Victor_intento_4.mp4,63,2100.000,True,220.000,240.000,0.000,351.000,183.000,0.545833,0.237500,-0.803530,39.120,68.776,137.157,2088.0,148.178,12.664803,3.089
Victor_intento_4.mp4,64,2133.333,True,220.000,240.000,0.000,351.000,183.000,0.545833,0.237500,-0.803530,39.504,69.540,136.585,2123.0,147.513,12.607955,3.133
Victor_intento_4.mp4,65,2166.667,True,220.000,240.000,0.000,351.000,183.000,0.545833,0.237500,-0.803530,39.620,69.957,136.935,2140.5,147.937,12.644151,3.133
Victor_intento_4.mp4,66,2200.000,True,220.000,240.000,0.000,351.000,183.000,0.545833,0.237500,-0.803530,39.994,70.270,137.267,2169.5,149.598,12.786171,3.128
Victor_intento_4.mp4,67,2233.333,True,220.000,240.000,0.000,351.000,183.000,0.545833,0.237500,-0.803530,39.973,71.060,137.017,2181.0,149.869,12.809283,3.121
Victor_intento_4.mp4,68,2266.667,True,220.000,240.000,0.000,350.000,183.000,0.541667,0.237500,-0.806344,41.302,69.516,138.421,2221.5,148.385,12.682446,3.257
Victor_intento_4.mp4,69,2300.000,True,220.000,240.000,0.000,333.000,182.000,0.470833,0.241667,-0.848477,54.749,69.417,122.173,2940.0,143.147,12.234814,4.475
Victor_intento_4.mp4,70,2333.333,True,220.000,240.000,0.000,301.000,182.000,0.337500,0.241667,-0.909775,61.440,73.130,100.981,3520.5,147.192,12.580516,4.884
Victor_intento_4.mp4,71,2366.667,True,220.000,240.000,0.000,267.000,181.000,0.195833,0.245833,-0.949324,60.716,75.851,104.361,3607.0,142.140,12.148684,4.998
Victor_intento_4.mp4,72,2400.000,True,220.000,240.000,0.000,250.000,182.000,0.125000,0.241667,-0.962275,61.056,75.742,102.903,3633.0,157.235,13.438869,4.543
Victor_intento_4.mp4,73,2433.333,True,220.000,240.000,0.000,249.000,181.000,0.120833,0.245833,-0.961751,61.460,76.012,102.583,3652.0,162.506,13.889396,4.425
Victor_intento_4.mp4,74,2466.667,True,220.000,240.000,0.000,249.000,180.000,0.120833,0.250000,-0.960676,61.842,76.250,102.434,3694.5,161.566,13.809076,4.478
Victor_intento_4.mp4,75,2500.000,True,220.000,240.000,0.000,250.000,179.000,0.125000,0.254167,-0.959049,61.986,76.546,102.299,3724.0,161.841,13.832589,4.481
Victor_intento_4.mp4,76,2533.333,True,220.000,240.000,0.000,251.000,179.000,0.129167,0.254167,-0.958496,62.253,77.116,103.311,3759.5,162.145,13.858546,4.492
Victor_intento_4.mp4,77,2566.667,True,220.000,240.000,0.000,251.000,179.000,0.129167,0.254167,-0.958496,63.837,77.673,103.306,3893.0,167.699,14.333260,4.454
Victor_intento_4.mp4,78,2600.000,True,220.000,240.000,0.000,251.000,180.000,0.129167,0.250000,-0.959592,63.937,77.692,103.875,3888.0,166.048,14.192119,4.505
Victor_intento_4.mp4,79,2633.333,True,220.000,240.000,0.000,251.000,181.000,0.129167,0.245833,-0.960667,63.988,78.106,103.614,3919.0,166.726,14.250117,4.490
Victor_intento_4.mp4,80,2666.667,True,220.000,240.000,0.000,252.000,181.000,0.133333,0.245833,-0.960098,64.086,78.425,103.504,3940.0,166.785,14.255132,4.496
Victor_intento_4.mp4,81,2700.000,True,220.000,240.000,0.000,252.000,181.000,0.133333,0.245833,-0.960098,64.236,78.415,103.732,3951.0,166.666,14.244969,4.509
Victor_intento_4.mp4,82,2733.333,True,220.000,240.000,0.000,252.000,181.000,0.133333,0.245833,-0.960098,64.509,78.338,103.799,3961.0,166.568,14.236555,4.531
Victor_intento_4.mp4,83,2766.667,True,220.000,240.000,0.000,252.000,181.000,0.133333,0.245833,-0.960098,64.447,78.321,103.856,3956.0,166.632,14.242023,4.525
Victor_intento_4.mp4,84,2800.000,True,220.000,240.000,0.000,253.000,181.000,0.137500,0.245833,-0.959510,64.421,78.217,104.093,3945.0,166.505,14.231194,4.527
Victor_intento_4.mp4,85,2833.333,True,220.000,240.000,0.000,253.000,181.000,0.137500,0.245833,-0.959510,64.158,77.790,104.952,3901.0,163.423,13.967773,4.593
Victor_intento_4.mp4,86,2866.667,True,220.000,240.000,0.000,253.000,181.000,0.137500,0.245833,-0.959510,64.096,77.407,105.047,3879.0,165.334,14.131108,4.536
Victor_intento_4.mp4,87,2900.000,True,220.000,240.000,0.000,253.000,181.000,0.137500,0.245833,-0.959510,63.524,77.087,104.454,3835.0,165.182,14.118115,4.499
Victor_intento_4.mp4,88,2933.333,True,220.000,240.000,0.000,253.000,181.000,0.137500,0.245833,-0.959510,63.427,76.611,104.139,3806.0,165.740,14.165788,4.477
Victor_intento_4.mp4,89,2966.667,True,220.000,240.000,0.000,253.000,181.000,0.137500,0.245833,-0.959510,62.966,76.393,104.940,3772.0,165.707,14.162956,4.446
Victor_intento_4.mp4,90,3000.000,True,220.000,240.000,0.000,253.000,181.000,0.137500,0.245833,-0.959510,62.999,75.691,104.293,3741.5,163.730,13.994008,4.502
Victor_intento_4.mp4,91,3033.333,True,220.000,240.000,0.000,253.000,181.000,0.137500,0.245833,-0.959510,62.811,75.604,104.097,3720.5,163.216,13.950112,4.503
Victor_intento_4.mp4,92,3066.667,True,220.000,240.000,0.000,253.000,181.000,0.137500,0.245833,-0.959510,62.473,75.545,104.117,3701.0,164.432,14.054035,4.445
Victor_intento_4.mp4,93,3100.000,True,220.000,240.000,0.000,253.000,180.000,0.137500,0.250000,-0.958433,62.884,75.648,103.686,3685.0,162.136,13.857799,4.538
Victor_intento_4.mp4,94,3133.333,True,220.000,240.000,0.000,253.000,180.000,0.137500,0.250000,-0.958433,62.390,75.515,103.849,3680.5,164.176,14.032157,4.446
Victor_intento_4.mp4,95,3166.667,True,220.000,240.000,0.000,251.000,180.000,0.129167,0.250000,-0.959592,62.053,75.524,102.638,3670.5,164.834,14.088385,4.405
Victor_intento_4.mp4,96,3200.000,True,220.000,240.000,0.000,251.000,180.000,0.129167,0.250000,-0.959592,62.051,75.013,104.898,3650.0,162.124,13.856761,4.478
Victor_intento_4.mp4,97,3233.333,True,220.000,240.000,0.000,251.000,180.000,0.129167,0.250000,-0.959592,62.002,74.990,104.673,3641.5,164.163,14.031038,4.419
Victor_intento_4.mp4,98,3266.667,True,220.000,240.000,0.000,253.000,180.000,0.137500,0.250000,-0.958433,62.014,75.114,104.614,3654.0,162.699,13.905928,4.460
Victor_intento_4.mp4,99,3300.000,True,220.000,240.000,0.000,253.000,180.000,0.137500,0.250000,-0.958433,62.006,74.867,104.598,3639.0,163.705,13.991848,4.432
Victor_intento_4.mp4,100,3333.333,True,220.000,240.000,0.000,254.000,180.000,0.141667,0.250000,-0.957826,62.011,74.759,104.557,3636.0,163.949,14.012729,4.425
Victor_intento_4.mp4,101,3366.667,True,220.000,240.000,0.000,254.000,180.000,0.141667,0.250000,-0.957826,61.843,74.680,103.906,3620.0,165.227,14.121961,4.379
Victor_intento_4.mp4,102,3400.000,True,220.000,240.000,0.000,254.000,180.000,0.141667,0.250000,-0.957826,61.774,74.856,103.873,3625.0,164.720,14.078591,4.388
Victor_intento_4.mp4,103,3433.333,True,220.000,240.000,0.000,254.000,180.000,0.141667,0.250000,-0.957826,61.911,74.783,104.073,3623.0,164.513,14.060913,4.403
Victor_intento_4.mp4,104,3466.667,True,220.000,240.000,0.000,253.000,180.000,0.137500,0.250000,-0.958433,62.323,75.001,101.824,3655.5,164.695,14.076479,4.427
Victor_intento_4.mp4,105,3500.000,True,220.000,240.000,0.000,253.000,180.000,0.137500,0.250000,-0.958433,61.851,74.554,105.530,3617.0,164.700,14.076897,4.394
Victor_intento_4.mp4,106,3533.333,True,220.000,240.000,0.000,253.000,181.000,0.137500,0.245833,-0.959510,61.991,74.596,104.902,3619.0,165.681,14.160764,4.378
Victor_intento_4.mp4,107,3566.667,True,220.000,240.000,0.000,254.000,181.000,0.141667,0.245833,-0.958904,62.005,74.555,105.014,3622.0,163.987,14.016005,4.424
Victor_intento_4.mp4,108,3600.000,True,220.000,240.000,0.000,253.000,181.000,0.137500,0.245833,-0.959510,61.824,74.765,104.318,3629.0,166.177,14.203159,4.353
Victor_intento_4.mp4,109,3633.333,True,220.000,240.000,0.000,253.000,181.000,0.137500,0.245833,-0.959510,62.027,74.868,104.955,3644.0,166.361,14.218877,4.362
Victor_intento_4.mp4,110,3666.667,True,220.000,240.000,0.000,253.000,181.000,0.137500,0.245833,-0.959510,62.024,75.080,104.499,3642.0,165.436,14.139810,4.386
Victor_intento_4.mp4,111,3700.000,True,220.000,240.000,0.000,253.000,181.000,0.137500,0.245833,-0.959510,61.967,74.853,103.934,3633.5,165.411,14.137715,4.383
Victor_intento_4.mp4,112,3733.333,True,220.000,240.000,0.000,253.000,181.000,0.137500,0.245833,-0.959510,62.172,75.107,104.297,3633.5,167.223,14.292557,4.350
Victor_intento_4.mp4,113,3766.667,True,220.000,240.000,0.000,253.000,180.000,0.137500,0.250000,-0.958433,61.682,75.030,104.325,3622.0,165.974,14.185828,4.348
Victor_intento_4.mp4,114,3800.000,True,220.000,240.000,0.000,253.000,180.000,0.137500,0.250000,-0.958433,61.783,75.121,103.986,3606.5,167.992,14.358301,4.303
Victor_intento_4.mp4,115,3833.333,True,220.000,240.000,0.000,253.000,180.000,0.137500,0.250000,-0.958433,61.499,74.829,103.574,3603.5,167.581,14.323201,4.294
Victor_intento_4.mp4,116,3866.667,True,220.000,240.000,0.000,253.000,180.000,0.137500,0.250000,-0.958433,61.909,74.719,103.279,3601.0,165.320,14.129926,4.381
Victor_intento_4.mp4,117,3900.000,True,220.000,240.000,0.000,253.000,180.000,0.137500,0.250000,-0.958433,61.501,74.543,103.313,3595.5,168.108,14.368207,4.280
Victor_intento_4.mp4,118,3933.333,True,220.000,240.000,0.000,253.000,180.000,0.137500,0.250000,-0.958433,61.741,74.351,103.441,3596.5,168.826,14.429535,4.279
Victor_intento_4.mp4,119,3966.667,True,220.000,240.000,0.000,253.000,181.000,0.137500,0.245833,-0.959510,61.489,74.348,103.979,3580.0,168.979,14.442680,4.257
Victor_intento_4.mp4,120,4000.000,True,220.000,240.000,0.000,253.000,181.000,0.137500,0.245833,-0.959510,61.444,74.243,102.900,3577.5,166.937,14.268125,4.306
Victor_intento_4.mp4,121,4033.333,True,220.000,240.000,0.000,253.000,181.000,0.137500,0.245833,-0.959510,61.442,74.047,103.916,3565.5,166.673,14.245586,4.313
Victor_intento_4.mp4,122,4066.667,True,220.000,240.000,0.000,253.000,181.000,0.137500,0.245833,-0.959510,61.193,74.063,103.079,3556.5,165.330,14.130738,4.330
Victor_intento_4.mp4,123,4100.000,True,220.000,240.000,0.000,253.000,181.000,0.137500,0.245833,-0.959510,61.321,73.966,103.606,3554.5,164.611,14.069299,4.358
Victor_intento_4.mp4,124,4133.333,True,220.000,240.000,0.000,253.000,181.000,0.137500,0.245833,-0.959510,61.012,73.915,104.151,3539.0,164.320,14.044436,4.344
Victor_intento_4.mp4,125,4166.667,True,220.000,240.000,0.000,253.000,181.000,0.137500,0.245833,-0.959510,60.895,73.816,104.115,3526.5,161.463,13.800297,4.413
Victor_intento_4.mp4,126,4200.000,True,220.000,240.000,0.000,253.000,181.000,0.137500,0.245833,-0.959510,61.103,73.801,103.551,3529.5,163.398,13.965628,4.375
Victor_intento_4.mp4,127,4233.333,True,220.000,240.000,0.000,253.000,181.000,0.137500,0.245833,-0.959510,61.312,73.985,103.653,3527.5,159.028,13.592160,4.511
Victor_intento_4.mp4,128,4266.667,True,220.000,240.000,0.000,253.000,181.000,0.137500,0.245833,-0.959510,61.064,73.970,104.384,3540.0,158.465,13.544023,4.509
Victor_intento_4.mp4,129,4300.000,True,220.000,240.000,0.000,253.000,180.000,0.137500,0.250000,-0.958433,61.234,74.045,104.109,3548.0,157.106,13.427861,4.560
Victor_intento_4.mp4,130,4333.333,True,220.000,240.000,0.000,256.000,180.000,0.150000,0.250000,-0.956556,58.011,76.645,115.619,3478.5,156.175,13.348323,4.346
Victor_intento_4.mp4,131,4366.667,True,220.000,240.000,0.000,278.000,185.000,0.241667,0.229167,-0.942910,53.312,76.834,135.897,3174.5,144.260,12.329939,4.324
Victor_intento_4.mp4,132,4400.000,True,220.000,240.000,0.000,310.000,196.000,0.375000,0.183333,-0.908716,49.812,75.982,150.530,2941.5,132.910,11.359798,4.385
Victor_intento_4.mp4,133,4433.333,True,220.000,240.000,0.000,342.000,213.000,0.508333,0.112500,-0.853780,50.342,73.477,156.293,2879.0,163.482,13.972819,3.603
Victor_intento_4.mp4,134,4466.667,True,220.000,240.000,0.000,357.000,225.000,0.570833,0.062500,-0.818684,50.984,72.787,155.814,2886.0,163.214,13.949877,3.655
Victor_intento_4.mp4,135,4500.000,True,220.000,240.000,0.000,361.000,231.000,0.587500,0.037500,-0.808355,51.035,72.603,156.464,2876.0,161.549,13.807643,3.696
Victor_intento_4.mp4,136,4533.333,True,220.000,240.000,0.000,360.000,232.000,0.583333,0.033333,-0.811549,50.931,72.916,157.054,2881.0,163.286,13.956043,3.649
Victor_intento_4.mp4,137,4566.667,True,220.000,240.000,0.000,360.000,232.000,0.583333,0.033333,-0.811549,50.465,72.463,157.687,2841.5,163.139,13.943526,3.619
Victor_intento_4.mp4,138,4600.000,True,220.000,240.000,0.000,360.000,232.000,0.583333,0.033333,-0.811549,50.603,72.476,157.417,2850.5,163.954,14.013185,3.611
Victor_intento_4.mp4,139,4633.333,True,220.000,240.000,0.000,360.000,232.000,0.583333,0.033333,-0.811549,50.641,72.869,157.983,2867.5,162.908,13.923791,3.637
Victor_intento_4.mp4,140,4666.667,True,220.000,240.000,0.000,360.000,232.000,0.583333,0.033333,-0.811549,50.697,73.110,157.711,2872.5,163.576,13.980872,3.626
Victor_intento_4.mp4,141,4700.000,True,220.000,240.000,0.000,362.000,232.000,0.591667,0.033333,-0.805493,47.737,71.292,161.461,2648.5,163.061,13.936804,3.425
Victor_intento_4.mp4,142,4733.333,True,220.000,240.000,0.000,363.000,233.000,0.595833,0.029167,-0.802578,49.162,72.551,158.728,2769.0,163.656,13.987702,3.515
Victor_intento_4.mp4,143,4766.667,True,220.000,240.000,0.000,365.000,233.000,0.604167,0.029167,-0.796324,48.836,72.457,159.257,2742.5,165.075,14.108992,3.461
Victor_intento_4.mp4,144,4800.000,True,220.000,240.000,0.000,364.000,233.000,0.600000,0.029167,-0.799468,48.890,72.589,158.839,2757.0,163.002,13.931818,3.509
Victor_intento_4.mp4,145,4833.333,True,220.000,240.000,0.000,364.000,233.000,0.600000,0.029167,-0.799468,48.759,72.834,158.558,2754.5,165.813,14.172016,3.440
Victor_intento_4.mp4,146,4866.667,True,220.000,240.000,0.000,364.000,233.000,0.600000,0.029167,-0.799468,48.886,72.656,158.616,2759.0,162.870,13.920544,3.512
Victor_intento_4.mp4,147,4900.000,True,220.000,240.000,0.000,363.000,233.000,0.595833,0.029167,-0.802578,48.937,72.845,158.280,2762.0,162.525,13.891062,3.523
Victor_intento_4.mp4,148,4933.333,True,220.000,240.000,0.000,362.000,232.000,0.591667,0.033333,-0.805493,50.116,71.790,159.460,2790.0,160.943,13.755770,3.643
Victor_intento_4.mp4,149,4966.667,True,220.000,240.000,0.000,361.000,232.000,0.587500,0.033333,-0.808537,49.425,73.059,158.157,2807.5,163.094,13.939686,3.546
Victor_intento_4.mp4,150,5000.000,True,220.000,240.000,0.000,360.000,231.000,0.583333,0.037500,-0.811367,49.543,72.717,158.053,2799.5,164.324,14.044759,3.527
Victor_intento_4.mp4,151,5033.333,True,220.000,240.000,0.000,361.000,231.000,0.587500,0.037500,-0.808355,49.348,72.409,157.642,2777.5,163.246,13.952682,3.537
Victor_intento_4.mp4,152,5066.667,True,220.000,240.000,0.000,361.000,231.000,0.587500,0.037500,-0.808355,48.957,71.743,157.965,2734.0,165.184,14.118262,3.468
Victor_intento_4.mp4,153,5100.000,True,240.000,233.000,0.000,361.000,231.000,0.504167,0.008333,-0.863566,48.837,71.612,157.966,2716.0,165.345,14.132051,3.456
Victor_intento_4.mp4,154,5133.333,True,240.000,233.000,0.000,361.000,231.000,0.504167,0.008333,-0.863566,48.817,71.629,157.670,2715.0,167.275,14.296996,3.414
Victor_intento_4.mp4,155,5166.667,True,240.000,233.000,0.000,361.000,231.000,0.504167,0.008333,-0.863566,48.646,71.433,157.361,2689.5,163.496,13.974055,3.481
Victor_intento_4.mp4,156,5200.000,True,240.000,233.000,0.000,361.000,231.000,0.504167,0.008333,-0.863566,48.557,71.295,157.595,2688.5,167.125,14.284168,3.399
Victor_intento_4.mp4,157,5233.333,True,240.000,233.000,0.000,361.000,231.000,0.504167,0.008333,-0.863566,48.537,71.275,157.271,2686.0,162.964,13.928589,3.485
Victor_intento_4.mp4,158,5266.667,True,240.000,233.000,0.000,361.000,230.000,0.504167,0.012500,-0.863516,47.965,70.753,157.887,2636.5,166.151,14.200908,3.378
Victor_intento_4.mp4,159,5300.000,True,240.000,233.000,0.000,361.000,230.000,0.504167,0.012500,-0.863516,47.993,70.766,157.084,2632.5,164.968,14.099812,3.404
Victor_intento_4.mp4,160,5333.333,True,240.000,233.000,0.000,361.000,230.000,0.504167,0.012500,-0.863516,48.020,70.691,157.301,2633.5,165.243,14.123355,3.400
Victor_intento_4.mp4,161,5366.667,True,240.000,233.000,0.000,361.000,230.000,0.504167,0.012500,-0.863516,47.780,70.555,157.155,2616.5,163.038,13.934843,3.429
Victor_intento_4.mp4,162,5400.000,True,239.000,234.000,0.000,361.000,230.000,0.508333,0.016667,-0.860999,47.762,70.382,157.416,2609.5,162.181,13.861603,3.446
Victor_intento_4.mp4,163,5433.333,True,239.000,235.000,0.000,361.000,230.000,0.508333,0.020833,-0.860908,47.533,70.078,157.022,2583.0,164.730,14.079506,3.376
Victor_intento_4.mp4,164,5466.667,True,239.000,236.000,0.000,361.000,230.000,0.508333,0.025000,-0.860797,47.408,69.773,156.959,2568.5,165.294,14.127731,3.356
Victor_intento_4.mp4,165,5500.000,True,238.000,236.000,0.000,361.000,230.000,0.512500,0.025000,-0.858323,47.126,69.634,157.426,2544.0,165.938,14.182712,3.323
Victor_intento_4.mp4,166,5533.333,True,238.000,237.000,0.000,361.000,230.000,0.512500,0.029167,-0.858192,47.025,69.378,157.469,2527.5,166.072,14.194165,3.313
Victor_intento_4.mp4,167,5566.667,True,238.000,237.000,0.000,362.000,230.000,0.516667,0.029167,-0.855690,46.887,69.312,157.383,2529.5,166.286,14.212512,3.299
Victor_intento_4.mp4,168,5600.000,True,238.000,238.000,0.000,362.000,230.000,0.516667,0.033333,-0.855538,47.104,69.332,157.542,2535.5,164.131,14.028299,3.358
Victor_intento_4.mp4,169,5633.333,True,238.000,238.000,0.000,362.000,230.000,0.516667,0.033333,-0.855538,47.315,69.423,156.868,2548.0,163.651,13.987247,3.383
Victor_intento_4.mp4,170,5666.667,True,238.000,239.000,0.000,362.000,230.000,0.516667,0.037500,-0.855365,47.258,69.308,156.793,2544.0,164.070,14.023057,3.370
Victor_intento_4.mp4,171,5700.000,True,237.000,239.000,0.000,362.000,231.000,0.520833,0.033333,-0.853007,46.912,69.273,157.132,2523.5,164.888,14.092998,3.329
Victor_intento_4.mp4,172,5733.333,True,237.000,239.000,0.000,362.000,231.000,0.520833,0.033333,-0.853007,46.920,69.203,157.271,2521.5,164.524,14.061891,3.337
Victor_intento_4.mp4,173,5766.667,True,237.000,239.000,0.000,362.000,231.000,0.520833,0.033333,-0.853007,47.083,68.705,157.423,2506.5,166.889,14.264046,3.301
Victor_intento_4.mp4,174,5800.000,True,237.000,240.000,0.000,362.000,231.000,0.520833,0.037500,-0.852834,46.891,68.899,157.549,2503.0,166.801,14.256520,3.289
Victor_intento_4.mp4,175,5833.333,True,237.000,240.000,0.000,362.000,231.000,0.520833,0.037500,-0.852834,46.722,68.736,157.227,2491.5,165.560,14.150457,3.302
Victor_intento_4.mp4,176,5866.667,True,237.000,240.000,0.000,362.000,231.000,0.520833,0.037500,-0.852834,46.818,68.581,157.103,2493.0,164.179,14.032400,3.336
Victor_intento_4.mp4,177,5900.000,True,237.000,240.000,0.000,362.000,231.000,0.520833,0.037500,-0.852834,46.891,68.630,157.265,2496.0,166.010,14.188856,3.305
Victor_intento_4.mp4,178,5933.333,True,237.000,240.000,0.000,362.000,231.000,0.520833,0.037500,-0.852834,46.628,68.753,157.274,2487.5,163.875,14.006370,3.329
Victor_intento_4.mp4,179,5966.667,True,237.000,241.000,0.000,362.000,231.000,0.520833,0.041667,-0.852641,46.471,68.804,157.628,2486.0,164.118,14.027207,3.313
Victor_intento_4.mp4,180,6000.000,True,237.000,241.000,0.000,362.000,231.000,0.520833,0.041667,-0.852641,46.658,68.782,157.223,2488.5,164.454,14.055932,3.319
Victor_intento_4.mp4,181,6033.333,True,237.000,241.000,0.000,362.000,231.000,0.520833,0.041667,-0.852641,46.651,68.731,157.762,2495.0,166.861,14.261635,3.271
Victor_intento_4.mp4,182,6066.667,True,237.000,241.000,0.000,362.000,231.000,0.520833,0.041667,-0.852641,46.625,68.941,157.845,2498.5,166.737,14.251019,3.272
Victor_intento_4.mp4,183,6100.000,True,237.000,241.000,0.000,362.000,231.000,0.520833,0.041667,-0.852641,46.444,68.750,158.088,2484.0,169.001,14.444538,3.215
Victor_intento_4.mp4,184,6133.333,True,237.000,241.000,0.000,362.000,231.000,0.520833,0.041667,-0.852641,46.557,68.557,158.675,2483.5,166.470,14.228196,3.272
Victor_intento_4.mp4,185,6166.667,True,237.000,241.000,0.000,362.000,231.000,0.520833,0.041667,-0.852641,46.489,68.741,158.213,2482.5,166.966,14.270634,3.258
Victor_intento_4.mp4,186,6200.000,True,237.000,241.000,0.000,362.000,231.000,0.520833,0.041667,-0.852641,46.362,68.869,158.512,2476.5,168.244,14.379824,3.224
Victor_intento_4.mp4,187,6233.333,True,237.000,241.000,0.000,362.000,231.000,0.520833,0.041667,-0.852641,46.471,68.651,157.918,2480.5,166.663,14.244730,3.262
Victor_intento_4.mp4,188,6266.667,True,237.000,242.000,0.000,363.000,231.000,0.525000,0.045833,-0.849867,46.592,68.518,158.205,2483.0,168.362,14.389891,3.238
Victor_intento_4.mp4,189,6300.000,True,236.000,242.000,0.000,362.000,231.000,0.525000,0.045833,-0.849867,46.633,68.830,158.204,2491.5,167.724,14.335405,3.253
Victor_intento_4.mp4,190,6333.333,True,236.000,242.000,0.000,362.000,231.000,0.525000,0.045833,-0.849867,46.649,69.044,158.039,2501.5,165.900,14.179476,3.290
Victor_intento_4.mp4,191,6366.667,True,236.000,242.000,0.000,362.000,231.000,0.525000,0.045833,-0.849867,46.718,69.196,158.017,2512.5,165.263,14.125060,3.307
Victor_intento_4.mp4,192,6400.000,True,236.000,242.000,0.000,362.000,231.000,0.525000,0.045833,-0.849867,46.963,68.989,158.038,2519.5,167.449,14.311874,3.281
Victor_intento_4.mp4,193,6433.333,True,236.000,242.000,0.000,357.000,231.000,0.504167,0.045833,-0.862389,51.983,66.267,170.026,2679.5,156.194,13.349956,3.894
Victor_intento_4.mp4,194,6466.667,True,236.000,242.000,0.000,334.000,231.000,0.408333,0.045833,-0.911682,63.330,67.943,153.848,3325.0,168.419,14.394763,4.400
Victor_intento_4.mp4,195,6500.000,True,236.000,242.000,0.000,299.000,231.000,0.262500,0.045833,-0.963843,64.761,72.747,121.210,3505.5,151.431,12.942819,5.004
Victor_intento_4.mp4,196,6533.333,True,236.000,242.000,0.000,271.000,231.000,0.145833,0.045833,-0.988247,63.599,75.016,123.029,3568.0,167.555,14.320945,4.441
Victor_intento_4.mp4,197,6566.667,True,236.000,242.000,0.000,261.000,232.000,0.104167,0.041667,-0.993687,64.559,73.883,124.561,3550.0,172.817,14.770655,4.371
Victor_intento_4.mp4,198,6600.000,True,236.000,242.000,0.000,263.000,232.000,0.112500,0.041667,-0.992778,64.955,74.342,123.065,3584.5,174.208,14.889582,4.362
Victor_intento_4.mp4,199,6633.333,True,236.000,242.000,0.000,264.000,232.000,0.116667,0.041667,-0.992297,65.102,74.767,124.558,3613.0,175.345,14.986752,4.344
Victor_intento_4.mp4,200,6666.667,True,236.000,242.000,0.000,264.000,232.000,0.116667,0.041667,-0.992297,65.160,75.040,124.124,3631.0,174.780,14.938476,4.362
Victor_intento_4.mp4,201,6700.000,True,236.000,242.000,0.000,260.000,232.000,0.100000,0.041667,-0.994115,65.974,76.042,112.863,3658.5,175.352,14.987350,4.402
Victor_intento_4.mp4,202,6733.333,True,236.000,242.000,0.000,258.000,231.000,0.091667,0.045833,-0.994734,66.071,75.706,119.648,3710.0,175.079,14.964044,4.415
Victor_intento_4.mp4,203,6766.667,True,236.000,241.000,0.000,256.000,231.000,0.083333,0.041667,-0.995650,65.797,76.182,119.867,3711.0,177.692,15.187310,4.332
Victor_intento_4.mp4,204,6800.000,True,236.000,241.000,0.000,258.000,230.000,0.091667,0.045833,-0.994734,65.401,76.676,118.664,3730.5,177.680,15.186332,4.307
Victor_intento_4.mp4,205,6833.333,True,236.000,241.000,0.000,259.000,230.000,0.095833,0.045833,-0.994342,65.472,77.345,120.414,3744.0,178.477,15.254453,4.292
Victor_intento_4.mp4,206,6866.667,True,237.000,241.000,0.000,259.000,230.000,0.091667,0.045833,-0.994734,66.297,76.662,120.334,3756.5,178.570,15.262362,4.344
Victor_intento_4.mp4,207,6900.000,True,237.000,241.000,0.000,259.000,230.000,0.091667,0.045833,-0.994734,66.331,76.524,122.264,3742.0,177.911,15.206033,4.362
Victor_intento_4.mp4,208,6933.333,True,237.000,241.000,0.000,259.000,230.000,0.091667,0.045833,-0.994734,65.897,76.290,121.472,3714.0,178.119,15.223819,4.329
Victor_intento_4.mp4,209,6966.667,True,237.000,241.000,0.000,259.000,230.000,0.091667,0.045833,-0.994734,65.813,75.830,121.069,3668.5,178.891,15.289858,4.304
Victor_intento_4.mp4,210,7000.000,True,237.000,241.000,0.000,259.000,231.000,0.091667,0.041667,-0.994918,64.829,75.253,122.757,3617.5,177.501,15.171068,4.273
Victor_intento_4.mp4,211,7033.333,True,237.000,241.000,0.000,259.000,230.000,0.091667,0.045833,-0.994734,64.505,74.655,120.130,3582.5,178.224,15.232817,4.235
Victor_intento_4.mp4,212,7066.667,True,237.000,241.000,0.000,259.000,230.000,0.091667,0.045833,-0.994734,64.324,73.973,120.109,3526.5,177.172,15.142903,4.248
Victor_intento_4.mp4,213,7100.000,True,237.000,241.000,0.000,259.000,230.000,0.091667,0.045833,-0.994734,63.783,73.533,120.402,3480.5,176.507,15.086036,4.228
Victor_intento_4.mp4,214,7133.333,True,237.000,241.000,0.000,259.000,230.000,0.091667,0.045833,-0.994734,63.850,72.737,121.130,3450.5,175.172,14.971990,4.265
Victor_intento_4.mp4,215,7166.667,True,237.000,241.000,0.000,259.000,230.000,0.091667,0.045833,-0.994734,63.662,72.527,121.737,3417.5,175.445,14.995338,4.245
Victor_intento_4.mp4,216,7200.000,True,237.000,241.000,0.000,259.000,230.000,0.091667,0.045833,-0.994734,63.268,72.476,121.901,3393.5,175.191,14.973570,4.225
Victor_intento_4.mp4,217,7233.333,True,237.000,241.000,0.000,259.000,230.000,0.091667,0.045833,-0.994734,62.736,72.144,118.406,3379.0,174.911,14.949654,4.197
Victor_intento_4.mp4,218,7266.667,True,237.000,241.000,0.000,259.000,230.000,0.091667,0.045833,-0.994734,62.354,72.337,117.930,3366.5,175.670,15.014547,4.153
Victor_intento_4.mp4,219,7300.000,True,237.000,241.000,0.000,259.000,230.000,0.091667,0.045833,-0.994734,62.745,71.610,119.473,3363.0,176.137,15.054432,4.168
Victor_intento_4.mp4,220,7333.333,True,237.000,241.000,0.000,259.000,230.000,0.091667,0.045833,-0.994734,62.622,71.771,118.930,3361.0,176.457,15.081816,4.152
Victor_intento_4.mp4,221,7366.667,True,237.000,241.000,0.000,259.000,230.000,0.091667,0.045833,-0.994734,61.981,72.206,118.456,3353.0,175.382,14.989929,4.135
Victor_intento_4.mp4,222,7400.000,True,238.000,241.000,0.000,259.000,230.000,0.087500,0.045833,-0.995110,62.297,71.886,118.441,3352.0,175.912,15.035213,4.143
Victor_intento_4.mp4,223,7433.333,True,238.000,241.000,0.000,259.000,230.000,0.087500,0.045833,-0.995110,62.362,71.699,119.263,3342.0,175.214,14.975572,4.164
Victor_intento_4.mp4,224,7466.667,True,238.000,241.000,0.000,259.000,230.000,0.087500,0.045833,-0.995110,62.323,71.592,120.532,3331.0,175.844,15.029392,4.147
Victor_intento_4.mp4,225,7500.000,True,238.000,241.000,0.000,259.000,230.000,0.087500,0.045833,-0.995110,62.266,71.205,119.080,3323.0,175.372,14.989066,4.154
Victor_intento_4.mp4,226,7533.333,True,238.000,241.000,0.000,259.000,230.000,0.087500,0.045833,-0.995110,62.055,71.157,118.599,3317.5,175.441,14.994996,4.138
Victor_intento_4.mp4,227,7566.667,True,238.000,241.000,0.000,259.000,230.000,0.087500,0.045833,-0.995110,62.322,71.234,119.035,3321.5,175.121,14.967615,4.164
Victor_intento_4.mp4,228,7600.000,True,238.000,241.000,0.000,259.000,230.000,0.087500,0.045833,-0.995110,62.265,71.272,118.231,3319.0,175.542,15.003624,4.150
Victor_intento_4.mp4,229,7633.333,True,238.000,241.000,0.000,259.000,230.000,0.087500,0.045833,-0.995110,61.983,71.074,117.532,3298.5,175.278,14.981013,4.137
Victor_intento_4.mp4,230,7666.667,True,238.000,241.000,0.000,259.000,230.000,0.087500,0.045833,-0.995110,62.256,71.121,118.764,3315.0,175.800,15.025620,4.143
Victor_intento_4.mp4,231,7700.000,True,238.000,241.000,0.000,259.000,230.000,0.087500,0.045833,-0.995110,62.003,70.978,118.491,3304.5,176.373,15.074626,4.113
Victor_intento_4.mp4,232,7733.333,True,238.000,241.000,0.000,259.000,230.000,0.087500,0.045833,-0.995110,62.048,70.722,119.905,3305.5,176.295,15.067967,4.118
Victor_intento_4.mp4,233,7766.667,True,239.000,241.000,0.000,259.000,230.000,0.083333,0.045833,-0.995467,62.713,70.589,120.164,3312.5,176.932,15.122379,4.147
Victor_intento_4.mp4,234,7800.000,True,239.000,241.000,0.000,259.000,230.000,0.083333,0.045833,-0.995467,62.244,70.994,118.224,3310.5,177.016,15.129547,4.114
Victor_intento_4.mp4,235,7833.333,True,239.000,241.000,0.000,259.000,230.000,0.083333,0.045833,-0.995467,62.176,70.927,118.647,3303.0,177.152,15.141236,4.106
Victor_intento_4.mp4,236,7866.667,True,239.000,241.000,0.000,259.000,230.000,0.083333,0.045833,-0.995467,61.850,70.940,115.731,3289.0,176.481,15.083835,4.100
Victor_intento_4.mp4,237,7900.000,True,239.000,241.000,0.000,259.000,230.000,0.083333,0.045833,-0.995467,61.907,70.772,116.116,3298.0,175.948,15.038300,4.117
Victor_intento_4.mp4,238,7933.333,True,239.000,241.000,0.000,258.000,230.000,0.079167,0.045833,-0.995807,62.034,70.711,116.527,3295.0,177.625,15.181666,4.086
Victor_intento_4.mp4,239,7966.667,True,239.000,242.000,0.000,258.000,230.000,0.079167,0.050000,-0.995607,61.786,70.707,116.274,3283.0,178.151,15.226611,4.058
Victor_intento_4.mp4,240,8000.000,True,239.000,242.000,0.000,258.000,230.000,0.079167,0.050000,-0.995607,62.097,70.967,116.843,3304.0,177.841,15.200084,4.085
Victor_intento_4.mp4,241,8033.333,True,239.000,242.000,0.000,258.000,229.000,0.079167,0.054167,-0.995389,61.081,71.183,115.640,3298.0,177.122,15.138632,4.035
Victor_intento_4.mp4,242,8066.667,True,239.000,242.000,0.000,263.000,226.000,0.100000,0.066667,-0.992752,58.294,70.766,121.723,3188.0,169.421,14.480389,4.026
Victor_intento_4.mp4,243,8100.000,True,239.000,242.000,0.000,278.000,219.000,0.162500,0.095833,-0.982044,53.631,68.505,134.616,2847.5,155.486,13.289375,4.036
Victor_intento_4.mp4,244,8133.333,True,239.000,242.000,0.000,295.000,210.000,0.233333,0.133333,-0.963212,54.900,67.024,138.761,2855.5,155.461,13.287234,4.132
Victor_intento_4.mp4,245,8166.667,True,239.000,242.000,0.000,307.000,205.000,0.283333,0.154167,-0.946549,55.244,67.450,138.887,2888.0,155.631,13.301813,4.153
Victor_intento_4.mp4,246,8200.000,True,239.000,242.000,0.000,309.000,204.000,0.291667,0.158333,-0.943324,55.153,67.788,138.241,2897.5,156.495,13.375650,4.123
Victor_intento_4.mp4,247,8233.333,True,239.000,242.000,0.000,309.000,204.000,0.291667,0.158333,-0.943324,55.232,68.111,138.530,2913.0,156.600,13.384598,4.127
Victor_intento_4.mp4,248,8266.667,True,239.000,242.000,0.000,309.000,204.000,0.291667,0.158333,-0.943324,55.307,68.295,138.671,2930.0,157.734,13.481571,4.102
Victor_intento_4.mp4,249,8300.000,True,240.000,242.000,0.000,309.000,204.000,0.287500,0.158333,-0.944603,55.369,68.511,138.176,2936.5,158.449,13.542657,4.088
Victor_intento_4.mp4,250,8333.333,True,240.000,242.000,0.000,309.000,204.000,0.287500,0.158333,-0.944603,55.548,68.493,138.768,2954.5,158.086,13.511608,4.111
Victor_intento_4.mp4,251,8366.667,True,240.000,242.000,0.000,309.000,204.000,0.287500,0.158333,-0.944603,55.502,68.992,138.271,2971.5,157.417,13.454467,4.125
Victor_intento_4.mp4,252,8400.000,True,240.000,242.000,0.000,309.000,204.000,0.287500,0.158333,-0.944603,55.788,69.202,138.675,2997.0,157.643,13.473734,4.140
Victor_intento_4.mp4,253,8433.333,True,240.000,242.000,0.000,309.000,204.000,0.287500,0.158333,-0.944603,55.747,69.574,139.109,3008.5,159.042,13.593350,4.101
Victor_intento_4.mp4,254,8466.667,True,240.000,242.000,0.000,310.000,203.000,0.291667,0.162500,-0.942616,55.321,69.037,135.761,2967.0,155.990,13.332520,4.149
Victor_intento_4.mp4,255,8500.000,True,240.000,242.000,0.000,310.000,201.000,0.291667,0.170833,-0.941141,55.359,69.890,136.460,2997.0,157.218,13.437432,4.120
Victor_intento_4.mp4,256,8533.333,True,240.000,242.000,0.000,310.000,200.000,0.291667,0.175000,-0.940375,55.818,70.130,136.237,3031.5,157.862,13.492515,4.137
Victor_intento_4.mp4,257,8566.667,True,240.000,242.000,0.000,310.000,200.000,0.291667,0.175000,-0.940375,55.904,70.575,135.661,3045.0,157.572,13.467672,4.151
Victor_intento_4.mp4,258,8600.000,True,240.000,242.000,0.000,310.000,200.000,0.291667,0.175000,-0.940375,56.099,70.813,136.370,3062.0,157.856,13.491931,4.158
Victor_intento_4.mp4,259,8633.333,True,240.000,243.000,0.000,310.000,200.000,0.291667,0.179167,-0.939590,56.160,70.955,136.279,3073.0,157.531,13.464157,4.171
Victor_intento_4.mp4,260,8666.667,True,240.000,243.000,0.000,310.000,200.000,0.291667,0.179167,-0.939590,56.385,71.044,136.648,3102.5,157.837,13.490310,4.180
Victor_intento_4.mp4,261,8700.000,True,240.000,243.000,0.000,310.000,200.000,0.291667,0.179167,-0.939590,56.363,70.789,136.859,3099.0,157.906,13.496239,4.176
Victor_intento_4.mp4,262,8733.333,True,240.000,243.000,0.000,310.000,200.000,0.291667,0.179167,-0.939590,56.415,70.939,136.921,3101.5,157.018,13.420384,4.204
Victor_intento_4.mp4,263,8766.667,True,240.000,243.000,0.000,310.000,200.000,0.291667,0.179167,-0.939590,56.212,70.981,136.917,3087.0,157.151,13.431683,4.185
Victor_intento_4.mp4,264,8800.000,True,240.000,243.000,0.000,310.000,200.000,0.291667,0.179167,-0.939590,56.228,70.861,137.570,3083.0,157.546,13.465443,4.176
Victor_intento_4.mp4,265,8833.333,True,240.000,243.000,0.000,310.000,200.000,0.291667,0.179167,-0.939590,56.126,70.850,136.922,3075.0,157.491,13.460785,4.170
Victor_intento_4.mp4,266,8866.667,True,240.000,243.000,0.000,310.000,200.000,0.291667,0.179167,-0.939590,55.876,70.813,136.835,3056.0,157.847,13.491181,4.142
Victor_intento_4.mp4,267,8900.000,True,240.000,243.000,0.000,310.000,200.000,0.291667,0.179167,-0.939590,55.819,70.757,137.502,3051.0,157.632,13.472863,4.143
Victor_intento_4.mp4,268,8933.333,True,240.000,243.000,0.000,310.000,200.000,0.291667,0.179167,-0.939590,55.719,70.236,136.878,3029.5,155.942,13.328340,4.180
Victor_intento_4.mp4,269,8966.667,True,240.000,243.000,0.000,310.000,200.000,0.291667,0.179167,-0.939590,55.735,69.900,136.707,3014.0,156.846,13.405673,4.158
Victor_intento_4.mp4,270,9000.000,True,241.000,243.000,0.000,310.000,200.000,0.287500,0.179167,-0.940874,55.605,70.038,137.130,3013.0,156.805,13.402115,4.149
Victor_intento_4.mp4,271,9033.333,True,241.000,244.000,0.000,310.000,200.000,0.287500,0.183333,-0.940071,55.419,69.555,136.990,2989.0,157.233,13.438735,4.124
Victor_intento_4.mp4,272,9066.667,True,241.000,244.000,0.000,310.000,200.000,0.287500,0.183333,-0.940071,55.466,69.723,136.180,2992.5,157.584,13.468757,4.118
Victor_intento_4.mp4,273,9100.000,True,241.000,244.000,0.000,310.000,200.000,0.287500,0.183333,-0.940071,55.210,69.421,135.783,2967.5,157.439,13.456300,4.103
Victor_intento_4.mp4,274,9133.333,True,241.000,244.000,0.000,310.000,200.000,0.287500,0.183333,-0.940071,55.000,69.123,137.414,2951.5,156.665,13.390151,4.107
Victor_intento_4.mp4,275,9166.667,True,241.000,244.000,0.000,310.000,199.000,0.287500,0.187500,-0.939248,54.566,69.153,134.832,2935.5,155.540,13.294015,4.105
Victor_intento_4.mp4,276,9200.000,True,241.000,244.000,0.000,310.000,199.000,0.287500,0.187500,-0.939248,54.429,68.924,133.824,2925.5,156.624,13.386633,4.066
Victor_intento_4.mp4,277,9233.333,True,241.000,244.000,0.000,310.000,198.000,0.287500,0.191667,-0.938407,54.622,68.595,135.624,2901.5,156.185,13.349169,4.092
Victor_intento_4.mp4,278,9266.667,True,241.000,244.000,0.000,309.000,198.000,0.283333,0.191667,-0.939673,54.394,68.591,134.947,2884.0,157.773,13.484880,4.034
Victor_intento_4.mp4,279,9300.000,True,241.000,244.000,0.000,310.000,199.000,0.287500,0.187500,-0.939248,54.331,68.431,134.996,2872.5,156.754,13.397776,4.055
Victor_intento_4.mp4,280,9333.333,True,241.000,244.000,0.000,310.000,199.000,0.287500,0.187500,-0.939248,54.351,68.407,134.434,2879.5,156.774,13.399490,4.056
Victor_intento_4.mp4,281,9366.667,True,241.000,244.000,0.000,310.000,199.000,0.287500,0.187500,-0.939248,54.296,68.466,134.773,2880.0,156.453,13.372024,4.060
Victor_intento_4.mp4,282,9400.000,True,241.000,244.000,0.000,310.000,198.000,0.287500,0.191667,-0.938407,54.415,68.333,134.115,2873.5,156.750,13.397401,4.062
Victor_intento_4.mp4,283,9433.333,True,241.000,244.000,0.000,310.000,198.000,0.287500,0.191667,-0.938407,54.359,68.371,133.761,2870.0,158.186,13.520208,4.021
Victor_intento_4.mp4,284,9466.667,True,241.000,245.000,0.000,310.000,198.000,0.287500,0.195833,-0.937546,54.707,68.420,134.551,2893.5,157.620,13.471800,4.061
Victor_intento_4.mp4,285,9500.000,True,241.000,245.000,0.000,310.000,199.000,0.287500,0.191667,-0.938407,54.632,68.514,134.931,2888.5,157.332,13.447155,4.063
Victor_intento_4.mp4,286,9533.333,True,241.000,245.000,0.000,310.000,199.000,0.287500,0.191667,-0.938407,54.920,68.813,134.444,2926.5,158.018,13.505833,4.066
Victor_intento_4.mp4,287,9566.667,True,241.000,245.000,0.000,310.000,199.000,0.287500,0.191667,-0.938407,55.027,68.980,134.522,2937.5,158.114,13.514021,4.072
Victor_intento_4.mp4,288,9600.000,True,241.000,245.000,0.000,310.000,199.000,0.287500,0.191667,-0.938407,54.965,69.146,134.446,2938.5,156.417,13.369006,4.111
Victor_intento_4.mp4,289,9633.333,True,241.000,245.000,0.000,310.000,199.000,0.287500,0.191667,-0.938407,54.984,68.984,134.620,2941.5,156.571,13.382124,4.109
Victor_intento_4.mp4,290,9666.667,True,241.000,245.000,0.000,310.000,199.000,0.287500,0.191667,-0.938407,55.190,69.098,134.315,2959.5,156.871,13.407801,4.116
Victor_intento_4.mp4,291,9700.000,True,241.000,245.000,0.000,310.000,199.000,0.287500,0.191667,-0.938407,55.066,69.184,134.744,2951.5,157.306,13.444978,4.096
Victor_intento_4.mp4,292,9733.333,True,241.000,245.000,0.000,310.000,199.000,0.287500,0.191667,-0.938407,54.886,68.806,134.884,2950.0,156.935,13.413233,4.092
Victor_intento_4.mp4,293,9766.667,True,241.000,245.000,0.000,310.000,199.000,0.287500,0.191667,-0.938407,54.884,68.858,134.253,2915.5,157.446,13.456963,4.079
Victor_intento_4.mp4,294,9800.000,True,241.000,245.000,0.000,310.000,199.000,0.287500,0.191667,-0.938407,54.647,68.596,134.895,2896.5,157.460,13.458112,4.061
Victor_intento_4.mp4,295,9833.333,True,241.000,245.000,0.000,310.000,199.000,0.287500,0.191667,-0.938407,54.666,68.161,135.045,2877.5,158.264,13.526868,4.041
Victor_intento_4.mp4,296,9866.667,True,241.000,245.000,0.000,310.000,199.000,0.287500,0.191667,-0.938407,54.352,67.670,134.911,2852.5,158.420,13.540169,4.014
Victor_intento_4.mp4,297,9900.000,True,241.000,245.000,0.000,310.000,199.000,0.287500,0.191667,-0.938407,53.806,67.312,135.348,2832.5,158.737,13.567284,3.966
Victor_intento_4.mp4,298,9933.333,True,241.000,245.000,0.000,310.000,199.000,0.287500,0.191667,-0.938407,53.863,67.733,134.908,2826.5,158.518,13.548564,3.976
Victor_intento_4.mp4,299,9966.667,True,241.000,245.000,0.000,310.000,199.000,0.287500,0.191667,-0.938407,53.861,67.692,135.616,2818.5,159.007,13.590357,3.963
Victor_intento_4.mp4,300,10000.000,True,241.000,246.000,0.000,310.000,199.000,0.287500,0.195833,-0.937546,53.716,67.460,134.956,2800.0,158.681,13.562460,3.961
Victor_intento_4.mp4,301,10033.333,True,241.000,246.000,0.000,310.000,199.000,0.287500,0.195833,-0.937546,53.710,67.254,135.303,2797.5,157.427,13.455329,3.992
Victor_intento_4.mp4,302,10066.667,True,241.000,246.000,0.000,310.000,199.000,0.287500,0.195833,-0.937546,53.502,67.517,134.428,2794.0,157.637,13.473221,3.971
Victor_intento_4.mp4,303,10100.000,True,241.000,246.000,0.000,311.000,199.000,0.291667,0.195833,-0.936258,53.342,67.135,135.337,2776.5,161.014,13.761923,3.876
Victor_intento_4.mp4,304,10133.333,True,241.000,246.000,0.000,311.000,199.000,0.291667,0.195833,-0.936258,53.281,67.231,135.055,2772.5,157.502,13.461734,3.958
Victor_intento_4.mp4,305,10166.667,True,241.000,246.000,0.000,311.000,199.000,0.291667,0.195833,-0.936258,53.436,67.125,135.397,2773.5,157.918,13.497294,3.959
Victor_intento_4.mp4,306,10200.000,True,241.000,246.000,0.000,311.000,199.000,0.291667,0.195833,-0.936258,53.332,67.138,136.177,2772.5,157.600,13.470056,3.959
Victor_intento_4.mp4,307,10233.333,True,241.000,246.000,0.000,311.000,200.000,0.291667,0.191667,-0.937120,53.248,66.684,136.395,2751.0,159.045,13.593603,3.917
Victor_intento_4.mp4,308,10266.667,True,241.000,246.000,0.000,311.000,200.000,0.291667,0.191667,-0.937120,53.629,66.883,136.374,2773.0,158.105,13.513288,3.969
Victor_intento_4.mp4,309,10300.000,True,241.000,246.000,0.000,311.000,200.000,0.291667,0.191667,-0.937120,53.266,67.095,136.214,2758.5,157.865,13.492752,3.948
Victor_intento_4.mp4,310,10333.333,True,241.000,246.000,0.000,311.000,200.000,0.291667,0.191667,-0.937120,53.328,67.126,136.241,2764.5,157.313,13.445592,3.966
Victor_intento_4.mp4,311,10366.667,True,241.000,246.000,0.000,311.000,200.000,0.291667,0.191667,-0.937120,53.260,67.129,136.197,2755.0,158.658,13.560486,3.928
Victor_intento_4.mp4,312,10400.000,True,241.000,246.000,0.000,311.000,200.000,0.291667,0.191667,-0.937120,53.348,66.774,136.756,2756.0,158.411,13.539430,3.940
Victor_intento_4.mp4,313,10433.333,True,242.000,246.000,0.000,311.000,200.000,0.287500,0.191667,-0.938407,53.310,66.724,136.341,2752.0,158.329,13.532432,3.939
Victor_intento_4.mp4,314,10466.667,True,242.000,246.000,0.000,311.000,200.000,0.287500,0.191667,-0.938407,53.427,67.090,136.026,2765.5,159.080,13.596620,3.929
Victor_intento_4.mp4,315,10500.000,True,242.000,246.000,0.000,311.000,200.000,0.287500,0.191667,-0.938407,53.298,66.732,136.125,2753.0,158.479,13.545192,3.935
Victor_intento_4.mp4,316,10533.333,True,242.000,247.000,0.000,311.000,200.000,0.287500,0.195833,-0.937546,53.305,66.470,136.421,2746.0,158.271,13.527415,3.941
Victor_intento_4.mp4,317,10566.667,True,242.000,247.000,0.000,311.000,200.000,0.287500,0.195833,-0.937546,52.777,66.603,135.258,2712.0,154.747,13.226269,3.990
Victor_intento_4.mp4,318,10600.000,True,242.000,247.000,0.000,317.000,196.000,0.312500,0.212500,-0.925844,42.612,64.622,133.880,2112.0,121.335,10.370531,4.109
Victor_intento_4.mp4,319,10633.333,True,242.000,247.000,0.000,329.000,190.000,0.362500,0.237500,-0.901214,35.631,63.301,137.039,1748.5,105.776,9.040671,3.941
Victor_intento_4.mp4,320,10666.667,True,242.000,247.000,0.000,342.000,184.000,0.416667,0.262500,-0.870335,36.953,62.893,136.563,1793.5,117.327,10.027969,3.685
Victor_intento_4.mp4,321,10700.000,True,242.000,247.000,0.000,348.000,182.000,0.441667,0.270833,-0.855324,36.671,62.863,137.316,1785.0,127.445,10.892756,3.367
Victor_intento_4.mp4,322,10733.333,True,242.000,247.000,0.000,348.000,181.000,0.441667,0.275000,-0.853994,36.538,62.946,136.909,1774.0,135.788,11.605801,3.148
Victor_intento_4.mp4,323,10766.667,True,242.000,247.000,0.000,349.000,181.000,0.445833,0.275000,-0.851826,36.348,63.178,136.308,1758.0,133.313,11.394274,3.190
Victor_intento_4.mp4,324,10800.000,True,242.000,247.000,0.000,349.000,181.000,0.445833,0.275000,-0.851826,36.481,63.405,136.181,1764.5,136.027,11.626206,3.138
Victor_intento_4.mp4,325,10833.333,True,242.000,247.000,0.000,349.000,181.000,0.445833,0.275000,-0.851826,36.626,63.275,136.644,1786.0,132.400,11.316210,3.237
Victor_intento_4.mp4,326,10866.667,True,242.000,247.000,0.000,349.000,181.000,0.445833,0.275000,-0.851826,36.904,64.701,135.734,1832.0,138.672,11.852326,3.114
Victor_intento_4.mp4,327,10900.000,True,242.000,247.000,0.000,350.000,180.000,0.450000,0.279167,-0.848272,36.473,64.422,135.911,1814.5,140.158,11.979348,3.045
Victor_intento_4.mp4,328,10933.333,True,242.000,247.000,0.000,351.000,180.000,0.454167,0.279167,-0.846049,36.735,64.867,136.234,1834.5,149.106,12.744078,2.883
Victor_intento_4.mp4,329,10966.667,True,242.000,247.000,0.000,351.000,180.000,0.454167,0.279167,-0.846049,37.335,65.628,136.579,1880.0,144.553,12.354961,3.022
Victor_intento_4.mp4,330,11000.000,True,242.000,247.000,0.000,352.000,180.000,0.458333,0.279167,-0.843799,37.297,66.557,136.469,1908.5,152.758,13.056231,2.857
Victor_intento_4.mp4,331,11033.333,True,242.000,247.000,0.000,352.000,180.000,0.458333,0.279167,-0.843799,37.472,66.560,136.050,1915.0,149.862,12.808692,2.926
Victor_intento_4.mp4,332,11066.667,True,242.000,248.000,0.000,352.000,180.000,0.458333,0.283333,-0.842409,37.718,67.215,135.849,1946.0,153.109,13.086277,2.882
Victor_intento_4.mp4,333,11100.000,True,242.000,248.000,0.000,352.000,180.000,0.458333,0.283333,-0.842409,38.079,67.021,136.570,1966.5,147.814,12.633658,3.014
Victor_intento_4.mp4,334,11133.333,True,242.000,248.000,0.000,351.000,180.000,0.454167,0.283333,-0.844663,38.103,67.149,136.598,1982.0,151.204,12.923382,2.948
Victor_intento_4.mp4,335,11166.667,True,242.000,248.000,0.000,351.000,180.000,0.454167,0.283333,-0.844663,38.360,67.750,136.047,2003.0,152.922,13.070271,2.935
Victor_intento_4.mp4,336,11200.000,True,242.000,248.000,0.000,351.000,180.000,0.454167,0.283333,-0.844663,38.269,67.258,136.381,1995.0,151.003,12.906219,2.965
Victor_intento_4.mp4,337,11233.333,True,242.000,248.000,0.000,351.000,180.000,0.454167,0.283333,-0.844663,38.287,67.024,135.657,1976.5,149.788,12.802424,2.991
Victor_intento_4.mp4,338,11266.667,True,242.000,248.000,0.000,351.000,180.000,0.454167,0.283333,-0.844663,38.066,66.680,135.906,1959.5,149.492,12.777072,2.979
Victor_intento_4.mp4,339,11300.000,True,242.000,248.000,0.000,351.000,180.000,0.454167,0.283333,-0.844663,37.962,66.165,136.000,1929.0,145.006,12.393672,3.063
Victor_intento_4.mp4,340,11333.333,True,242.000,248.000,0.000,351.000,180.000,0.454167,0.283333,-0.844663,37.768,65.924,135.315,1915.5,146.155,12.491866,3.023
Victor_intento_4.mp4,341,11366.667,True,242.000,248.000,0.000,351.000,180.000,0.454167,0.283333,-0.844663,37.369,65.565,136.305,1903.5,146.495,12.520935,2.985
Victor_intento_4.mp4,342,11400.000,True,242.000,248.000,0.000,351.000,180.000,0.454167,0.283333,-0.844663,37.476,65.244,135.999,1886.5,144.059,12.312733,3.044
Victor_intento_4.mp4,343,11433.333,True,242.000,248.000,0.000,351.000,180.000,0.454167,0.283333,-0.844663,37.046,64.759,136.047,1860.5,144.227,12.327126,3.005
Victor_intento_4.mp4,344,11466.667,True,242.000,248.000,0.000,351.000,179.000,0.454167,0.287500,-0.843253,36.625,64.519,135.224,1813.0,144.698,12.367315,2.961
Victor_intento_4.mp4,345,11500.000,True,242.000,248.000,0.000,352.000,179.000,0.458333,0.287500,-0.840996,36.366,64.238,134.907,1798.5,138.001,11.794945,3.083
Victor_intento_4.mp4,346,11533.333,True,242.000,248.000,0.000,352.000,179.000,0.458333,0.287500,-0.840996,36.195,63.989,135.187,1788.5,140.074,11.972131,3.023
Victor_intento_4.mp4,347,11566.667,True,242.000,248.000,0.000,352.000,179.000,0.458333,0.287500,-0.840996,36.443,64.010,135.906,1803.5,139.891,11.956504,3.048
Victor_intento_4.mp4,348,11600.000,True,242.000,248.000,0.000,352.000,179.000,0.458333,0.287500,-0.840996,36.611,63.992,135.550,1802.5,139.674,11.937985,3.067
Victor_intento_4.mp4,349,11633.333,True,242.000,249.000,0.000,352.000,179.000,0.458333,0.291667,-0.839560,36.364,63.890,135.501,1796.5,140.806,12.034722,3.022
Victor_intento_4.mp4,350,11666.667,True,242.000,249.000,0.000,352.000,179.000,0.458333,0.291667,-0.839560,36.588,64.333,135.706,1809.0,148.712,12.710400,2.879
Victor_intento_4.mp4,351,11700.000,True,242.000,249.000,0.000,352.000,179.000,0.458333,0.291667,-0.839560,36.604,64.175,135.908,1811.0,140.232,11.985613,3.054
Victor_intento_4.mp4,352,11733.333,True,242.000,249.000,0.000,353.000,180.000,0.462500,0.287500,-0.838712,36.659,64.353,135.648,1814.0,141.150,12.064105,3.039
Victor_intento_4.mp4,353,11766.667,True,242.000,249.000,0.000,353.000,180.000,0.462500,0.287500,-0.838712,36.649,64.377,135.329,1816.0,144.901,12.384661,2.959
Victor_intento_4.mp4,354,11800.000,True,242.000,249.000,0.000,353.000,179.000,0.462500,0.291667,-0.837272,36.739,64.740,135.594,1826.5,147.013,12.565203,2.924
Victor_intento_4.mp4,355,11833.333,True,242.000,249.000,0.000,352.000,179.000,0.458333,0.291667,-0.839560,36.835,64.902,134.776,1832.5,149.042,12.738606,2.892
Victor_intento_4.mp4,356,11866.667,True,242.000,249.000,0.000,352.000,179.000,0.458333,0.291667,-0.839560,36.898,64.724,135.730,1831.0,143.085,12.229509,3.017
Victor_intento_4.mp4,357,11900.000,True,242.000,249.000,0.000,352.000,179.000,0.458333,0.291667,-0.839560,37.039,64.933,135.901,1842.0,143.209,12.240084,3.026
Victor_intento_4.mp4,358,11933.333,True,242.000,249.000,0.000,352.000,180.000,0.458333,0.287500,-0.840996,36.810,64.941,136.026,1838.5,149.123,12.745580,2.888
Victor_intento_4.mp4,359,11966.667,True,242.000,249.000,0.000,352.000,180.000,0.458333,0.287500,-0.840996,36.506,64.653,135.157,1819.0,141.387,12.084353,3.021
Victor_intento_4.mp4,360,12000.000,True,242.000,249.000,0.000,352.000,180.000,0.458333,0.287500,-0.840996,36.239,64.642,136.407,1820.0,147.494,12.606346,2.875
Victor_intento_4.mp4,361,12033.333,True,242.000,249.000,0.000,352.000,180.000,0.458333,0.287500,-0.840996,36.326,64.815,136.238,1824.0,143.868,12.296379,2.954
Victor_intento_4.mp4,362,12066.667,True,242.000,249.000,0.000,353.000,180.000,0.462500,0.287500,-0.838712,36.657,65.068,136.207,1836.0,144.825,12.378235,2.961
Victor_intento_4.mp4,363,12100.000,True,242.000,249.000,0.000,353.000,180.000,0.462500,0.287500,-0.838712,36.714,65.167,136.225,1843.5,147.380,12.596580,2.915
Victor_intento_4.mp4,364,12133.333,True,242.000,249.000,0.000,353.000,180.000,0.462500,0.287500,-0.838712,36.676,65.184,136.298,1845.5,144.860,12.381197,2.962
Victor_intento_4.mp4,365,12166.667,True,242.000,249.000,0.000,353.000,180.000,0.462500,0.287500,-0.838712,36.925,64.842,135.775,1846.5,140.810,12.035003,3.068
Victor_intento_4.mp4,366,12200.000,True,242.000,249.000,0.000,353.000,180.000,0.462500,0.287500,-0.838712,36.735,64.924,137.008,1842.5,147.229,12.583644,2.919
Victor_intento_4.mp4,367,12233.333,True,242.000,249.000,0.000,353.000,180.000,0.462500,0.287500,-0.838712,36.979,65.033,136.039,1856.0,145.831,12.464146,2.967
Victor_intento_4.mp4,368,12266.667,True,242.000,250.000,0.000,353.000,180.000,0.462500,0.291667,-0.837272,37.068,64.941,136.498,1858.0,145.620,12.446155,2.978
Victor_intento_4.mp4,369,12300.000,True,242.000,250.000,0.000,353.000,180.000,0.462500,0.291667,-0.837272,36.950,65.388,136.455,1858.5,147.024,12.566133,2.940
Victor_intento_4.mp4,370,12333.333,True,242.000,250.000,0.000,353.000,180.000,0.462500,0.291667,-0.837272,37.020,65.700,136.203,1864.5,146.671,12.536024,2.953
Victor_intento_4.mp4,371,12366.667,True,242.000,250.000,0.000,353.000,180.000,0.462500,0.291667,-0.837272,37.192,65.696,135.460,1878.0,147.286,12.588570,2.954
Victor_intento_4.mp4,372,12400.000,True,242.000,250.000,0.000,353.000,180.000,0.462500,0.291667,-0.837272,37.230,66.133,135.951,1896.5,151.063,12.911353,2.884
Victor_intento_4.mp4,373,12433.333,True,242.000,250.000,0.000,353.000,180.000,0.462500,0.291667,-0.837272,37.089,66.004,136.821,1898.5,150.145,12.832918,2.890
Victor_intento_4.mp4,374,12466.667,True,242.000,250.000,0.000,353.000,180.000,0.462500,0.291667,-0.837272,37.270,66.267,135.671,1896.0,147.239,12.584504,2.962
Victor_intento_4.mp4,375,12500.000,True,242.000,250.000,0.000,353.000,180.000,0.462500,0.291667,-0.837272,37.378,66.349,135.517,1903.0,150.369,12.852041,2.908
Victor_intento_4.mp4,376,12533.333,True,242.000,250.000,0.000,353.000,180.000,0.462500,0.291667,-0.837272,37.351,66.340,135.607,1904.0,149.294,12.760207,2.927
Victor_intento_4.mp4,377,12566.667,True,242.000,250.000,0.000,340.000,178.000,0.408333,0.300000,-0.862128,48.575,63.409,123.539,2370.5,130.962,11.193336,4.340
Victor_intento_4.mp4,378,12600.000,True,242.000,250.000,0.000,310.000,178.000,0.283333,0.300000,-0.910891,56.020,67.036,100.712,2914.5,140.706,12.026138,4.658
Victor_intento_4.mp4,379,12633.333,True,242.000,250.000,0.000,273.000,178.000,0.129167,0.300000,-0.945154,57.060,71.164,101.702,3153.5,139.224,11.899529,4.795
Victor_intento_4.mp4,380,12666.667,True,242.000,250.000,0.000,253.000,180.000,0.045833,0.291667,-0.955421,56.811,70.498,105.552,3116.0,145.167,12.407427,4.579
Victor_intento_4.mp4,381,12700.000,True,242.000,250.000,0.000,250.000,180.000,0.033333,0.291667,-0.955939,57.016,70.283,105.203,3115.5,152.099,12.999900,4.386
Victor_intento_4.mp4,382,12733.333,True,242.000,250.000,0.000,253.000,179.000,0.045833,0.295833,-0.954139,57.094,70.367,104.326,3118.5,157.082,13.425800,4.253
Victor_intento_4.mp4,383,12766.667,True,242.000,250.000,0.000,254.000,179.000,0.050000,0.295833,-0.953930,57.454,70.720,104.637,3156.5,156.816,13.403070,4.287
Victor_intento_4.mp4,384,12800.000,True,242.000,250.000,0.000,254.000,178.000,0.050000,0.300000,-0.952628,57.318,71.141,103.858,3173.5,154.217,13.180925,4.349
Victor_intento_4.mp4,385,12833.333,True,242.000,250.000,0.000,254.000,178.000,0.050000,0.300000,-0.952628,57.475,70.726,103.520,3184.0,154.092,13.170266,4.364
Victor_intento_4.mp4,386,12866.667,True,242.000,250.000,0.000,252.000,178.000,0.041667,0.300000,-0.953029,58.281,71.659,102.483,3276.0,154.609,13.214444,4.410
Victor_intento_4.mp4,387,12900.000,True,242.000,250.000,0.000,250.000,178.000,0.033333,0.300000,-0.953357,58.414,71.759,100.796,3277.5,154.347,13.192024,4.428
Victor_intento_4.mp4,388,12933.333,True,242.000,250.000,0.000,248.000,178.000,0.025000,0.300000,-0.953612,58.403,71.649,100.909,3282.5,154.516,13.206455,4.422
Victor_intento_4.mp4,389,12966.667,True,242.000,250.000,0.000,249.000,178.000,0.029167,0.300000,-0.953493,58.471,71.663,101.656,3288.5,155.024,13.249923,4.413
Victor_intento_4.mp4,390,13000.000,True,242.000,250.000,0.000,249.000,178.000,0.029167,0.300000,-0.953493,58.172,71.817,101.185,3273.5,155.365,13.279032,4.381
Victor_intento_4.mp4,391,13033.333,True,242.000,250.000,0.000,249.000,178.000,0.029167,0.300000,-0.953493,57.818,71.190,100.455,3227.5,154.724,13.224292,4.372
Victor_intento_4.mp4,392,13066.667,True,242.000,251.000,0.000,249.000,177.000,0.029167,0.308333,-0.950831,57.585,71.026,100.826,3214.0,155.429,13.284572,4.335
Victor_intento_4.mp4,393,13100.000,True,242.000,251.000,0.000,249.000,177.000,0.029167,0.308333,-0.950831,57.354,70.441,101.108,3163.0,156.390,13.366663,4.291
Victor_intento_4.mp4,394,13133.333,True,242.000,251.000,0.000,249.000,177.000,0.029167,0.308333,-0.950831,57.186,69.716,100.186,3121.5,157.459,13.458050,4.249
Victor_intento_4.mp4,395,13166.667,True,242.000,251.000,0.000,249.000,178.000,0.029167,0.304167,-0.952172,56.892,69.148,100.976,3064.0,158.472,13.544595,4.200
Victor_intento_4.mp4,396,13200.000,True,242.000,251.000,0.000,249.000,178.000,0.029167,0.304167,-0.952172,56.533,68.926,100.367,3032.5,158.763,13.569491,4.166
Victor_intento_4.mp4,397,13233.333,True,242.000,251.000,0.000,249.000,178.000,0.029167,0.304167,-0.952172,56.454,68.559,100.608,3012.0,160.336,13.703951,4.120
Victor_intento_4.mp4,398,13266.667,True,242.000,251.000,0.000,249.000,178.000,0.029167,0.304167,-0.952172,55.380,67.983,100.500,2950.0,160.444,13.713131,4.038
Victor_intento_4.mp4,399,13300.000,True,242.000,251.000,0.000,250.000,178.000,0.033333,0.304167,-0.952035,55.319,67.809,100.305,2937.0,161.232,13.780484,4.014
Victor_intento_4.mp4,400,13333.333,True,242.000,251.000,0.000,250.000,178.000,0.033333,0.304167,-0.952035,55.350,67.643,100.312,2930.0,160.927,13.754477,4.024
Victor_intento_4.mp4,401,13366.667,True,242.000,251.000,0.000,250.000,178.000,0.033333,0.304167,-0.952035,55.369,67.619,99.476,2903.5,161.185,13.776526,4.019
Victor_intento_4.mp4,402,13400.000,True,242.000,251.000,0.000,250.000,178.000,0.033333,0.304167,-0.952035,55.248,67.457,99.577,2889.5,160.530,13.720545,4.027
Victor_intento_4.mp4,403,13433.333,True,242.000,251.000,0.000,251.000,177.000,0.037500,0.308333,-0.950539,54.432,67.548,103.153,2859.0,158.174,13.519185,4.026
Victor_intento_4.mp4,404,13466.667,True,242.000,251.000,0.000,252.000,177.000,0.041667,0.308333,-0.950365,54.783,67.124,101.531,2860.5,155.834,13.319127,4.113
Victor_intento_4.mp4,405,13500.000,True,242.000,251.000,0.000,253.000,177.000,0.045833,0.308333,-0.950174,54.773,67.414,101.017,2870.5,157.712,13.479648,4.063
Victor_intento_4.mp4,406,13533.333,True,242.000,251.000,0.000,253.000,177.000,0.045833,0.308333,-0.950174,54.807,67.314,101.422,2868.5,159.208,13.607526,4.028
Victor_intento_4.mp4,407,13566.667,True,242.000,251.000,0.000,253.000,177.000,0.045833,0.308333,-0.950174,54.412,66.699,101.665,2829.0,151.523,12.950687,4.201
Victor_intento_4.mp4,408,13600.000,True,242.000,251.000,0.000,253.000,177.000,0.045833,0.308333,-0.950174,54.514,66.919,100.159,2840.5,151.901,12.983018,4.199
Victor_intento_4.mp4,409,13633.333,True,242.000,251.000,0.000,252.000,177.000,0.041667,0.308333,-0.950365,54.350,66.722,101.239,2823.0,151.432,12.942934,4.199
Victor_intento_4.mp4,410,13666.667,True,242.000,251.000,0.000,252.000,177.000,0.041667,0.308333,-0.950365,54.625,66.834,101.322,2833.5,150.163,12.834414,4.256
Victor_intento_4.mp4,411,13700.000,True,242.000,251.000,0.000,252.000,177.000,0.041667,0.308333,-0.950365,54.184,66.728,101.388,2837.0,152.485,13.032876,4.157
Victor_intento_4.mp4,412,13733.333,True,242.000,251.000,0.000,252.000,177.000,0.041667,0.308333,-0.950365,54.370,66.854,101.548,2830.5,153.609,13.128936,4.141
Victor_intento_4.mp4,413,13766.667,True,242.000,251.000,0.000,252.000,177.000,0.041667,0.308333,-0.950365,54.193,66.304,101.343,2795.0,151.068,12.911800,4.197
Victor_intento_4.mp4,414,13800.000,True,242.000,251.000,0.000,252.000,177.000,0.041667,0.308333,-0.950365,54.523,66.439,101.108,2819.0,150.064,12.826023,4.251
Victor_intento_4.mp4,415,13833.333,True,242.000,251.000,0.000,252.000,177.000,0.041667,0.308333,-0.950365,54.214,66.332,101.911,2816.0,154.406,13.197068,4.108
Victor_intento_4.mp4,416,13866.667,True,242.000,251.000,0.000,252.000,177.000,0.041667,0.308333,-0.950365,54.722,66.658,102.057,2832.0,154.720,13.223959,4.138
Victor_intento_4.mp4,417,13900.000,True,242.000,251.000,0.000,252.000,178.000,0.041667,0.304167,-0.951707,54.703,67.037,102.042,2847.0,157.187,13.434824,4.072
Victor_intento_4.mp4,418,13933.333,True,242.000,251.000,0.000,252.000,178.000,0.041667,0.304167,-0.951707,54.734,67.147,101.849,2853.0,160.867,13.749347,3.981
Victor_intento_4.mp4,419,13966.667,True,242.000,251.000,0.000,252.000,177.000,0.041667,0.308333,-0.950365,55.112,67.029,101.954,2865.0,149.412,12.770229,4.316
Victor_intento_4.mp4,420,14000.000,True,242.000,252.000,0.000,252.000,177.000,0.041667,0.312500,-0.949003,55.059,67.509,102.325,2891.5,158.270,13.527326,4.070
Victor_intento_4.mp4,421,14033.333,True,242.000,252.000,0.000,252.000,177.000,0.041667,0.312500,-0.949003,55.149,67.377,101.572,2892.5,160.152,13.688229,4.029
Victor_intento_4.mp4,422,14066.667,True,242.000,252.000,0.000,252.000,178.000,0.041667,0.308333,-0.950365,55.425,67.474,102.660,2902.5,158.106,13.513340,4.102
Victor_intento_4.mp4,423,14100.000,True,242.000,252.000,0.000,252.000,178.000,0.041667,0.308333,-0.950365,55.287,67.386,101.883,2897.5,152.299,13.017040,4.247
Victor_intento_4.mp4,424,14133.333,True,242.000,252.000,0.000,252.000,178.000,0.041667,0.308333,-0.950365,54.963,67.035,102.668,2892.5,149.302,12.760897,4.307
Victor_intento_4.mp4,425,14166.667,True,242.000,252.000,0.000,252.000,178.000,0.041667,0.308333,-0.950365,55.193,67.381,102.560,2891.5,148.048,12.653709,4.362
Victor_intento_4.mp4,426,14200.000,True,242.000,252.000,0.000,252.000,178.000,0.041667,0.308333,-0.950365,55.142,67.325,101.688,2885.0,156.281,13.357347,4.128
Victor_intento_4.mp4,427,14233.333,True,242.000,252.000,0.000,252.000,178.000,0.041667,0.308333,-0.950365,55.061,67.218,102.226,2879.5,153.674,13.134544,4.192
Victor_intento_4.mp4,428,14266.667,True,242.000,252.000,0.000,253.000,178.000,0.045833,0.308333,-0.950174,55.044,67.201,101.782,2876.0,153.776,13.143222,4.188
Victor_intento_4.mp4,429,14300.000,True,242.000,252.000,0.000,253.000,178.000,0.045833,0.308333,-0.950174,55.029,67.582,102.938,2889.5,154.001,13.162513,4.181
Victor_intento_4.mp4,430,14333.333,True,242.000,252.000,0.000,253.000,178.000,0.045833,0.308333,-0.950174,55.257,67.737,102.790,2906.5,156.193,13.349861,4.139
Victor_intento_4.mp4,431,14366.667,True,242.000,252.000,0.000,253.000,178.000,0.045833,0.308333,-0.950174,55.372,67.783,101.719,2913.0,152.411,13.026600,4.251
Victor_intento_4.mp4,432,14400.000,True,242.000,252.000,0.000,253.000,178.000,0.045833,0.308333,-0.950174,55.575,67.934,101.856,2928.0,153.282,13.100984,4.242
Victor_intento_4.mp4,433,14433.333,True,242.000,252.000,0.000,253.000,178.000,0.045833,0.308333,-0.950174,55.720,68.006,102.430,2958.0,151.072,12.912111,4.315
Victor_intento_4.mp4,434,14466.667,True,242.000,252.000,0.000,253.000,178.000,0.045833,0.308333,-0.950174,56.019,68.480,102.232,2984.0,153.037,13.080074,4.283
Victor_intento_4.mp4,435,14500.000,True,242.000,252.000,0.000,253.000,178.000,0.045833,0.308333,-0.950174,56.217,68.998,105.320,3020.5,153.125,13.087573,4.295
Victor_intento_4.mp4,436,14533.333,True,242.000,252.000,0.000,271.000,183.000,0.120833,0.287500,-0.950128,51.115,72.829,134.808,2865.0,150.412,12.855766,3.976
Victor_intento_4.mp4,437,14566.667,True,242.000,252.000,0.000,304.000,197.000,0.258333,0.229167,-0.938481,47.661,71.136,150.879,2640.0,139.718,11.941719,3.991
Victor_intento_4.mp4,438,14600.000,False,242.000,252.000,,,,,,,,,,2524.5,154.585,13.212411,3.611
Victor_intento_4.mp4,439,14633.333,False,242.000,252.000,,,,,,,,,,2543.0,155.598,13.298981,3.582
Victor_intento_4.mp4,440,14666.667,False,242.000,252.000,,,,,,,,,,2561.0,159.171,13.604350,3.511
Victor_intento_4.mp4,441,14700.000,False,242.000,252.000,,,,,,,,,,2578.5,161.391,13.794108,3.480
Victor_intento_4.mp4,442,14733.333,False,242.000,252.000,,,,,,,,,,2587.5,162.508,13.889551,3.464
Victor_intento_4.mp4,443,14766.667,False,242.000,252.000,,,,,,,,,,2589.5,159.903,13.666939,3.512
Victor_intento_4.mp4,444,14800.000,False,242.000,252.000,,,,,,,,,,2609.5,160.896,13.751759,3.503
Victor_intento_4.mp4,445,14833.333,False,242.000,252.000,,,,,,,,,,2613.0,160.847,13.747602,3.502
Victor_intento_4.mp4,446,14866.667,False,242.000,252.000,,,,,,,,,,2605.0,160.635,13.729458,3.507
Victor_intento_4.mp4,447,14900.000,False,242.000,252.000,,,,,,,,,,2611.0,162.691,13.905201,3.478
Victor_intento_4.mp4,448,14933.333,True,242.000,252.000,0.000,363.000,230.000,0.504167,0.091667,-0.858728,46.496,68.653,159.450,2478.5,155.478,13.288746,3.499
Victor_intento_4.mp4,449,14966.667,True,242.000,252.000,0.000,363.000,229.000,0.504167,0.095833,-0.858273,47.546,69.807,157.671,2571.5,160.797,13.743324,3.460
Victor_intento_4.mp4,450,15000.000,True,242.000,252.000,0.000,363.000,229.000,0.504167,0.095833,-0.858273,47.661,70.074,157.448,2585.5,159.636,13.644134,3.493
Victor_intento_4.mp4,451,15033.333,True,242.000,252.000,0.000,363.000,229.000,0.504167,0.095833,-0.858273,47.725,70.250,157.207,2605.5,158.635,13.558532,3.520
Victor_intento_4.mp4,452,15066.667,True,242.000,253.000,0.000,363.000,229.000,0.504167,0.100000,-0.857797,47.903,70.363,157.033,2617.5,157.426,13.455224,3.560
Victor_intento_4.mp4,453,15100.000,True,242.000,253.000,0.000,363.000,229.000,0.504167,0.100000,-0.857797,47.906,70.557,157.181,2623.5,159.983,13.673749,3.504
Victor_intento_4.mp4,454,15133.333,True,242.000,253.000,0.000,363.000,229.000,0.504167,0.100000,-0.857797,48.052,70.746,157.147,2641.0,160.605,13.726957,3.501
Victor_intento_4.mp4,455,15166.667,True,242.000,253.000,0.000,363.000,229.000,0.504167,0.100000,-0.857797,48.035,70.647,157.305,2641.0,161.672,13.818092,3.476
Victor_intento_4.mp4,456,15200.000,True,242.000,253.000,0.000,363.000,229.000,0.504167,0.100000,-0.857797,48.006,70.436,157.191,2630.5,162.309,13.872606,3.461
Victor_intento_4.mp4,457,15233.333,True,242.000,253.000,0.000,363.000,229.000,0.504167,0.100000,-0.857797,47.991,70.462,157.935,2632.5,160.412,13.710424,3.500
Victor_intento_4.mp4,458,15266.667,True,242.000,253.000,0.000,363.000,229.000,0.504167,0.100000,-0.857797,47.915,70.220,157.525,2615.5,160.925,13.754299,3.484
Victor_intento_4.mp4,459,15300.000,True,242.000,253.000,0.000,363.000,229.000,0.504167,0.100000,-0.857797,47.739,70.009,157.509,2596.0,159.562,13.637771,3.500
Victor_intento_4.mp4,460,15333.333,True,242.000,253.000,0.000,363.000,229.000,0.504167,0.100000,-0.857797,47.652,70.125,157.327,2599.0,159.981,13.673589,3.485
Victor_intento_4.mp4,461,15366.667,True,242.000,253.000,0.000,363.000,229.000,0.504167,0.100000,-0.857797,47.576,69.864,157.481,2587.0,159.690,13.648740,3.486
Victor_intento_4.mp4,462,15400.000,True,242.000,253.000,0.000,363.000,229.000,0.504167,0.100000,-0.857797,47.470,69.894,157.578,2572.0,163.325,13.959435,3.401
Victor_intento_4.mp4,463,15433.333,True,242.000,253.000,0.000,363.000,229.000,0.504167,0.100000,-0.857797,47.320,69.714,157.595,2560.0,163.124,13.942263,3.394
Victor_intento_4.mp4,464,15466.667,True,242.000,253.000,0.000,363.000,229.000,0.504167,0.100000,-0.857797,47.355,69.406,157.596,2551.0,163.355,13.961958,3.392
Victor_intento_4.mp4,465,15500.000,True,242.000,253.000,0.000,363.000,229.000,0.504167,0.100000,-0.857797,47.219,68.938,157.789,2532.5,164.026,14.019310,3.368
Victor_intento_4.mp4,466,15533.333,True,242.000,253.000,0.000,363.000,229.000,0.504167,0.100000,-0.857797,47.079,69.101,157.744,2529.5,163.294,13.956762,3.373
Victor_intento_4.mp4,467,15566.667,True,242.000,253.000,0.000,363.000,229.000,0.504167,0.100000,-0.857797,46.976,68.877,157.420,2511.5,163.127,13.942473,3.369
Victor_intento_4.mp4,468,15600.000,True,242.000,253.000,0.000,363.000,229.000,0.504167,0.100000,-0.857797,47.041,68.969,157.088,2511.5,164.641,14.071912,3.343
Victor_intento_4.mp4,469,15633.333,True,242.000,253.000,0.000,363.000,229.000,0.504167,0.100000,-0.857797,46.919,68.633,157.689,2499.5,163.950,14.012822,3.348
Victor_intento_4.mp4,470,15666.667,True,242.000,253.000,0.000,363.000,229.000,0.504167,0.100000,-0.857797,47.107,68.506,157.571,2502.5,164.333,14.045593,3.354
Victor_intento_4.mp4,471,15700.000,True,242.000,253.000,0.000,363.000,229.000,0.504167,0.100000,-0.857797,47.120,68.801,157.146,2511.0,163.415,13.967067,3.374
Victor_intento_4.mp4,472,15733.333,True,242.000,253.000,0.000,362.000,228.000,0.500000,0.104167,-0.859738,47.982,69.232,155.304,2587.0,161.856,13.833846,3.468
Victor_intento_4.mp4,473,15766.667,True,242.000,253.000,0.000,361.000,227.000,0.495833,0.108333,-0.861634,47.211,68.977,156.545,2530.5,162.148,13.858778,3.407
Victor_intento_4.mp4,474,15800.000,True,242.000,253.000,0.000,361.000,227.000,0.495833,0.108333,-0.861634,47.267,68.986,156.574,2533.5,161.210,13.778627,3.430
Victor_intento_4.mp4,475,15833.333,True,242.000,253.000,0.000,362.000,227.000,0.500000,0.108333,-0.859223,47.518,69.205,157.191,2546.0,163.085,13.938849,3.409
Victor_intento_4.mp4,476,15866.667,True,242.000,253.000,0.000,362.000,227.000,0.500000,0.108333,-0.859223,47.559,69.351,157.022,2563.5,161.484,13.802069,3.446
Victor_intento_4.mp4,477,15900.000,True,242.000,253.000,0.000,362.000,227.000,0.500000,0.108333,-0.859223,47.600,69.417,156.845,2573.5,160.875,13.750029,3.462
Victor_intento_4.mp4,478,15933.333,True,242.000,253.000,0.000,362.000,228.000,0.500000,0.104167,-0.859738,47.895,69.736,156.547,2590.5,161.621,13.813788,3.467
Victor_intento_4.mp4,479,15966.667,True,242.000,253.000,0.000,362.000,228.000,0.500000,0.104167,-0.859738,47.992,70.130,156.881,2611.5,161.740,13.823939,3.472
Victor_intento_4.mp4,480,16000.000,True,242.000,253.000,0.000,362.000,228.000,0.500000,0.104167,-0.859738,47.983,70.497,156.866,2626.5,162.799,13.914417,3.448
Victor_intento_4.mp4,481,16033.333,True,242.000,253.000,0.000,362.000,228.000,0.500000,0.104167,-0.859738,48.114,70.629,156.969,2638.0,162.068,13.852008,3.473
Victor_intento_4.mp4,482,16066.667,True,242.000,253.000,0.000,362.000,228.000,0.500000,0.104167,-0.859738,48.527,70.884,156.957,2674.5,160.586,13.725296,3.536
Victor_intento_4.mp4,483,16100.000,True,242.000,253.000,0.000,362.000,228.000,0.500000,0.104167,-0.859738,48.789,71.335,157.064,2701.5,160.622,13.728408,3.554
Victor_intento_4.mp4,484,16133.333,True,242.000,253.000,0.000,362.000,228.000,0.500000,0.104167,-0.859738,49.035,72.053,157.159,2747.0,160.532,13.720715,3.574
Victor_intento_4.mp4,485,16166.667,True,242.000,253.000,0.000,362.000,228.000,0.500000,0.104167,-0.859738,49.116,72.204,156.951,2758.5,162.273,13.869526,3.541
Victor_intento_4.mp4,486,16200.000,True,242.000,253.000,0.000,362.000,228.000,0.500000,0.104167,-0.859738,49.452,72.497,157.225,2780.5,160.760,13.740146,3.599
Victor_intento_4.mp4,487,16233.333,True,242.000,253.000,0.000,362.000,228.000,0.500000,0.104167,-0.859738,49.485,72.898,157.246,2796.5,162.768,13.911823,3.557
Victor_intento_4.mp4,488,16266.667,True,242.000,254.000,0.000,362.000,228.000,0.500000,0.108333,-0.859223,49.641,72.864,157.128,2804.5,162.246,13.867141,3.580
Victor_intento_4.mp4,489,16300.000,True,242.000,254.000,0.000,362.000,228.000,0.500000,0.108333,-0.859223,49.675,73.077,157.174,2814.0,161.367,13.792023,3.602
Victor_intento_4.mp4,490,16333.333,True,242.000,254.000,0.000,362.000,228.000,0.500000,0.108333,-0.859223,49.861,73.143,156.968,2828.0,161.995,13.845697,3.601
Victor_intento_4.mp4,491,16366.667,True,242.000,254.000,0.000,362.000,228.000,0.500000,0.108333,-0.859223,50.009,73.051,157.069,2836.5,161.300,13.786289,3.627
Victor_intento_4.mp4,492,16400.000,True,242.000,254.000,0.000,362.000,228.000,0.500000,0.108333,-0.859223,49.984,73.328,156.941,2844.0,161.960,13.842710,3.611
Victor_intento_4.mp4,493,16433.333,True,242.000,254.000,0.000,362.000,228.000,0.500000,0.108333,-0.859223,49.945,73.130,157.062,2839.0,163.398,13.965641,3.576
Victor_intento_4.mp4,494,16466.667,True,242.000,254.000,0.000,362.000,228.000,0.500000,0.108333,-0.859223,50.124,73.134,156.859,2848.0,162.473,13.886569,3.610
Victor_intento_4.mp4,495,16500.000,True,242.000,254.000,0.000,362.000,228.000,0.500000,0.108333,-0.859223,50.082,73.221,157.277,2857.0,162.377,13.878358,3.609
Victor_intento_4.mp4,496,16533.333,True,242.000,254.000,0.000,362.000,228.000,0.500000,0.108333,-0.859223,50.258,73.128,156.583,2850.0,162.805,13.914985,3.612
Victor_intento_4.mp4,497,16566.667,True,242.000,254.000,0.000,362.000,228.000,0.500000,0.108333,-0.859223,50.320,73.225,157.056,2856.5,165.782,14.169377,3.551
Victor_intento_4.mp4,498,16600.000,True,242.000,254.000,0.000,350.000,227.000,0.450000,0.112500,-0.885914,61.677,70.803,163.487,3423.0,165.881,14.177854,4.350
Victor_intento_4.mp4,499,16633.333,True,242.000,254.000,0.000,321.000,226.000,0.329167,0.116667,-0.937037,69.331,72.868,138.709,3832.0,165.112,14.112148,4.913
Victor_intento_4.mp4,500,16666.667,True,242.000,254.000,0.000,283.000,226.000,0.170833,0.116667,-0.978368,69.223,79.951,110.349,4049.0,165.493,14.144686,4.894
Victor_intento_4.mp4,501,16700.000,True,242.000,254.000,0.000,259.000,227.000,0.070833,0.112500,-0.991124,69.234,79.457,119.655,4066.5,170.002,14.530114,4.765
Victor_intento_4.mp4,502,16733.333,True,242.000,254.000,0.000,253.000,228.000,0.045833,0.108333,-0.993057,69.641,79.125,119.201,4063.5,176.577,15.092074,4.614
Victor_intento_4.mp4,503,16766.667,True,242.000,254.000,0.000,256.000,228.000,0.058333,0.108333,-0.992402,69.372,79.661,116.607,4083.0,176.197,15.059594,4.607
Victor_intento_4.mp4,504,16800.000,True,242.000,254.000,0.000,257.000,228.000,0.062500,0.108333,-0.992148,69.573,80.028,117.658,4108.5,177.504,15.171248,4.586
Victor_intento_4.mp4,505,16833.333,True,242.000,254.000,0.000,257.000,228.000,0.062500,0.108333,-0.992148,69.876,80.110,116.577,4135.5,175.951,15.038550,4.646
Victor_intento_4.mp4,506,16866.667,True,242.000,254.000,0.000,258.000,227.000,0.066667,0.112500,-0.991413,69.395,80.256,117.337,4152.0,175.631,15.011191,4.623
Victor_intento_4.mp4,507,16900.000,True,242.000,254.000,0.000,258.000,227.000,0.066667,0.112500,-0.991413,70.065,80.396,117.389,4168.0,175.102,14.965966,4.682
Victor_intento_4.mp4,508,16933.333,True,242.000,254.000,0.000,258.000,227.000,0.066667,0.112500,-0.991413,70.189,80.614,117.064,4179.0,174.280,14.895690,4.712
Victor_intento_4.mp4,509,16966.667,True,242.000,254.000,0.000,258.000,227.000,0.066667,0.112500,-0.991413,69.731,80.719,118.686,4175.0,173.872,14.860895,4.692
Victor_intento_4.mp4,510,17000.000,True,242.000,254.000,0.000,258.000,227.000,0.066667,0.112500,-0.991413,69.743,80.710,118.987,4181.0,173.960,14.868362,4.691
Victor_intento_4.mp4,511,17033.333,True,242.000,254.000,0.000,258.000,227.000,0.066667,0.112500,-0.991413,69.650,80.561,116.760,4155.5,173.153,14.799370,4.706
Victor_intento_4.mp4,512,17066.667,True,242.000,254.000,0.000,258.000,226.000,0.066667,0.116667,-0.990931,68.949,80.550,118.528,4130.5,172.124,14.711475,4.687
Victor_intento_4.mp4,513,17100.000,True,242.000,254.000,0.000,258.000,226.000,0.066667,0.116667,-0.990931,68.220,79.940,115.137,4086.0,173.017,14.787782,4.613
Victor_intento_4.mp4,514,17133.333,True,242.000,254.000,0.000,258.000,226.000,0.066667,0.116667,-0.990931,68.884,78.585,118.181,4029.0,173.761,14.851404,4.638
Victor_intento_4.mp4,515,17166.667,True,242.000,254.000,0.000,258.000,226.000,0.066667,0.116667,-0.990931,67.489,78.663,116.242,3964.0,172.891,14.777022,4.567
Victor_intento_4.mp4,516,17200.000,True,242.000,254.000,0.000,258.000,227.000,0.066667,0.112500,-0.991413,67.631,77.669,115.283,3914.0,172.294,14.726003,4.593
Victor_intento_4.mp4,517,17233.333,True,242.000,254.000,0.000,258.000,227.000,0.066667,0.112500,-0.991413,66.271,77.335,113.826,3838.0,172.884,14.776400,4.485
Victor_intento_4.mp4,518,17266.667,True,242.000,254.000,0.000,258.000,227.000,0.066667,0.112500,-0.991413,66.632,76.504,115.257,3802.5,174.379,14.904185,4.471
Victor_intento_4.mp4,519,17300.000,True,242.000,254.000,0.000,258.000,227.000,0.066667,0.112500,-0.991413,66.141,75.795,114.370,3744.5,174.305,14.897837,4.440
Victor_intento_4.mp4,520,17333.333,True,242.000,254.000,0.000,258.000,227.000,0.066667,0.112500,-0.991413,65.096,75.982,115.586,3714.5,174.391,14.905248,4.367
Victor_intento_4.mp4,521,17366.667,True,242.000,254.000,0.000,258.000,227.000,0.066667,0.112500,-0.991413,65.202,74.887,115.139,3656.5,174.489,14.913617,4.372
Victor_intento_4.mp4,522,17400.000,True,242.000,254.000,0.000,258.000,227.000,0.066667,0.112500,-0.991413,64.686,74.923,113.709,3636.5,175.278,14.981015,4.318
Victor_intento_4.mp4,523,17433.333,True,242.000,255.000,0.000,258.000,227.000,0.066667,0.116667,-0.990931,63.979,74.931,113.925,3596.5,174.970,14.954696,4.278
Victor_intento_4.mp4,524,17466.667,True,242.000,255.000,0.000,258.000,227.000,0.066667,0.116667,-0.990931,64.153,74.351,113.917,3579.0,175.892,15.033479,4.267
Victor_intento_4.mp4,525,17500.000,True,242.000,255.000,0.000,258.000,227.000,0.066667,0.116667,-0.990931,63.664,74.067,114.498,3554.0,175.092,14.965120,4.254
Victor_intento_4.mp4,526,17533.333,True,242.000,255.000,0.000,258.000,227.000,0.066667,0.116667,-0.990931,63.257,74.206,113.688,3534.5,174.736,14.934682,4.236
Victor_intento_4.mp4,527,17566.667,True,242.000,255.000,0.000,258.000,227.000,0.066667,0.116667,-0.990931,63.342,73.844,113.569,3534.5,174.690,14.930810,4.242
Victor_intento_4.mp4,528,17600.000,True,242.000,255.000,0.000,258.000,227.000,0.066667,0.116667,-0.990931,63.533,73.827,114.210,3529.5,177.242,15.148864,4.194
Victor_intento_4.mp4,529,17633.333,True,242.000,255.000,0.000,258.000,227.000,0.066667,0.116667,-0.990931,64.223,73.556,114.041,3537.5,178.165,15.227745,4.218
Victor_intento_4.mp4,530,17666.667,True,242.000,255.000,0.000,258.000,228.000,0.066667,0.112500,-0.991413,64.065,73.407,113.120,3545.5,178.018,15.215182,4.211
Victor_intento_4.mp4,531,17700.000,True,242.000,255.000,0.000,258.000,227.000,0.066667,0.116667,-0.990931,64.516,73.364,112.839,3543.0,177.302,15.154036,4.257
Victor_intento_4.mp4,532,17733.333,True,242.000,255.000,0.000,257.000,227.000,0.062500,0.116667,-0.991203,64.155,73.824,115.212,3555.0,177.253,15.149802,4.235
Victor_intento_4.mp4,533,17766.667,True,242.000,255.000,0.000,257.000,227.000,0.062500,0.116667,-0.991203,64.206,73.845,115.296,3564.0,175.376,14.989427,4.283
Victor_intento_4.mp4,534,17800.000,True,242.000,255.000,0.000,257.000,227.000,0.062500,0.116667,-0.991203,64.480,74.029,115.126,3597.0,177.028,15.130577,4.262
Victor_intento_4.mp4,535,17833.333,True,242.000,255.000,0.000,257.000,227.000,0.062500,0.116667,-0.991203,64.632,73.936,115.987,3601.5,176.582,15.092484,4.282
Victor_intento_4.mp4,536,17866.667,True,242.000,255.000,0.000,257.000,227.000,0.062500,0.116667,-0.991203,65.013,74.187,115.009,3627.5,175.226,14.976559,4.341
Victor_intento_4.mp4,537,17900.000,True,242.000,255.000,0.000,257.000,227.000,0.062500,0.116667,-0.991203,65.077,74.335,116.545,3633.0,177.413,15.163527,4.292
Victor_intento_4.mp4,538,17933.333,True,242.000,255.000,0.000,257.000,227.000,0.062500,0.116667,-0.991203,65.126,74.658,115.579,3652.0,176.417,15.078408,4.319
Victor_intento_4.mp4,539,17966.667,True,242.000,255.000,0.000,257.000,227.000,0.062500,0.116667,-0.991203,65.456,74.863,116.512,3668.0,175.286,14.981731,4.369
Victor_intento_4.mp4,540,18000.000,True,242.000,255.000,0.000,257.000,227.000,0.062500,0.116667,-0.991203,65.588,75.156,116.935,3701.0,175.725,15.019242,4.367
Victor_intento_4.mp4,541,18033.333,True,242.000,255.000,0.000,257.000,226.000,0.062500,0.120833,-0.990703,65.319,75.673,115.559,3731.5,174.095,14.879898,4.390
Victor_intento_4.mp4,542,18066.667,True,242.000,255.000,0.000,257.000,226.000,0.062500,0.120833,-0.990703,66.310,76.027,115.322,3770.5,178.325,15.241463,4.351
Victor_intento_4.mp4,543,18100.000,True,242.000,255.000,0.000,257.000,226.000,0.062500,0.120833,-0.990703,66.691,76.396,116.577,3794.0,178.725,15.275600,4.366
Victor_intento_4.mp4,544,18133.333,True,242.000,255.000,0.000,257.000,227.000,0.062500,0.116667,-0.991203,66.807,76.496,116.315,3814.5,179.106,15.308218,4.364
Victor_intento_4.mp4,545,18166.667,True,242.000,255.000,0.000,257.000,227.000,0.062500,0.116667,-0.991203,67.101,76.732,115.387,3840.5,178.823,15.283992,4.390
Victor_intento_4.mp4,546,18200.000,True,242.000,255.000,0.000,257.000,227.000,0.062500,0.116667,-0.991203,66.998,77.085,114.887,3855.5,178.207,15.231370,4.399
Victor_intento_4.mp4,547,18233.333,True,242.000,255.000,0.000,261.000,225.000,0.079167,0.125000,-0.988993,64.097,76.649,122.022,3768.5,171.346,14.644937,4.377
Victor_intento_4.mp4,548,18266.667,True,242.000,255.000,0.000,274.000,219.000,0.133333,0.150000,-0.979654,59.823,75.813,132.476,3521.0,161.347,13.790359,4.338
Victor_intento_4.mp4,549,18300.000,True,242.000,255.000,0.000,294.000,209.000,0.216667,0.191667,-0.957246,55.058,72.105,138.489,3079.5,147.164,12.578141,4.377
Victor_intento_4.mp4,550,18333.333,True,242.000,255.000,0.000,311.000,202.000,0.287500,0.220833,-0.931974,56.631,72.427,137.889,3163.0,149.003,12.735332,4.447
Victor_intento_4.mp4,551,18366.667,True,242.000,255.000,0.000,318.000,199.000,0.316667,0.233333,-0.919390,55.990,72.375,136.686,3148.5,149.092,12.742926,4.394
Victor_intento_4.mp4,552,18400.000,True,242.000,255.000,0.000,318.000,199.000,0.316667,0.233333,-0.919390,56.206,72.304,138.118,3144.5,148.933,12.729302,4.415
Victor_intento_4.mp4,553,18433.333,True,242.000,255.000,0.000,318.000,198.000,0.316667,0.237500,-0.918322,55.946,72.388,138.933,3136.0,149.509,12.778588,4.378
Victor_intento_4.mp4,554,18466.667,True,242.000,256.000,0.000,318.000,198.000,0.316667,0.241667,-0.917235,55.761,72.322,138.751,3124.0,148.992,12.734354,4.379
Victor_intento_4.mp4,555,18500.000,True,242.000,256.000,0.000,318.000,198.000,0.316667,0.241667,-0.917235,55.967,72.167,138.669,3129.0,149.288,12.759672,4.386
Victor_intento_4.mp4,556,18533.333,True,242.000,256.000,0.000,318.000,198.000,0.316667,0.241667,-0.917235,55.833,72.130,138.361,3122.0,149.586,12.785122,4.367
Victor_intento_4.mp4,557,18566.667,True,241.000,256.000,0.000,318.000,198.000,0.320833,0.241667,-0.915786,55.732,72.104,139.221,3114.0,149.917,12.813419,4.350
Victor_intento_4.mp4,558,18600.000,True,241.000,256.000,0.000,318.000,198.000,0.320833,0.241667,-0.915786,55.627,72.074,138.884,3103.0,149.093,12.742998,4.365
Victor_intento_4.mp4,559,18633.333,True,241.000,256.000,0.000,318.000,198.000,0.320833,0.241667,-0.915786,55.803,72.222,139.318,3113.5,149.772,12.800991,4.359
Victor_intento_4.mp4,560,18666.667,True,241.000,256.000,0.000,316.000,198.000,0.312500,0.241667,-0.918663,58.053,70.383,136.945,3184.5,155.153,13.260906,4.378
Victor_intento_4.mp4,561,18700.000,True,241.000,256.000,0.000,313.000,198.000,0.300000,0.241667,-0.922820,57.395,72.551,135.520,3263.5,154.204,13.179799,4.355
Victor_intento_4.mp4,562,18733.333,True,241.000,256.000,0.000,310.000,198.000,0.287500,0.241667,-0.926791,58.322,73.244,135.592,3316.0,157.851,13.491508,4.323
Victor_intento_4.mp4,563,18766.667,True,241.000,256.000,0.000,310.000,198.000,0.287500,0.241667,-0.926791,58.007,73.560,135.084,3333.5,157.789,13.486225,4.301
Victor_intento_4.mp4,564,18800.000,True,241.000,256.000,0.000,310.000,198.000,0.287500,0.241667,-0.926791,58.626,74.140,135.037,3367.0,158.328,13.532305,4.332
Victor_intento_4.mp4,565,18833.333,True,241.000,256.000,0.000,310.000,198.000,0.287500,0.241667,-0.926791,58.753,74.403,134.690,3415.5,156.666,13.390216,4.388
Victor_intento_4.mp4,566,18866.667,True,241.000,256.000,0.000,311.000,198.000,0.291667,0.241667,-0.925488,59.228,74.810,134.870,3429.0,157.406,13.453530,4.402
Victor_intento_4.mp4,567,18900.000,True,241.000,256.000,0.000,311.000,198.000,0.291667,0.241667,-0.925488,58.981,74.952,135.418,3456.5,156.728,13.395554,4.403
Victor_intento_4.mp4,568,18933.333,True,241.000,256.000,0.000,311.000,198.000,0.291667,0.241667,-0.925488,59.361,75.476,135.197,3476.5,157.007,13.419382,4.424
Victor_intento_4.mp4,569,18966.667,True,241.000,256.000,0.000,311.000,198.000,0.291667,0.241667,-0.925488,59.052,75.351,135.358,3477.0,157.225,13.438015,4.394
Victor_intento_4.mp4,570,19000.000,True,241.000,256.000,0.000,311.000,198.000,0.291667,0.241667,-0.925488,59.406,75.382,135.226,3478.5,156.334,13.361845,4.446
Victor_intento_4.mp4,571,19033.333,True,241.000,256.000,0.000,311.000,198.000,0.291667,0.241667,-0.925488,58.883,75.299,134.971,3459.5,155.759,13.312717,4.423
Victor_intento_4.mp4,572,19066.667,True,241.000,256.000,0.000,311.000,198.000,0.291667,0.241667,-0.925488,58.997,75.096,135.177,3436.5,156.433,13.370304,4.413
Victor_intento_4.mp4,573,19100.000,True,241.000,256.000,0.000,311.000,198.000,0.291667,0.241667,-0.925488,58.707,74.356,135.379,3390.0,157.268,13.441750,4.367
Victor_intento_4.mp4,574,19133.333,True,241.000,256.000,0.000,311.000,198.000,0.291667,0.241667,-0.925488,58.554,74.221,135.205,3370.5,157.621,13.471866,4.346
Victor_intento_4.mp4,575,19166.667,True,241.000,256.000,0.000,311.000,198.000,0.291667,0.241667,-0.925488,58.296,73.918,135.464,3343.5,158.685,13.562859,4.298
Victor_intento_4.mp4,576,19200.000,True,241.000,256.000,0.000,311.000,198.000,0.291667,0.241667,-0.925488,57.959,73.522,134.604,3332.5,158.746,13.568024,4.272
Victor_intento_4.mp4,577,19233.333,True,241.000,256.000,0.000,311.000,198.000,0.291667,0.241667,-0.925488,58.039,73.540,134.395,3303.5,156.323,13.360902,4.344
Victor_intento_4.mp4,578,19266.667,True,241.000,256.000,0.000,311.000,198.000,0.291667,0.241667,-0.925488,57.979,73.618,134.886,3303.5,156.676,13.391138,4.330
Victor_intento_4.mp4,579,19300.000,True,241.000,256.000,0.000,311.000,198.000,0.291667,0.241667,-0.925488,58.011,73.515,134.834,3297.5,157.304,13.444746,4.315
Victor_intento_4.mp4,580,19333.333,True,241.000,256.000,0.000,311.000,198.000,0.291667,0.241667,-0.925488,58.108,73.591,134.240,3313.5,159.322,13.617224,4.267
Victor_intento_4.mp4,581,19366.667,True,241.000,256.000,0.000,311.000,198.000,0.291667,0.241667,-0.925488,58.299,73.750,133.943,3325.5,157.106,13.427832,4.342
Victor_intento_4.mp4,582,19400.000,True,241.000,256.000,0.000,311.000,198.000,0.291667,0.241667,-0.925488,58.387,73.741,134.299,3334.0,156.197,13.350177,4.373
Victor_intento_4.mp4,583,19433.333,True,241.000,256.000,0.000,311.000,198.000,0.291667,0.241667,-0.925488,58.494,73.972,133.413,3347.0,157.275,13.442275,4.352
Victor_intento_4.mp4,584,19466.667,True,241.000,256.000,0.000,311.000,198.000,0.291667,0.241667,-0.925488,58.659,73.762,133.991,3350.0,158.638,13.558820,4.326
Victor_intento_4.mp4,585,19500.000,True,241.000,256.000,0.000,311.000,198.000,0.291667,0.241667,-0.925488,58.608,73.939,134.375,3350.5,158.915,13.582473,4.315
Victor_intento_4.mp4,586,19533.333,True,241.000,257.000,0.000,311.000,198.000,0.291667,0.245833,-0.924390,58.804,74.389,134.572,3380.5,158.901,13.581264,4.330
Victor_intento_4.mp4,587,19566.667,True,241.000,257.000,0.000,311.000,198.000,0.291667,0.245833,-0.924390,58.760,74.296,134.877,3374.0,159.237,13.609971,4.317
Victor_intento_4.mp4,588,19600.000,True,241.000,257.000,0.000,311.000,198.000,0.291667,0.245833,-0.924390,58.926,74.371,134.848,3395.0,158.372,13.536034,4.353
Victor_intento_4.mp4,589,19633.333,True,241.000,257.000,0.000,311.000,198.000,0.291667,0.245833,-0.924390,59.138,74.636,134.983,3418.0,157.518,13.463100,4.393
Victor_intento_4.mp4,590,19666.667,True,241.000,257.000,0.000,311.000,198.000,0.291667,0.245833,-0.924390,59.028,75.117,134.762,3428.5,156.414,13.368695,4.415
Victor_intento_4.mp4,591,19700.000,True,241.000,257.000,0.000,311.000,198.000,0.291667,0.245833,-0.924390,59.184,74.933,135.288,3434.5,156.812,13.402760,4.416
Victor_intento_4.mp4,592,19733.333,True,241.000,257.000,0.000,311.000,198.000,0.291667,0.245833,-0.924390,59.182,74.978,134.906,3462.0,158.602,13.555744,4.366
Victor_intento_4.mp4,593,19766.667,True,241.000,257.000,0.000,311.000,198.000,0.291667,0.245833,-0.924390,59.499,75.247,134.615,3462.5,159.305,13.615841,4.370
Victor_intento_4.mp4,594,19800.000,True,241.000,257.000,0.000,311.000,198.000,0.291667,0.245833,-0.924390,59.172,75.125,134.938,3465.0,158.508,13.547723,4.368
Victor_intento_4.mp4,595,19833.333,True,241.000,257.000,0.000,311.000,198.000,0.291667,0.245833,-0.924390,59.598,75.183,134.316,3466.0,157.685,13.477366,4.422
Victor_intento_4.mp4,596,19866.667,True,241.000,257.000,0.000,311.000,198.000,0.291667,0.245833,-0.924390,59.496,75.423,135.623,3471.5,158.743,13.567771,4.385
Victor_intento_4.mp4,597,19900.000,True,241.000,257.000,0.000,311.000,198.000,0.291667,0.245833,-0.924390,59.369,75.197,134.468,3458.5,157.065,13.424377,4.422
Victor_intento_4.mp4,598,19933.333,True,241.000,257.000,0.000,311.000,198.000,0.291667,0.245833,-0.924390,59.235,74.905,134.616,3469.5,157.351,13.448841,4.404
Victor_intento_4.mp4,599,19966.667,True,241.000,257.000,0.000,311.000,198.000,0.291667,0.245833,-0.924390,59.581,75.169,134.916,3475.5,158.745,13.567980,4.391
Victor_intento_4.mp4,600,20000.000,True,241.000,257.000,0.000,311.000,198.000,0.291667,0.245833,-0.924390,59.670,75.216,134.793,3479.5,158.157,13.517733,4.414
Victor_intento_4.mp4,601,20033.333,True,241.000,257.000,0.000,311.000,198.000,0.291667,0.245833,-0.924390,59.516,75.264,134.790,3470.5,157.407,13.453577,4.424
Victor_intento_4.mp4,602,20066.667,True,241.000,257.000,0.000,311.000,198.000,0.291667,0.245833,-0.924390,59.817,75.443,134.312,3498.5,158.492,13.546328,4.416
Victor_intento_4.mp4,603,20100.000,True,241.000,257.000,0.000,311.000,198.000,0.291667,0.245833,-0.924390,59.865,75.414,134.156,3504.0,158.621,13.557373,4.416
Victor_intento_4.mp4,604,20133.333,True,241.000,257.000,0.000,310.000,198.000,0.287500,0.245833,-0.925694,60.234,75.484,133.778,3525.0,158.156,13.517615,4.456
Victor_intento_4.mp4,605,20166.667,True,241.000,257.000,0.000,310.000,198.000,0.287500,0.245833,-0.925694,59.933,75.707,133.975,3516.5,157.584,13.468693,4.450
Victor_intento_4.mp4,606,20200.000,True,241.000,257.000,0.000,309.000,198.000,0.283333,0.245833,-0.926978,59.884,75.661,133.751,3527.0,156.071,13.339434,4.489
Victor_intento_4.mp4,607,20233.333,True,241.000,257.000,0.000,310.000,198.000,0.287500,0.245833,-0.925694,59.827,75.937,133.421,3540.5,158.674,13.561922,4.411
Victor_intento_4.mp4,608,20266.667,True,241.000,257.000,0.000,310.000,198.000,0.287500,0.245833,-0.925694,60.084,75.867,134.092,3532.5,159.894,13.666194,4.397
Victor_intento_4.mp4,609,20300.000,True,241.000,257.000,0.000,310.000,198.000,0.287500,0.245833,-0.925694,60.185,75.893,133.632,3536.5,158.836,13.575687,4.433
Victor_intento_4.mp4,610,20333.333,True,241.000,257.000,0.000,310.000,198.000,0.287500,0.245833,-0.925694,59.838,75.631,133.913,3531.0,158.963,13.586617,4.404
Victor_intento_4.mp4,611,20366.667,True,241.000,257.000,0.000,310.000,198.000,0.287500,0.245833,-0.925694,60.273,75.964,134.210,3547.5,159.185,13.605562,4.430
Victor_intento_4.mp4,612,20400.000,True,241.000,257.000,0.000,310.000,198.000,0.287500,0.245833,-0.925694,60.276,75.895,134.426,3550.5,159.842,13.661730,4.412
Victor_intento_4.mp4,613,20433.333,True,241.000,257.000,0.000,310.000,198.000,0.287500,0.245833,-0.925694,60.293,75.903,134.168,3556.5,159.156,13.603080,4.432
Victor_intento_4.mp4,614,20466.667,True,241.000,257.000,0.000,310.000,198.000,0.287500,0.245833,-0.925694,60.553,75.999,134.394,3572.5,159.166,13.603963,4.451
Victor_intento_4.mp4,615,20500.000,True,241.000,257.000,0.000,310.000,198.000,0.287500,0.245833,-0.925694,60.568,76.427,134.618,3590.5,158.994,13.589258,4.457
