video_name,frame_number,timestamp_ms,valid_deteccion,sphere_center_x,sphere_center_y,sphere_center_z,pupil_center_x,pupil_center_y,gaze_x,gaze_y,gaze_z,ellipse_width,ellipse_height,ellipse_angle,contour_area,yolo_confidence
Victor_intento_3.mp4,1,33.333,True,240.000,250.000,0.000,316.000,207.000,0.316667,0.179167,-0.931462,53.026,66.699,140.827,2739.5,0.913
Victor_intento_3.mp4,2,66.667,True,240.000,250.000,0.000,316.000,207.000,0.316667,0.179167,-0.931462,53.507,67.700,139.204,2771.0,0.916
Victor_intento_3.mp4,3,100.000,True,240.000,250.000,0.000,316.000,207.000,0.316667,0.179167,-0.931462,53.728,67.427,140.697,2788.5,0.917
Victor_intento_3.mp4,4,133.333,True,240.000,250.000,0.000,316.000,207.000,0.316667,0.179167,-0.931462,53.615,67.562,140.109,2804.5,0.916
Victor_intento_3.mp4,5,166.667,True,240.000,250.000,0.000,316.000,207.000,0.316667,0.179167,-0.931462,53.480,68.000,139.416,2797.0,0.916
Victor_intento_3.mp4,6,200.000,True,240.000,250.000,0.000,316.000,207.000,0.316667,0.179167,-0.931462,53.760,67.667,140.504,2807.5,0.916
Victor_intento_3.mp4,7,233.333,True,240.000,250.000,0.000,316.000,207.000,0.316667,0.179167,-0.931462,53.988,67.553,140.533,2812.5,0.917
Victor_intento_3.mp4,8,266.667,True,240.000,250.000,0.000,316.000,207.000,0.316667,0.179167,-0.931462,53.949,68.247,140.158,2825.5,0.917
Victor_intento_3.mp4,9,300.000,True,240.000,250.000,0.000,322.000,203.000,0.341667,0.195833,-0.919192,46.764,67.529,135.369,2416.0,0.900
Victor_intento_3.mp4,10,333.333,True,240.000,250.000,0.000,338.000,194.000,0.408333,0.233333,-0.882507,37.228,65.866,139.370,1877.5,0.903
Victor_intento_3.mp4,11,366.667,True,240.000,250.000,0.000,350.000,189.000,0.458333,0.254167,-0.851663,37.564,65.275,140.575,1892.5,0.888
Victor_intento_3.mp4,12,400.000,True,240.000,250.000,0.000,351.000,188.000,0.462500,0.258333,-0.848150,37.341,66.058,141.128,1897.0,0.883
Victor_intento_3.mp4,13,433.333,True,240.000,250.000,0.000,352.000,188.000,0.466667,0.258333,-0.845864,37.356,65.191,140.094,1892.0,0.880
Victor_intento_3.mp4,14,466.667,True,240.000,250.000,0.000,353.000,187.000,0.470833,0.262500,-0.842265,37.361,66.255,140.389,1900.0,0.879
Victor_intento_3.mp4,15,500.000,True,240.000,250.000,0.000,353.000,187.000,0.470833,0.262500,-0.842265,37.454,67.602,140.886,1941.5,0.882
Victor_intento_3.mp4,16,533.333,True,240.000,250.000,0.000,353.000,187.000,0.470833,0.262500,-0.842265,37.647,67.498,139.746,1960.0,0.882
Victor_intento_3.mp4,17,566.667,True,240.000,250.000,0.000,354.000,187.000,0.475000,0.262500,-0.839922,37.805,67.654,140.098,1974.0,0.879
Victor_intento_3.mp4,18,600.000,True,240.000,250.000,0.000,355.000,187.000,0.479167,0.262500,-0.837552,38.399,68.230,139.887,2018.0,0.877
Victor_intento_3.mp4,19,633.333,True,262.000,265.000,0.000,355.000,187.000,0.387500,0.325000,-0.862681,38.594,68.484,139.975,2027.0,0.876
Victor_intento_3.mp4,20,666.667,True,262.000,265.000,0.000,356.000,187.000,0.391667,0.325000,-0.860797,37.987,67.555,140.627,1992.0,0.894
Victor_intento_3.mp4,21,700.000,True,262.000,265.000,0.000,357.000,186.000,0.395833,0.329167,-0.857301,38.275,69.254,139.556,2036.0,0.885
Victor_intento_3.mp4,22,733.333,True,262.000,265.000,0.000,357.000,186.000,0.395833,0.329167,-0.857301,38.464,68.551,140.013,2041.5,0.886
Victor_intento_3.mp4,23,766.667,True,262.000,265.000,0.000,357.000,186.000,0.395833,0.329167,-0.857301,38.364,68.773,139.638,2031.5,0.889
Victor_intento_3.mp4,24,800.000,True,262.000,265.000,0.000,357.000,186.000,0.395833,0.329167,-0.857301,38.579,68.579,139.513,2031.0,0.892
Victor_intento_3.mp4,25,833.333,True,262.000,265.000,0.000,357.000,186.000,0.395833,0.329167,-0.857301,38.276,67.855,139.843,1997.5,0.887
Victor_intento_3.mp4,26,866.667,True,262.000,265.000,0.000,357.000,186.000,0.395833,0.329167,-0.857301,38.017,67.029,139.638,1968.0,0.889
Victor_intento_3.mp4,27,900.000,True,261.000,265.000,0.000,357.000,186.000,0.400000,0.329167,-0.855365,37.981,67.271,139.312,1961.5,0.886
Victor_intento_3.mp4,28,933.333,True,261.000,265.000,0.000,357.000,186.000,0.400000,0.329167,-0.855365,37.745,66.987,139.327,1935.0,0.890
Victor_intento_3.mp4,29,966.667,True,261.000,265.000,0.000,357.000,186.000,0.400000,0.329167,-0.855365,37.420,65.919,139.684,1899.0,0.890
Victor_intento_3.mp4,30,1000.000,True,261.000,265.000,0.000,357.000,186.000,0.400000,0.329167,-0.855365,37.283,65.261,139.955,1876.5,0.892
Victor_intento_3.mp4,31,1033.333,True,260.000,265.000,0.000,357.000,186.000,0.404167,0.329167,-0.853404,36.738,65.354,139.434,1835.5,0.897
Victor_intento_3.mp4,32,1066.667,True,260.000,265.000,0.000,357.000,186.000,0.404167,0.329167,-0.853404,36.736,65.040,138.482,1822.0,0.896
Victor_intento_3.mp4,33,1100.000,True,260.000,265.000,0.000,357.000,186.000,0.404167,0.329167,-0.853404,36.366,65.236,138.206,1808.0,0.894
Victor_intento_3.mp4,34,1133.333,True,260.000,266.000,0.000,357.000,186.000,0.404167,0.333333,-0.851785,36.235,64.329,138.835,1787.0,0.894
Victor_intento_3.mp4,35,1166.667,True,260.000,266.000,0.000,357.000,186.000,0.404167,0.333333,-0.851785,36.149,64.081,140.032,1787.0,0.898
Victor_intento_3.mp4,36,1200.000,True,260.000,266.000,0.000,357.000,186.000,0.404167,0.333333,-0.851785,36.140,63.760,139.848,1766.0,0.901
Victor_intento_3.mp4,37,1233.333,True,260.000,266.000,0.000,357.000,186.000,0.404167,0.333333,-0.851785,36.339,63.706,140.151,1774.0,0.895
Victor_intento_3.mp4,38,1266.667,True,260.000,266.000,0.000,357.000,186.000,0.404167,0.333333,-0.851785,36.419,63.709,140.270,1784.0,0.899
Victor_intento_3.mp4,39,1300.000,True,260.000,266.000,0.000,357.000,186.000,0.404167,0.333333,-0.851785,36.170,64.213,140.065,1784.0,0.899
Victor_intento_3.mp4,40,1333.333,True,260.000,266.000,0.000,357.000,186.000,0.404167,0.333333,-0.851785,36.098,64.270,140.230,1789.0,0.898
Victor_intento_3.mp4,41,1366.667,True,260.000,265.000,0.000,357.000,186.000,0.404167,0.329167,-0.853404,36.313,64.319,140.356,1810.0,0.897
Victor_intento_3.mp4,42,1400.000,True,260.000,265.000,0.000,357.000,186.000,0.404167,0.329167,-0.853404,36.559,64.272,140.812,1822.5,0.898
Victor_intento_3.mp4,43,1433.333,True,260.000,265.000,0.000,357.000,186.000,0.404167,0.329167,-0.853404,36.653,64.760,140.706,1829.0,0.899
Victor_intento_3.mp4,44,1466.667,True,260.000,265.000,0.000,357.000,186.000,0.404167,0.329167,-0.853404,36.905,64.983,140.167,1849.5,0.900
Victor_intento_3.mp4,45,1500.000,True,260.000,265.000,0.000,357.000,187.000,0.404167,0.325000,-0.855000,36.866,65.227,140.260,1852.0,0.898
Victor_intento_3.mp4,46,1533.333,True,260.000,265.000,0.000,357.000,187.000,0.404167,0.325000,-0.855000,37.103,65.270,139.988,1861.5,0.897
Victor_intento_3.mp4,47,1566.667,True,260.000,265.000,0.000,357.000,187.000,0.404167,0.325000,-0.855000,36.881,65.208,140.415,1860.0,0.899
Victor_intento_3.mp4,48,1600.000,True,260.000,265.000,0.000,356.000,186.000,0.400000,0.329167,-0.855365,36.994,64.869,140.107,1858.0,0.890
Victor_intento_3.mp4,49,1633.333,True,260.000,265.000,0.000,356.000,186.000,0.400000,0.329167,-0.855365,37.173,65.691,138.883,1861.0,0.893
Victor_intento_3.mp4,50,1666.667,True,260.000,265.000,0.000,356.000,186.000,0.400000,0.329167,-0.855365,37.000,65.790,139.381,1872.0,0.890
Victor_intento_3.mp4,51,1700.000,True,260.000,265.000,0.000,356.000,186.000,0.400000,0.329167,-0.855365,37.010,65.252,139.285,1864.5,0.892
Victor_intento_3.mp4,52,1733.333,True,260.000,265.000,0.000,357.000,186.000,0.404167,0.329167,-0.853404,36.980,65.607,139.100,1867.0,0.894
Victor_intento_3.mp4,53,1766.667,True,260.000,265.000,0.000,356.000,186.000,0.400000,0.329167,-0.855365,37.210,65.804,138.494,1876.0,0.894
Victor_intento_3.mp4,54,1800.000,True,260.000,265.000,0.000,356.000,186.000,0.400000,0.329167,-0.855365,37.077,65.613,139.466,1882.0,0.890
Victor_intento_3.mp4,55,1833.333,True,260.000,265.000,0.000,356.000,186.000,0.400000,0.329167,-0.855365,36.971,65.951,139.403,1880.5,0.890
Victor_intento_3.mp4,56,1866.667,True,260.000,265.000,0.000,356.000,186.000,0.400000,0.329167,-0.855365,37.441,65.649,139.278,1890.0,0.891
Victor_intento_3.mp4,57,1900.000,True,260.000,265.000,0.000,356.000,186.000,0.400000,0.329167,-0.855365,37.256,66.136,138.881,1895.0,0.890
Victor_intento_3.mp4,58,1933.333,True,260.000,265.000,0.000,356.000,186.000,0.400000,0.329167,-0.855365,37.701,66.190,139.532,1910.5,0.890
Victor_intento_3.mp4,59,1966.667,True,260.000,265.000,0.000,356.000,186.000,0.400000,0.329167,-0.855365,37.604,65.745,140.076,1903.0,0.890
Victor_intento_3.mp4,60,2000.000,True,260.000,265.000,0.000,356.000,186.000,0.400000,0.329167,-0.855365,37.638,66.252,139.881,1907.0,0.890
Victor_intento_3.mp4,61,2033.333,True,260.000,265.000,0.000,356.000,186.000,0.400000,0.329167,-0.855365,37.574,66.425,139.568,1915.0,0.891
Victor_intento_3.mp4,62,2066.667,True,260.000,265.000,0.000,356.000,186.000,0.400000,0.329167,-0.855365,37.707,66.402,139.502,1928.5,0.888
Victor_intento_3.mp4,63,2100.000,True,260.000,265.000,0.000,356.000,187.000,0.400000,0.325000,-0.856957,37.499,66.392,139.781,1924.5,0.887
Victor_intento_3.mp4,64,2133.333,True,260.000,265.000,0.000,356.000,187.000,0.400000,0.325000,-0.856957,37.691,66.810,139.820,1937.5,0.888
Victor_intento_3.mp4,65,2166.667,True,260.000,265.000,0.000,356.000,187.000,0.400000,0.325000,-0.856957,37.839,66.947,139.744,1937.5,0.891
Victor_intento_3.mp4,66,2200.000,True,260.000,265.000,0.000,356.000,187.000,0.400000,0.325000,-0.856957,37.691,67.022,140.172,1944.5,0.889
Victor_intento_3.mp4,67,2233.333,True,260.000,265.000,0.000,357.000,187.000,0.404167,0.325000,-0.855000,37.806,66.885,140.417,1974.0,0.887
Victor_intento_3.mp4,68,2266.667,True,260.000,265.000,0.000,356.000,186.000,0.400000,0.329167,-0.855365,37.978,67.822,139.366,1986.5,0.888
Victor_intento_3.mp4,69,2300.000,True,260.000,265.000,0.000,356.000,186.000,0.400000,0.329167,-0.855365,37.924,67.590,139.276,1983.5,0.889
Victor_intento_3.mp4,70,2333.333,True,260.000,265.000,0.000,352.000,186.000,0.383333,0.329167,-0.862963,41.486,63.596,141.868,2013.0,0.888
Victor_intento_3.mp4,71,2366.667,True,260.000,265.000,0.000,321.000,184.000,0.254167,0.337500,-0.906363,55.032,66.552,121.832,2819.5,0.899
Victor_intento_3.mp4,72,2400.000,True,260.000,265.000,0.000,273.000,184.000,0.054167,0.337500,-0.939766,59.999,69.673,102.186,3249.0,0.911
Victor_intento_3.mp4,73,2433.333,True,260.000,265.000,0.000,253.000,185.000,-0.029167,0.333333,-0.942358,58.300,72.668,107.909,3279.5,0.906
Victor_intento_3.mp4,74,2466.667,True,260.000,265.000,0.000,255.000,183.000,-0.020833,0.341667,-0.939590,58.923,71.281,107.155,3273.5,0.911
Victor_intento_3.mp4,75,2500.000,True,260.000,265.000,0.000,255.000,183.000,-0.020833,0.341667,-0.939590,59.151,71.046,107.277,3281.0,0.914
Victor_intento_3.mp4,76,2533.333,True,260.000,265.000,0.000,256.000,182.000,-0.016667,0.345833,-0.938148,59.298,71.678,106.422,3304.5,0.918
Victor_intento_3.mp4,77,2566.667,True,260.000,265.000,0.000,256.000,182.000,-0.016667,0.345833,-0.938148,59.653,71.643,106.766,3318.5,0.920
Victor_intento_3.mp4,78,2600.000,True,260.000,265.000,0.000,257.000,182.000,-0.012500,0.345833,-0.938213,59.362,71.958,106.338,3340.5,0.919
Victor_intento_3.mp4,79,2633.333,True,260.000,265.000,0.000,254.000,183.000,-0.025000,0.341667,-0.939489,60.804,73.377,104.969,3457.0,0.910
Victor_intento_3.mp4,80,2666.667,True,260.000,265.000,0.000,252.000,183.000,-0.033333,0.341667,-0.939230,60.833,72.719,105.306,3455.5,0.918
Victor_intento_3.mp4,81,2700.000,True,260.000,265.000,0.000,254.000,183.000,-0.025000,0.341667,-0.939489,60.417,72.468,105.472,3422.0,0.918
Victor_intento_3.mp4,82,2733.333,True,260.000,265.000,0.000,255.000,183.000,-0.020833,0.341667,-0.939590,60.868,72.863,105.747,3464.5,0.920
Victor_intento_3.mp4,83,2766.667,True,260.000,265.000,0.000,255.000,183.000,-0.020833,0.341667,-0.939590,61.035,73.159,105.340,3482.5,0.919
Victor_intento_3.mp4,84,2800.000,True,260.000,265.000,0.000,255.000,183.000,-0.020833,0.341667,-0.939590,61.015,73.115,104.626,3479.5,0.918
Victor_intento_3.mp4,85,2833.333,True,260.000,265.000,0.000,255.000,183.000,-0.020833,0.341667,-0.939590,60.974,73.091,105.992,3466.5,0.916
Victor_intento_3.mp4,86,2866.667,True,260.000,265.000,0.000,255.000,183.000,-0.020833,0.341667,-0.939590,60.822,73.196,105.023,3456.0,0.917
Victor_intento_3.mp4,87,2900.000,True,260.000,265.000,0.000,255.000,183.000,-0.020833,0.341667,-0.939590,60.663,72.417,104.992,3427.5,0.915
Victor_intento_3.mp4,88,2933.333,True,260.000,265.000,0.000,255.000,183.000,-0.020833,0.341667,-0.939590,60.232,72.402,104.473,3398.0,0.916
Victor_intento_3.mp4,89,2966.667,True,259.000,265.000,0.000,255.000,182.000,-0.016667,0.345833,-0.938148,59.666,72.103,105.811,3368.5,0.915
Victor_intento_3.mp4,90,3000.000,True,259.000,265.000,0.000,255.000,182.000,-0.016667,0.345833,-0.938148,59.798,71.833,105.598,3363.0,0.915
Victor_intento_3.mp4,91,3033.333,True,259.000,265.000,0.000,255.000,183.000,-0.016667,0.341667,-0.939673,59.829,72.047,104.068,3337.5,0.913
Victor_intento_3.mp4,92,3066.667,True,259.000,265.000,0.000,255.000,182.000,-0.016667,0.345833,-0.938148,59.356,71.662,104.450,3329.0,0.913
Victor_intento_3.mp4,93,3100.000,True,259.000,265.000,0.000,254.000,182.000,-0.020833,0.345833,-0.938065,59.332,71.701,104.485,3330.0,0.913
Victor_intento_3.mp4,94,3133.333,True,259.000,265.000,0.000,254.000,182.000,-0.020833,0.345833,-0.938065,59.559,71.820,104.333,3328.0,0.913
Victor_intento_3.mp4,95,3166.667,True,259.000,265.000,0.000,254.000,182.000,-0.020833,0.345833,-0.938065,59.210,71.297,104.739,3311.0,0.913
Victor_intento_3.mp4,96,3200.000,True,259.000,265.000,0.000,254.000,182.000,-0.020833,0.345833,-0.938065,59.176,71.287,104.247,3301.5,0.914
Victor_intento_3.mp4,97,3233.333,True,259.000,265.000,0.000,254.000,182.000,-0.020833,0.345833,-0.938065,59.592,71.162,103.744,3284.0,0.915
Victor_intento_3.mp4,98,3266.667,True,259.000,265.000,0.000,254.000,182.000,-0.020833,0.345833,-0.938065,59.311,71.586,103.390,3280.5,0.914
Victor_intento_3.mp4,99,3300.000,True,259.000,265.000,0.000,254.000,182.000,-0.020833,0.345833,-0.938065,59.265,71.000,104.098,3286.0,0.915
Victor_intento_3.mp4,100,3333.333,True,259.000,265.000,0.000,254.000,182.000,-0.020833,0.345833,-0.938065,59.263,71.041,104.034,3287.5,0.917
Victor_intento_3.mp4,101,3366.667,True,259.000,265.000,0.000,254.000,182.000,-0.020833,0.345833,-0.938065,59.287,71.076,103.932,3286.0,0.915
Victor_intento_3.mp4,102,3400.000,True,259.000,265.000,0.000,254.000,182.000,-0.020833,0.345833,-0.938065,59.279,71.177,104.314,3296.0,0.916
Victor_intento_3.mp4,103,3433.333,True,259.000,265.000,0.000,254.000,182.000,-0.020833,0.345833,-0.938065,59.331,71.352,104.713,3305.0,0.913
Victor_intento_3.mp4,104,3466.667,True,259.000,265.000,0.000,254.000,182.000,-0.020833,0.345833,-0.938065,59.995,71.481,105.260,3318.0,0.913
Victor_intento_3.mp4,105,3500.000,True,259.000,265.000,0.000,254.000,183.000,-0.020833,0.341667,-0.939590,59.617,71.390,104.595,3330.0,0.913
Victor_intento_3.mp4,106,3533.333,True,259.000,265.000,0.000,254.000,183.000,-0.020833,0.341667,-0.939590,59.758,71.588,105.062,3336.0,0.913
Victor_intento_3.mp4,107,3566.667,True,259.000,265.000,0.000,255.000,183.000,-0.016667,0.341667,-0.939673,59.707,71.992,104.949,3330.0,0.914
Victor_intento_3.mp4,108,3600.000,True,259.000,265.000,0.000,255.000,183.000,-0.016667,0.341667,-0.939673,59.501,72.029,104.039,3342.5,0.916
Victor_intento_3.mp4,109,3633.333,True,259.000,265.000,0.000,255.000,183.000,-0.016667,0.341667,-0.939673,60.085,71.704,105.194,3335.5,0.914
Victor_intento_3.mp4,110,3666.667,True,259.000,265.000,0.000,255.000,183.000,-0.016667,0.341667,-0.939673,60.179,71.834,105.884,3346.5,0.915
Victor_intento_3.mp4,111,3700.000,True,259.000,265.000,0.000,255.000,183.000,-0.016667,0.341667,-0.939673,60.327,71.614,105.914,3342.0,0.913
Victor_intento_3.mp4,112,3733.333,True,259.000,265.000,0.000,255.000,183.000,-0.016667,0.341667,-0.939673,60.226,71.874,105.390,3342.0,0.912
Victor_intento_3.mp4,113,3766.667,True,259.000,265.000,0.000,255.000,183.000,-0.016667,0.341667,-0.939673,59.932,71.695,105.524,3351.0,0.912
Victor_intento_3.mp4,114,3800.000,True,259.000,265.000,0.000,255.000,183.000,-0.016667,0.341667,-0.939673,59.857,71.696,104.644,3348.5,0.912
Victor_intento_3.mp4,115,3833.333,True,259.000,265.000,0.000,255.000,183.000,-0.016667,0.341667,-0.939673,59.662,71.643,105.151,3339.0,0.912
Victor_intento_3.mp4,116,3866.667,True,259.000,265.000,0.000,255.000,183.000,-0.016667,0.341667,-0.939673,59.815,71.639,106.205,3331.5,0.910
Victor_intento_3.mp4,117,3900.000,True,259.000,265.000,0.000,255.000,183.000,-0.016667,0.341667,-0.939673,59.875,71.426,105.736,3330.0,0.910
Victor_intento_3.mp4,118,3933.333,True,259.000,265.000,0.000,255.000,183.000,-0.016667,0.341667,-0.939673,59.733,71.316,105.343,3306.0,0.911
Victor_intento_3.mp4,119,3966.667,True,259.000,265.000,0.000,255.000,183.000,-0.016667,0.341667,-0.939673,59.586,71.020,104.988,3307.5,0.909
Victor_intento_3.mp4,120,4000.000,True,259.000,265.000,0.000,255.000,184.000,-0.016667,0.337500,-0.941178,59.451,70.961,104.961,3295.5,0.907
Victor_intento_3.mp4,121,4033.333,True,259.000,265.000,0.000,255.000,184.000,-0.016667,0.337500,-0.941178,59.619,70.820,106.254,3278.0,0.908
Victor_intento_3.mp4,122,4066.667,True,259.000,265.000,0.000,255.000,184.000,-0.016667,0.337500,-0.941178,59.415,70.611,105.593,3274.0,0.908
Victor_intento_3.mp4,123,4100.000,True,259.000,265.000,0.000,255.000,184.000,-0.016667,0.337500,-0.941178,59.190,70.619,104.511,3259.0,0.909
Victor_intento_3.mp4,124,4133.333,True,259.000,265.000,0.000,255.000,184.000,-0.016667,0.337500,-0.941178,59.390,70.534,104.129,3267.5,0.910
Victor_intento_3.mp4,125,4166.667,True,259.000,265.000,0.000,255.000,184.000,-0.016667,0.337500,-0.941178,59.607,70.240,105.191,3270.5,0.909
Victor_intento_3.mp4,126,4200.000,True,259.000,265.000,0.000,255.000,184.000,-0.016667,0.337500,-0.941178,59.840,70.476,104.352,3294.0,0.910
Victor_intento_3.mp4,127,4233.333,True,259.000,265.000,0.000,254.000,184.000,-0.020833,0.337500,-0.941095,59.875,70.358,104.943,3303.5,0.911
Victor_intento_3.mp4,128,4266.667,True,259.000,265.000,0.000,254.000,184.000,-0.020833,0.337500,-0.941095,59.792,70.592,104.944,3292.5,0.911
Victor_intento_3.mp4,129,4300.000,True,259.000,265.000,0.000,254.000,184.000,-0.020833,0.337500,-0.941095,59.839,70.934,103.904,3317.5,0.911
Victor_intento_3.mp4,130,4333.333,True,259.000,265.000,0.000,254.000,184.000,-0.020833,0.337500,-0.941095,59.950,70.852,103.609,3319.0,0.911
Victor_intento_3.mp4,131,4366.667,True,259.000,265.000,0.000,262.000,185.000,0.012500,0.333333,-0.942726,56.329,73.731,122.228,3231.0,0.896
Victor_intento_3.mp4,132,4400.000,True,259.000,265.000,0.000,298.000,195.000,0.162500,0.291667,-0.942616,52.018,73.147,143.388,2923.0,0.890
Victor_intento_3.mp4,133,4433.333,True,259.000,265.000,0.000,340.000,215.000,0.337500,0.208333,-0.917982,49.345,72.203,155.443,2768.5,0.899
Victor_intento_3.mp4,134,4466.667,True,259.000,265.000,0.000,360.000,232.000,0.420833,0.137500,-0.896657,49.729,69.875,162.115,2687.0,0.910
Victor_intento_3.mp4,135,4500.000,True,259.000,265.000,0.000,363.000,239.000,0.433333,0.108333,-0.894699,49.451,70.132,161.523,2687.5,0.914
Victor_intento_3.mp4,136,4533.333,True,259.000,265.000,0.000,363.000,238.000,0.433333,0.112500,-0.894185,49.564,70.399,161.622,2708.5,0.913
Victor_intento_3.mp4,137,4566.667,True,259.000,265.000,0.000,363.000,238.000,0.433333,0.112500,-0.894185,49.589,70.625,162.140,2724.0,0.915
Victor_intento_3.mp4,138,4600.000,True,259.000,265.000,0.000,363.000,238.000,0.433333,0.112500,-0.894185,49.497,70.511,162.028,2709.0,0.915
Victor_intento_3.mp4,139,4633.333,True,259.000,265.000,0.000,363.000,238.000,0.433333,0.112500,-0.894185,49.503,70.594,162.689,2714.0,0.915
Victor_intento_3.mp4,140,4666.667,True,259.000,265.000,0.000,363.000,238.000,0.433333,0.112500,-0.894185,49.471,70.962,162.461,2726.0,0.917
Victor_intento_3.mp4,141,4700.000,True,259.000,265.000,0.000,363.000,238.000,0.433333,0.112500,-0.894185,49.561,70.748,162.266,2724.5,0.916
Victor_intento_3.mp4,142,4733.333,True,259.000,265.000,0.000,363.000,238.000,0.433333,0.112500,-0.894185,49.714,70.984,162.472,2735.0,0.917
Victor_intento_3.mp4,143,4766.667,True,259.000,265.000,0.000,363.000,238.000,0.433333,0.112500,-0.894185,49.533,70.815,162.037,2721.0,0.917
Victor_intento_3.mp4,144,4800.000,True,259.000,265.000,0.000,363.000,238.000,0.433333,0.112500,-0.894185,49.186,70.404,162.678,2693.0,0.917
Victor_intento_3.mp4,145,4833.333,True,259.000,265.000,0.000,363.000,238.000,0.433333,0.112500,-0.894185,49.313,70.712,162.510,2698.5,0.913
Victor_intento_3.mp4,146,4866.667,True,259.000,265.000,0.000,363.000,237.000,0.433333,0.116667,-0.893650,48.777,70.172,163.188,2657.5,0.906
Victor_intento_3.mp4,147,4900.000,True,259.000,265.000,0.000,364.000,237.000,0.437500,0.116667,-0.891618,48.800,70.756,162.399,2682.0,0.907
Victor_intento_3.mp4,148,4933.333,True,259.000,265.000,0.000,364.000,237.000,0.437500,0.116667,-0.891618,48.826,71.044,162.324,2699.5,0.908
Victor_intento_3.mp4,149,4966.667,True,258.000,265.000,0.000,364.000,237.000,0.441667,0.116667,-0.889561,48.893,71.214,162.891,2706.0,0.909
Victor_intento_3.mp4,150,5000.000,True,258.000,265.000,0.000,364.000,237.000,0.441667,0.116667,-0.889561,48.825,71.369,162.496,2712.5,0.909
Victor_intento_3.mp4,151,5033.333,True,258.000,265.000,0.000,364.000,237.000,0.441667,0.116667,-0.889561,48.823,71.494,162.505,2713.5,0.910
Victor_intento_3.mp4,152,5066.667,True,258.000,265.000,0.000,364.000,237.000,0.441667,0.116667,-0.889561,48.782,71.533,162.842,2717.5,0.908
Victor_intento_3.mp4,153,5100.000,True,258.000,265.000,0.000,364.000,237.000,0.441667,0.116667,-0.889561,48.445,70.970,162.184,2665.0,0.912
Victor_intento_3.mp4,154,5133.333,True,258.000,265.000,0.000,364.000,237.000,0.441667,0.116667,-0.889561,48.354,70.815,162.400,2660.5,0.912
Victor_intento_3.mp4,155,5166.667,True,258.000,265.000,0.000,364.000,237.000,0.441667,0.116667,-0.889561,47.991,70.721,162.202,2641.0,0.912
Victor_intento_3.mp4,156,5200.000,True,258.000,265.000,0.000,364.000,237.000,0.441667,0.116667,-0.889561,47.932,70.459,162.171,2622.0,0.910
Victor_intento_3.mp4,157,5233.333,True,258.000,265.000,0.000,364.000,237.000,0.441667,0.116667,-0.889561,47.837,70.285,162.091,2596.5,0.910
Victor_intento_3.mp4,158,5266.667,True,258.000,265.000,0.000,364.000,237.000,0.441667,0.116667,-0.889561,47.783,70.012,162.209,2592.5,0.909
Victor_intento_3.mp4,159,5300.000,True,258.000,265.000,0.000,363.000,237.000,0.437500,0.116667,-0.891618,47.279,69.607,161.640,2536.0,0.905
Victor_intento_3.mp4,160,5333.333,True,258.000,265.000,0.000,362.000,236.000,0.433333,0.120833,-0.893097,48.025,68.794,162.635,2564.5,0.903
Victor_intento_3.mp4,161,5366.667,True,258.000,265.000,0.000,361.000,235.000,0.429167,0.125000,-0.894534,47.065,69.023,161.017,2516.0,0.903
Victor_intento_3.mp4,162,5400.000,True,258.000,265.000,0.000,362.000,235.000,0.433333,0.125000,-0.892523,46.727,68.639,161.286,2485.5,0.902
Victor_intento_3.mp4,163,5433.333,True,258.000,265.000,0.000,362.000,235.000,0.433333,0.125000,-0.892523,46.593,68.025,161.177,2461.5,0.902
Victor_intento_3.mp4,164,5466.667,True,258.000,265.000,0.000,362.000,235.000,0.433333,0.125000,-0.892523,46.496,67.936,161.349,2449.5,0.901
Victor_intento_3.mp4,165,5500.000,True,258.000,265.000,0.000,362.000,235.000,0.433333,0.125000,-0.892523,46.312,67.509,160.884,2428.5,0.902
Victor_intento_3.mp4,166,5533.333,True,258.000,266.000,0.000,362.000,235.000,0.433333,0.129167,-0.891929,46.044,67.534,160.952,2414.5,0.901
Victor_intento_3.mp4,167,5566.667,True,258.000,266.000,0.000,362.000,235.000,0.433333,0.129167,-0.891929,45.867,67.144,160.878,2392.5,0.900
Victor_intento_3.mp4,168,5600.000,True,258.000,266.000,0.000,363.000,235.000,0.437500,0.129167,-0.889893,45.716,67.022,160.374,2399.5,0.900
Victor_intento_3.mp4,169,5633.333,True,258.000,266.000,0.000,363.000,235.000,0.437500,0.129167,-0.889893,45.780,67.475,161.940,2393.5,0.900
Victor_intento_3.mp4,170,5666.667,True,258.000,266.000,0.000,362.000,235.000,0.433333,0.129167,-0.891929,45.996,67.104,160.740,2392.5,0.901
Victor_intento_3.mp4,171,5700.000,True,258.000,266.000,0.000,362.000,235.000,0.433333,0.129167,-0.891929,45.894,67.168,161.352,2381.0,0.903
Victor_intento_3.mp4,172,5733.333,True,257.000,266.000,0.000,363.000,235.000,0.441667,0.129167,-0.887832,46.033,67.153,161.550,2388.5,0.900
Victor_intento_3.mp4,173,5766.667,True,257.000,266.000,0.000,363.000,235.000,0.441667,0.129167,-0.887832,45.690,67.377,161.543,2387.5,0.900
Victor_intento_3.mp4,174,5800.000,True,257.000,266.000,0.000,363.000,235.000,0.441667,0.129167,-0.887832,45.812,67.573,161.572,2393.5,0.898
Victor_intento_3.mp4,175,5833.333,True,257.000,266.000,0.000,363.000,235.000,0.441667,0.129167,-0.887832,45.710,67.535,162.144,2391.5,0.902
Victor_intento_3.mp4,176,5866.667,True,257.000,266.000,0.000,363.000,235.000,0.441667,0.129167,-0.887832,45.781,67.713,161.933,2397.0,0.900
Victor_intento_3.mp4,177,5900.000,True,257.000,266.000,0.000,363.000,235.000,0.441667,0.129167,-0.887832,45.584,67.828,161.558,2394.5,0.899
Victor_intento_3.mp4,178,5933.333,True,257.000,266.000,0.000,363.000,235.000,0.441667,0.129167,-0.887832,45.729,67.477,161.256,2387.0,0.900
Victor_intento_3.mp4,179,5966.667,True,257.000,266.000,0.000,363.000,235.000,0.441667,0.129167,-0.887832,45.505,67.587,161.043,2381.5,0.900
Victor_intento_3.mp4,180,6000.000,True,257.000,266.000,0.000,363.000,235.000,0.441667,0.129167,-0.887832,45.527,67.600,161.125,2381.0,0.900
Victor_intento_3.mp4,181,6033.333,True,257.000,266.000,0.000,363.000,235.000,0.441667,0.129167,-0.887832,45.479,67.512,161.315,2373.5,0.895
Victor_intento_3.mp4,182,6066.667,True,257.000,266.000,0.000,363.000,235.000,0.441667,0.129167,-0.887832,45.182,67.222,161.355,2350.0,0.897
Victor_intento_3.mp4,183,6100.000,True,257.000,266.000,0.000,363.000,235.000,0.441667,0.129167,-0.887832,45.193,67.157,161.569,2349.0,0.895
Victor_intento_3.mp4,184,6133.333,True,257.000,266.000,0.000,363.000,235.000,0.441667,0.129167,-0.887832,44.992,67.011,161.148,2330.5,0.895
Victor_intento_3.mp4,185,6166.667,True,257.000,266.000,0.000,363.000,235.000,0.441667,0.129167,-0.887832,44.913,66.734,161.009,2327.5,0.896
Victor_intento_3.mp4,186,6200.000,True,257.000,266.000,0.000,363.000,235.000,0.441667,0.129167,-0.887832,44.841,66.635,161.402,2320.5,0.896
Victor_intento_3.mp4,187,6233.333,True,257.000,266.000,0.000,363.000,235.000,0.441667,0.129167,-0.887832,44.724,66.433,160.988,2306.0,0.896
Victor_intento_3.mp4,188,6266.667,True,257.000,266.000,0.000,363.000,235.000,0.441667,0.129167,-0.887832,44.624,66.443,161.251,2305.0,0.896
Victor_intento_3.mp4,189,6300.000,True,256.000,266.000,0.000,363.000,235.000,0.445833,0.129167,-0.885747,44.876,66.435,160.876,2311.0,0.896
Victor_intento_3.mp4,190,6333.333,True,256.000,266.000,0.000,363.000,235.000,0.445833,0.129167,-0.885747,44.989,66.724,160.877,2328.0,0.898
Victor_intento_3.mp4,191,6366.667,True,256.000,266.000,0.000,363.000,235.000,0.445833,0.129167,-0.885747,44.930,66.696,160.399,2329.0,0.897
Victor_intento_3.mp4,192,6400.000,True,256.000,266.000,0.000,353.000,235.000,0.404167,0.129167,-0.905519,50.804,64.306,172.681,2533.5,0.901
Victor_intento_3.mp4,193,6433.333,True,256.000,266.000,0.000,319.000,234.000,0.262500,0.133333,-0.955676,60.273,65.189,159.091,3012.5,0.905
Victor_intento_3.mp4,194,6466.667,True,256.000,266.000,0.000,274.000,235.000,0.075000,0.129167,-0.988783,62.503,70.539,114.491,3232.5,0.918
Victor_intento_3.mp4,195,6500.000,True,256.000,266.000,0.000,257.000,235.000,0.004167,0.129167,-0.991614,61.720,73.376,123.488,3351.5,0.892
Victor_intento_3.mp4,196,6533.333,True,256.000,266.000,0.000,261.000,235.000,0.020833,0.129167,-0.991404,63.326,72.535,128.882,3356.5,0.902
Victor_intento_3.mp4,197,6566.667,True,256.000,266.000,0.000,263.000,236.000,0.029167,0.125000,-0.991728,64.257,72.729,127.102,3381.5,0.902
Victor_intento_3.mp4,198,6600.000,True,256.000,266.000,0.000,263.000,236.000,0.029167,0.125000,-0.991728,63.210,73.561,122.992,3403.0,0.899
Victor_intento_3.mp4,199,6633.333,True,256.000,266.000,0.000,263.000,236.000,0.029167,0.125000,-0.991728,63.920,73.234,123.439,3433.5,0.905
Victor_intento_3.mp4,200,6666.667,True,256.000,266.000,0.000,264.000,236.000,0.033333,0.125000,-0.991597,63.523,73.946,120.926,3454.0,0.907
Victor_intento_3.mp4,201,6700.000,True,256.000,266.000,0.000,264.000,236.000,0.033333,0.125000,-0.991597,64.653,73.672,125.565,3465.5,0.904
Victor_intento_3.mp4,202,6733.333,True,255.000,267.000,0.000,261.000,236.000,0.025000,0.129167,-0.991308,65.135,72.704,118.850,3413.5,0.893
Victor_intento_3.mp4,203,6766.667,True,255.000,267.000,0.000,259.000,236.000,0.016667,0.129167,-0.991483,64.361,74.558,125.267,3452.5,0.897
Victor_intento_3.mp4,204,6800.000,True,255.000,267.000,0.000,260.000,235.000,0.020833,0.133333,-0.990852,64.892,74.543,124.943,3476.5,0.895
Victor_intento_3.mp4,205,6833.333,True,255.000,267.000,0.000,260.000,235.000,0.020833,0.133333,-0.990852,64.926,74.544,122.506,3474.0,0.896
Victor_intento_3.mp4,206,6866.667,True,255.000,267.000,0.000,260.000,235.000,0.020833,0.133333,-0.990852,64.662,74.260,123.545,3465.0,0.897
Victor_intento_3.mp4,207,6900.000,True,255.000,267.000,0.000,260.000,235.000,0.020833,0.133333,-0.990852,64.608,73.622,124.624,3419.0,0.897
Victor_intento_3.mp4,208,6933.333,True,255.000,267.000,0.000,260.000,236.000,0.020833,0.129167,-0.991404,64.193,73.197,122.697,3379.5,0.897
Victor_intento_3.mp4,209,6966.667,True,255.000,267.000,0.000,260.000,236.000,0.020833,0.129167,-0.991404,63.882,73.093,123.971,3358.5,0.894
Victor_intento_3.mp4,210,7000.000,True,255.000,267.000,0.000,260.000,236.000,0.020833,0.129167,-0.991404,63.590,72.706,125.507,3325.5,0.895
Victor_intento_3.mp4,211,7033.333,True,255.000,267.000,0.000,260.000,236.000,0.020833,0.129167,-0.991404,63.242,71.758,122.403,3295.5,0.895
Victor_intento_3.mp4,212,7066.667,True,255.000,267.000,0.000,260.000,235.000,0.020833,0.133333,-0.990852,63.214,71.692,125.621,3290.5,0.894
Victor_intento_3.mp4,213,7100.000,True,255.000,267.000,0.000,260.000,235.000,0.020833,0.133333,-0.990852,62.044,71.461,122.323,3246.0,0.890
Victor_intento_3.mp4,214,7133.333,True,255.000,267.000,0.000,260.000,235.000,0.020833,0.133333,-0.990852,61.202,71.148,120.545,3222.5,0.887
Victor_intento_3.mp4,215,7166.667,True,254.000,267.000,0.000,260.000,235.000,0.025000,0.133333,-0.990756,61.763,70.825,120.827,3191.0,0.886
Victor_intento_3.mp4,216,7200.000,True,254.000,267.000,0.000,260.000,235.000,0.025000,0.133333,-0.990756,60.975,70.881,118.951,3166.0,0.885
Victor_intento_3.mp4,217,7233.333,True,254.000,267.000,0.000,260.000,235.000,0.025000,0.133333,-0.990756,61.899,70.023,121.491,3142.0,0.885
Victor_intento_3.mp4,218,7266.667,True,254.000,267.000,0.000,260.000,235.000,0.025000,0.133333,-0.990756,60.845,69.817,119.026,3124.5,0.889
Victor_intento_3.mp4,219,7300.000,True,254.000,267.000,0.000,260.000,235.000,0.025000,0.133333,-0.990756,60.247,69.826,117.139,3092.0,0.888
Victor_intento_3.mp4,220,7333.333,True,254.000,267.000,0.000,260.000,234.000,0.025000,0.137500,-0.990186,59.943,69.508,116.018,3077.5,0.891
Victor_intento_3.mp4,221,7366.667,True,254.000,267.000,0.000,260.000,234.000,0.025000,0.137500,-0.990186,61.136,68.440,117.693,3063.5,0.889
Victor_intento_3.mp4,222,7400.000,True,254.000,267.000,0.000,260.000,235.000,0.025000,0.133333,-0.990756,60.478,68.478,116.541,3044.0,0.894
Victor_intento_3.mp4,223,7433.333,True,254.000,267.000,0.000,261.000,235.000,0.029167,0.133333,-0.990642,60.686,68.292,121.356,3016.5,0.895
Victor_intento_3.mp4,224,7466.667,True,254.000,267.000,0.000,260.000,235.000,0.025000,0.133333,-0.990756,60.298,67.799,116.098,3015.5,0.897
Victor_intento_3.mp4,225,7500.000,True,254.000,267.000,0.000,260.000,235.000,0.025000,0.133333,-0.990756,59.961,67.488,115.485,2985.0,0.899
Victor_intento_3.mp4,226,7533.333,True,254.000,267.000,0.000,260.000,235.000,0.025000,0.133333,-0.990756,60.156,67.295,116.437,2986.0,0.900
Victor_intento_3.mp4,227,7566.667,True,253.000,267.000,0.000,260.000,234.000,0.029167,0.137500,-0.990072,59.179,67.552,115.935,2964.5,0.899
Victor_intento_3.mp4,228,7600.000,True,253.000,268.000,0.000,261.000,234.000,0.033333,0.141667,-0.989353,59.379,67.002,117.742,2953.0,0.896
Victor_intento_3.mp4,229,7633.333,True,253.000,268.000,0.000,261.000,234.000,0.033333,0.141667,-0.989353,59.411,67.049,114.249,2943.0,0.889
Victor_intento_3.mp4,230,7666.667,True,253.000,268.000,0.000,261.000,235.000,0.033333,0.137500,-0.989941,60.643,66.911,117.152,2942.0,0.890
Victor_intento_3.mp4,231,7700.000,True,253.000,268.000,0.000,260.000,235.000,0.029167,0.137500,-0.990072,59.855,66.840,115.618,2938.0,0.896
Victor_intento_3.mp4,232,7733.333,True,253.000,268.000,0.000,260.000,235.000,0.029167,0.137500,-0.990072,59.634,67.009,116.587,2936.5,0.895
Victor_intento_3.mp4,233,7766.667,True,253.000,268.000,0.000,260.000,235.000,0.029167,0.137500,-0.990072,59.654,66.700,117.055,2940.5,0.896
Victor_intento_3.mp4,234,7800.000,True,253.000,268.000,0.000,260.000,235.000,0.029167,0.137500,-0.990072,58.982,67.044,117.547,2950.0,0.897
Victor_intento_3.mp4,235,7833.333,True,253.000,268.000,0.000,260.000,235.000,0.029167,0.137500,-0.990072,60.043,66.294,115.899,2931.5,0.894
Victor_intento_3.mp4,236,7866.667,True,253.000,268.000,0.000,260.000,235.000,0.029167,0.137500,-0.990072,59.456,66.991,115.108,2926.0,0.891
Victor_intento_3.mp4,237,7900.000,True,253.000,268.000,0.000,261.000,235.000,0.033333,0.137500,-0.989941,59.789,66.123,117.027,2913.5,0.889
Victor_intento_3.mp4,238,7933.333,True,253.000,268.000,0.000,261.000,236.000,0.033333,0.133333,-0.990511,60.537,66.140,116.024,2915.5,0.891
Victor_intento_3.mp4,239,7966.667,True,253.000,268.000,0.000,261.000,236.000,0.033333,0.133333,-0.990511,60.539,66.035,117.857,2909.0,0.891
Victor_intento_3.mp4,240,8000.000,True,252.000,268.000,0.000,261.000,236.000,0.037500,0.133333,-0.990362,60.131,66.211,117.315,2924.0,0.890
Victor_intento_3.mp4,241,8033.333,True,252.000,268.000,0.000,261.000,235.000,0.037500,0.137500,-0.989792,59.959,66.607,118.670,2930.0,0.887
Victor_intento_3.mp4,242,8066.667,True,252.000,268.000,0.000,261.000,235.000,0.037500,0.137500,-0.989792,60.781,66.567,120.126,2938.5,0.887
Victor_intento_3.mp4,243,8100.000,True,252.000,268.000,0.000,261.000,235.000,0.037500,0.137500,-0.989792,59.867,66.379,116.439,2920.0,0.888
Victor_intento_3.mp4,244,8133.333,True,252.000,268.000,0.000,261.000,235.000,0.037500,0.137500,-0.989792,58.947,66.652,117.284,2917.0,0.892
Victor_intento_3.mp4,245,8166.667,True,252.000,268.000,0.000,261.000,235.000,0.037500,0.137500,-0.989792,59.590,66.120,116.297,2907.0,0.896
Victor_intento_3.mp4,246,8200.000,True,252.000,268.000,0.000,261.000,235.000,0.037500,0.137500,-0.989792,59.526,66.421,117.725,2931.0,0.896
Victor_intento_3.mp4,247,8233.333,True,252.000,268.000,0.000,261.000,235.000,0.037500,0.137500,-0.989792,59.389,66.465,119.201,2919.5,0.889
Victor_intento_3.mp4,248,8266.667,True,252.000,268.000,0.000,261.000,235.000,0.037500,0.137500,-0.989792,59.280,66.591,118.089,2917.0,0.890
Victor_intento_3.mp4,249,8300.000,True,252.000,268.000,0.000,260.000,235.000,0.033333,0.137500,-0.989941,60.023,66.346,115.049,2924.0,0.891
Victor_intento_3.mp4,250,8333.333,True,252.000,268.000,0.000,260.000,235.000,0.033333,0.137500,-0.989941,59.537,66.811,116.412,2944.0,0.891
Victor_intento_3.mp4,251,8366.667,True,252.000,268.000,0.000,266.000,233.000,0.058333,0.145833,-0.987588,55.868,67.439,122.408,2852.0,0.913
Victor_intento_3.mp4,252,8400.000,True,252.000,268.000,0.000,288.000,224.000,0.150000,0.183333,-0.971539,51.356,63.989,132.440,2530.5,0.890
Victor_intento_3.mp4,253,8433.333,True,252.000,268.000,0.000,312.000,213.000,0.250000,0.229167,-0.940735,51.142,63.375,140.027,2455.0,0.907
Victor_intento_3.mp4,254,8466.667,True,252.000,268.000,0.000,320.000,209.000,0.283333,0.245833,-0.926978,51.911,63.734,141.697,2535.0,0.914
Victor_intento_3.mp4,255,8500.000,True,251.000,268.000,0.000,320.000,209.000,0.287500,0.245833,-0.925694,51.789,63.522,142.294,2519.0,0.909
Victor_intento_3.mp4,256,8533.333,True,251.000,268.000,0.000,320.000,209.000,0.287500,0.245833,-0.925694,52.357,63.689,143.313,2546.5,0.908
Victor_intento_3.mp4,257,8566.667,True,251.000,268.000,0.000,321.000,209.000,0.291667,0.245833,-0.924390,51.848,63.917,142.177,2546.0,0.909
Victor_intento_3.mp4,258,8600.000,True,251.000,268.000,0.000,317.000,207.000,0.275000,0.254167,-0.927240,52.624,65.040,138.055,2642.0,0.911
Victor_intento_3.mp4,259,8633.333,True,251.000,268.000,0.000,313.000,205.000,0.258333,0.262500,-0.929708,52.638,64.984,138.859,2629.0,0.912
Victor_intento_3.mp4,260,8666.667,True,251.000,268.000,0.000,314.000,205.000,0.262500,0.262500,-0.928541,52.854,65.402,138.119,2660.0,0.912
Victor_intento_3.mp4,261,8700.000,True,251.000,268.000,0.000,314.000,205.000,0.262500,0.262500,-0.928541,53.497,65.302,140.346,2706.5,0.913
Victor_intento_3.mp4,262,8733.333,True,251.000,269.000,0.000,315.000,204.000,0.266667,0.270833,-0.924953,53.800,66.063,139.516,2738.0,0.910
Victor_intento_3.mp4,263,8766.667,True,251.000,269.000,0.000,315.000,204.000,0.266667,0.270833,-0.924953,53.871,66.400,140.014,2760.0,0.911
Victor_intento_3.mp4,264,8800.000,True,251.000,269.000,0.000,314.000,204.000,0.262500,0.270833,-0.926144,54.366,67.209,139.816,2817.0,0.910
Victor_intento_3.mp4,265,8833.333,True,251.000,269.000,0.000,314.000,204.000,0.262500,0.270833,-0.926144,54.274,67.460,138.035,2822.5,0.910
Victor_intento_3.mp4,266,8866.667,True,251.000,269.000,0.000,314.000,204.000,0.262500,0.270833,-0.926144,54.271,66.914,138.569,2805.5,0.910
Victor_intento_3.mp4,267,8900.000,True,251.000,269.000,0.000,314.000,204.000,0.262500,0.270833,-0.926144,53.858,66.581,138.311,2775.5,0.910
Victor_intento_3.mp4,268,8933.333,True,251.000,269.000,0.000,314.000,204.000,0.262500,0.270833,-0.926144,53.589,66.113,139.345,2743.0,0.910
Victor_intento_3.mp4,269,8966.667,True,251.000,269.000,0.000,314.000,204.000,0.262500,0.270833,-0.926144,52.886,66.187,138.031,2705.5,0.912
Victor_intento_3.mp4,270,9000.000,True,251.000,269.000,0.000,314.000,204.000,0.262500,0.270833,-0.926144,53.266,66.480,137.215,2722.5,0.912
Victor_intento_3.mp4,271,9033.333,True,251.000,269.000,0.000,314.000,204.000,0.262500,0.270833,-0.926144,52.913,65.765,136.073,2682.5,0.912
Victor_intento_3.mp4,272,9066.667,True,251.000,269.000,0.000,314.000,203.000,0.262500,0.275000,-0.924916,52.722,65.801,136.661,2671.5,0.911
Victor_intento_3.mp4,273,9100.000,True,250.000,269.000,0.000,314.000,203.000,0.266667,0.275000,-0.923723,52.354,65.488,134.942,2628.0,0.912
Victor_intento_3.mp4,274,9133.333,True,250.000,269.000,0.000,314.000,204.000,0.266667,0.270833,-0.924953,52.088,65.227,136.432,2613.0,0.912
Victor_intento_3.mp4,275,9166.667,True,250.000,269.000,0.000,314.000,204.000,0.266667,0.270833,-0.924953,52.128,64.984,135.851,2599.5,0.912
Victor_intento_3.mp4,276,9200.000,True,250.000,269.000,0.000,314.000,204.000,0.266667,0.270833,-0.924953,51.824,64.580,135.817,2577.0,0.911
Victor_intento_3.mp4,277,9233.333,True,250.000,269.000,0.000,314.000,204.000,0.266667,0.270833,-0.924953,51.705,64.140,136.756,2552.5,0.908
Victor_intento_3.mp4,278,9266.667,True,250.000,269.000,0.000,315.000,204.000,0.270833,0.270833,-0.923742,51.626,63.789,136.855,2545.5,0.908
Victor_intento_3.mp4,279,9300.000,True,250.000,269.000,0.000,315.000,204.000,0.270833,0.270833,-0.923742,51.483,63.283,136.423,2516.0,0.908
Victor_intento_3.mp4,280,9333.333,True,250.000,269.000,0.000,315.000,204.000,0.270833,0.270833,-0.923742,51.297,63.301,137.369,2512.5,0.907
Victor_intento_3.mp4,281,9366.667,True,250.000,269.000,0.000,315.000,204.000,0.270833,0.270833,-0.923742,51.304,63.402,137.576,2507.0,0.907
Victor_intento_3.mp4,282,9400.000,True,250.000,269.000,0.000,315.000,204.000,0.270833,0.270833,-0.923742,51.179,63.447,138.186,2501.0,0.908
Victor_intento_3.mp4,283,9433.333,True,250.000,269.000,0.000,315.000,204.000,0.270833,0.270833,-0.923742,51.329,63.721,137.833,2516.0,0.909
Victor_intento_3.mp4,284,9466.667,True,250.000,269.000,0.000,314.000,204.000,0.266667,0.270833,-0.924953,51.658,63.819,136.336,2562.5,0.911
Victor_intento_3.mp4,285,9500.000,True,250.000,269.000,0.000,313.000,204.000,0.262500,0.270833,-0.926144,51.710,64.157,137.784,2565.0,0.910
Victor_intento_3.mp4,286,9533.333,True,250.000,269.000,0.000,314.000,204.000,0.266667,0.270833,-0.924953,51.711,64.306,137.267,2564.0,0.910
Victor_intento_3.mp4,287,9566.667,True,250.000,269.000,0.000,314.000,204.000,0.266667,0.270833,-0.924953,51.885,64.800,136.423,2594.5,0.910
Victor_intento_3.mp4,288,9600.000,True,250.000,269.000,0.000,314.000,204.000,0.266667,0.270833,-0.924953,52.300,64.962,136.685,2622.5,0.911
Victor_intento_3.mp4,289,9633.333,True,250.000,269.000,0.000,313.000,204.000,0.262500,0.270833,-0.926144,52.661,65.125,136.600,2638.0,0.910
Victor_intento_3.mp4,290,9666.667,True,250.000,269.000,0.000,310.000,204.000,0.250000,0.270833,-0.929596,52.862,65.525,135.082,2675.0,0.892
Victor_intento_3.mp4,291,9700.000,True,250.000,269.000,0.000,307.000,204.000,0.237500,0.270833,-0.932868,51.819,61.517,123.219,2432.5,0.882
Victor_intento_3.mp4,292,9733.333,True,250.000,269.000,0.000,307.000,205.000,0.237500,0.266667,-0.934068,46.329,56.762,77.158,1913.5,0.891
Victor_intento_3.mp4,293,9766.667,True,250.000,269.000,0.000,307.000,206.000,0.237500,0.262500,-0.935247,44.463,57.846,89.134,1914.0,0.882
Victor_intento_3.mp4,294,9800.000,True,249.000,269.000,0.000,307.000,204.000,0.241667,0.270833,-0.931797,52.736,66.210,135.123,2684.0,0.888
Victor_intento_3.mp4,295,9833.333,True,249.000,269.000,0.000,308.000,202.000,0.245833,0.279167,-0.928241,52.948,66.229,135.945,2725.5,0.874
Victor_intento_3.mp4,296,9866.667,True,249.000,269.000,0.000,309.000,202.000,0.250000,0.279167,-0.927128,53.473,66.911,137.528,2742.5,0.877
Victor_intento_3.mp4,297,9900.000,True,249.000,269.000,0.000,310.000,203.000,0.254167,0.275000,-0.927240,53.578,67.226,137.270,2775.0,0.884
Victor_intento_3.mp4,298,9933.333,True,249.000,269.000,0.000,310.000,203.000,0.254167,0.275000,-0.927240,53.927,67.711,137.338,2817.5,0.894
Victor_intento_3.mp4,299,9966.667,True,249.000,269.000,0.000,311.000,203.000,0.258333,0.275000,-0.926088,54.394,67.790,138.346,2844.0,0.898
Victor_intento_3.mp4,300,10000.000,True,249.000,269.000,0.000,311.000,204.000,0.258333,0.270833,-0.927315,54.732,68.150,139.189,2877.5,0.900
Victor_intento_3.mp4,301,10033.333,True,249.000,269.000,0.000,311.000,204.000,0.258333,0.270833,-0.927315,55.108,68.579,138.209,2911.0,0.902
Victor_intento_3.mp4,302,10066.667,True,249.000,269.000,0.000,311.000,204.000,0.258333,0.270833,-0.927315,55.285,68.751,136.957,2949.0,0.906
Victor_intento_3.mp4,303,10100.000,True,249.000,269.000,0.000,311.000,204.000,0.258333,0.270833,-0.927315,55.882,69.687,138.050,2996.5,0.904
Victor_intento_3.mp4,304,10133.333,True,249.000,269.000,0.000,311.000,204.000,0.258333,0.270833,-0.927315,56.246,69.890,138.654,3030.5,0.906
Victor_intento_3.mp4,305,10166.667,True,249.000,269.000,0.000,312.000,204.000,0.262500,0.270833,-0.926144,56.438,70.436,137.260,3074.0,0.906
Victor_intento_3.mp4,306,10200.000,True,249.000,269.000,0.000,312.000,204.000,0.262500,0.270833,-0.926144,56.726,70.730,137.224,3105.0,0.907
Victor_intento_3.mp4,307,10233.333,True,249.000,269.000,0.000,312.000,204.000,0.262500,0.270833,-0.926144,57.263,71.363,136.847,3137.5,0.908
Victor_intento_3.mp4,308,10266.667,True,249.000,269.000,0.000,312.000,204.000,0.262500,0.270833,-0.926144,56.931,71.462,136.811,3129.5,0.909
Victor_intento_3.mp4,309,10300.000,True,249.000,269.000,0.000,312.000,204.000,0.262500,0.270833,-0.926144,56.732,70.678,138.032,3122.5,0.909
Victor_intento_3.mp4,310,10333.333,True,249.000,269.000,0.000,312.000,204.000,0.262500,0.270833,-0.926144,56.647,70.455,137.720,3106.5,0.909
Victor_intento_3.mp4,311,10366.667,True,249.000,269.000,0.000,312.000,204.000,0.262500,0.270833,-0.926144,56.432,70.660,136.128,3092.0,0.909
Victor_intento_3.mp4,312,10400.000,True,249.000,269.000,0.000,312.000,204.000,0.262500,0.270833,-0.926144,56.724,70.421,137.216,3071.0,0.910
Victor_intento_3.mp4,313,10433.333,True,249.000,269.000,0.000,312.000,204.000,0.262500,0.270833,-0.926144,56.374,69.955,138.454,3045.5,0.910
Victor_intento_3.mp4,314,10466.667,True,249.000,269.000,0.000,312.000,204.000,0.262500,0.270833,-0.926144,56.193,69.644,137.456,3028.0,0.910
Victor_intento_3.mp4,315,10500.000,True,249.000,269.000,0.000,312.000,204.000,0.262500,0.270833,-0.926144,55.769,69.449,136.783,2988.0,0.910
Victor_intento_3.mp4,316,10533.333,True,249.000,269.000,0.000,312.000,204.000,0.262500,0.270833,-0.926144,55.473,69.300,134.912,2984.0,0.910
Victor_intento_3.mp4,317,10566.667,True,249.000,269.000,0.000,312.000,204.000,0.262500,0.270833,-0.926144,55.325,69.118,134.978,2961.5,0.911
Victor_intento_3.mp4,318,10600.000,True,249.000,269.000,0.000,313.000,203.000,0.266667,0.275000,-0.923723,53.494,69.090,134.177,2846.5,0.910
Victor_intento_3.mp4,319,10633.333,True,248.000,269.000,0.000,323.000,197.000,0.312500,0.300000,-0.901301,44.140,67.417,136.716,2270.0,0.912
Victor_intento_3.mp4,320,10666.667,True,248.000,270.000,0.000,340.000,190.000,0.383333,0.333333,-0.861362,38.430,65.599,139.767,1934.0,0.896
Victor_intento_3.mp4,321,10700.000,True,248.000,270.000,0.000,349.000,188.000,0.420833,0.341667,-0.840335,39.470,65.673,139.805,1994.0,0.891
Victor_intento_3.mp4,322,10733.333,True,248.000,270.000,0.000,349.000,187.000,0.420833,0.345833,-0.838629,39.342,66.065,139.131,1993.0,0.889
Victor_intento_3.mp4,323,10766.667,True,248.000,270.000,0.000,350.000,187.000,0.425000,0.345833,-0.836525,39.128,66.260,139.230,1978.5,0.887
Victor_intento_3.mp4,324,10800.000,True,248.000,270.000,0.000,350.000,187.000,0.425000,0.345833,-0.836525,39.055,66.791,139.581,2006.5,0.886
Victor_intento_3.mp4,325,10833.333,True,248.000,270.000,0.000,350.000,187.000,0.425000,0.345833,-0.836525,38.426,67.249,139.329,1990.0,0.884
Victor_intento_3.mp4,326,10866.667,True,248.000,270.000,0.000,353.000,186.000,0.437500,0.350000,-0.828308,37.467,66.261,139.723,1918.0,0.885
Victor_intento_3.mp4,327,10900.000,True,248.000,270.000,0.000,355.000,186.000,0.445833,0.350000,-0.823852,37.459,67.348,139.489,1920.0,0.881
Victor_intento_3.mp4,328,10933.333,True,248.000,270.000,0.000,355.000,186.000,0.445833,0.350000,-0.823852,37.226,67.678,140.303,1935.0,0.883
Victor_intento_3.mp4,329,10966.667,True,248.000,270.000,0.000,355.000,186.000,0.445833,0.350000,-0.823852,37.580,67.867,139.433,1955.0,0.878
Victor_intento_3.mp4,330,11000.000,True,248.000,270.000,0.000,355.000,186.000,0.445833,0.350000,-0.823852,38.161,68.366,140.101,2018.0,0.877
Victor_intento_3.mp4,331,11033.333,True,248.000,270.000,0.000,355.000,186.000,0.445833,0.350000,-0.823852,38.281,68.783,140.524,2042.5,0.876
Victor_intento_3.mp4,332,11066.667,True,248.000,270.000,0.000,355.000,186.000,0.445833,0.350000,-0.823852,38.404,69.429,139.798,2041.0,0.876
Victor_intento_3.mp4,333,11100.000,True,248.000,270.000,0.000,353.000,185.000,0.437500,0.354167,-0.826535,39.765,69.104,138.890,2112.5,0.884
Victor_intento_3.mp4,334,11133.333,True,248.000,270.000,0.000,352.000,185.000,0.433333,0.354167,-0.828727,39.346,69.675,139.583,2111.0,0.879
Victor_intento_3.mp4,335,11166.667,True,248.000,270.000,0.000,353.000,185.000,0.437500,0.354167,-0.826535,39.227,69.657,139.869,2108.5,0.881
Victor_intento_3.mp4,336,11200.000,True,248.000,270.000,0.000,352.000,185.000,0.433333,0.354167,-0.828727,39.159,69.360,138.592,2088.5,0.880
Victor_intento_3.mp4,337,11233.333,True,248.000,270.000,0.000,352.000,185.000,0.433333,0.354167,-0.828727,39.010,69.092,138.684,2063.5,0.880
Victor_intento_3.mp4,338,11266.667,True,248.000,270.000,0.000,352.000,185.000,0.433333,0.354167,-0.828727,38.908,68.496,139.324,2061.0,0.878
Victor_intento_3.mp4,339,11300.000,True,248.000,270.000,0.000,352.000,185.000,0.433333,0.354167,-0.828727,38.899,68.491,139.249,2046.0,0.879
Victor_intento_3.mp4,340,11333.333,True,248.000,270.000,0.000,352.000,185.000,0.433333,0.354167,-0.828727,38.525,68.077,138.539,2020.5,0.879
Victor_intento_3.mp4,341,11366.667,True,248.000,270.000,0.000,353.000,185.000,0.437500,0.354167,-0.826535,38.343,67.052,138.797,1990.0,0.881
Victor_intento_3.mp4,342,11400.000,True,248.000,270.000,0.000,353.000,185.000,0.437500,0.354167,-0.826535,37.781,66.792,139.341,1957.0,0.884
Victor_intento_3.mp4,343,11433.333,True,248.000,270.000,0.000,353.000,185.000,0.437500,0.354167,-0.826535,37.883,66.620,139.024,1942.5,0.882
Victor_intento_3.mp4,344,11466.667,True,248.000,270.000,0.000,353.000,185.000,0.437500,0.354167,-0.826535,37.821,66.319,139.597,1934.5,0.884
Victor_intento_3.mp4,345,11500.000,True,248.000,270.000,0.000,353.000,185.000,0.437500,0.354167,-0.826535,37.642,66.210,139.283,1915.0,0.884
Victor_intento_3.mp4,346,11533.333,True,248.000,270.000,0.000,353.000,185.000,0.437500,0.354167,-0.826535,37.602,66.198,139.648,1911.5,0.885
Victor_intento_3.mp4,347,11566.667,True,248.000,270.000,0.000,353.000,185.000,0.437500,0.354167,-0.826535,37.621,66.370,139.457,1916.5,0.888
Victor_intento_3.mp4,348,11600.000,True,248.000,270.000,0.000,353.000,185.000,0.437500,0.354167,-0.826535,37.512,66.357,140.050,1917.5,0.890
Victor_intento_3.mp4,349,11633.333,True,248.000,270.000,0.000,353.000,185.000,0.437500,0.354167,-0.826535,37.710,65.789,139.860,1910.5,0.884
Victor_intento_3.mp4,350,11666.667,True,247.000,270.000,0.000,353.000,185.000,0.441667,0.354167,-0.824316,37.373,66.044,139.665,1899.5,0.888
Victor_intento_3.mp4,351,11700.000,True,247.000,270.000,0.000,353.000,185.000,0.441667,0.354167,-0.824316,37.311,66.085,139.302,1903.0,0.887
Victor_intento_3.mp4,352,11733.333,True,247.000,270.000,0.000,353.000,185.000,0.441667,0.354167,-0.824316,37.205,66.075,139.489,1899.5,0.886
Victor_intento_3.mp4,353,11766.667,True,247.000,270.000,0.000,354.000,185.000,0.445833,0.354167,-0.822070,37.339,65.791,140.090,1888.0,0.885
Victor_intento_3.mp4,354,11800.000,True,247.000,270.000,0.000,353.000,185.000,0.441667,0.354167,-0.824316,37.387,65.694,138.845,1881.0,0.882
Victor_intento_3.mp4,355,11833.333,True,247.000,270.000,0.000,353.000,185.000,0.441667,0.354167,-0.824316,37.563,65.475,139.717,1881.0,0.884
Victor_intento_3.mp4,356,11866.667,True,247.000,270.000,0.000,354.000,186.000,0.445833,0.350000,-0.823852,37.572,65.586,139.659,1885.0,0.884
Victor_intento_3.mp4,357,11900.000,True,247.000,270.000,0.000,354.000,186.000,0.445833,0.350000,-0.823852,37.477,65.517,140.195,1882.0,0.883
Victor_intento_3.mp4,358,11933.333,True,247.000,270.000,0.000,354.000,186.000,0.445833,0.350000,-0.823852,37.342,65.774,140.247,1881.0,0.884
Victor_intento_3.mp4,359,11966.667,True,247.000,270.000,0.000,354.000,186.000,0.445833,0.350000,-0.823852,37.426,65.672,140.061,1878.0,0.884
Victor_intento_3.mp4,360,12000.000,True,247.000,270.000,0.000,354.000,186.000,0.445833,0.350000,-0.823852,37.413,65.320,140.214,1882.0,0.885
Victor_intento_3.mp4,361,12033.333,True,247.000,270.000,0.000,354.000,186.000,0.445833,0.350000,-0.823852,37.562,65.134,140.095,1880.0,0.885
Victor_intento_3.mp4,362,12066.667,True,247.000,270.000,0.000,354.000,186.000,0.445833,0.350000,-0.823852,37.143,65.606,140.479,1880.0,0.886
Victor_intento_3.mp4,363,12100.000,True,247.000,270.000,0.000,354.000,186.000,0.445833,0.350000,-0.823852,37.614,65.281,140.274,1887.0,0.886
Victor_intento_3.mp4,364,12133.333,True,247.000,270.000,0.000,354.000,186.000,0.445833,0.350000,-0.823852,37.500,65.907,139.897,1889.0,0.886
Victor_intento_3.mp4,365,12166.667,True,247.000,270.000,0.000,354.000,185.000,0.445833,0.354167,-0.822070,37.396,65.792,140.361,1897.0,0.885
Victor_intento_3.mp4,366,12200.000,True,247.000,270.000,0.000,354.000,185.000,0.445833,0.354167,-0.822070,37.579,65.883,140.081,1907.5,0.884
Victor_intento_3.mp4,367,12233.333,True,247.000,270.000,0.000,354.000,185.000,0.445833,0.354167,-0.822070,37.689,65.432,140.327,1910.0,0.882
Victor_intento_3.mp4,368,12266.667,True,247.000,270.000,0.000,354.000,185.000,0.445833,0.354167,-0.822070,38.036,66.385,139.949,1936.0,0.882
Victor_intento_3.mp4,369,12300.000,True,247.000,270.000,0.000,354.000,185.000,0.445833,0.354167,-0.822070,37.731,66.331,140.210,1929.0,0.883
Victor_intento_3.mp4,370,12333.333,True,247.000,270.000,0.000,354.000,185.000,0.445833,0.354167,-0.822070,38.216,66.256,140.346,1946.0,0.883
Victor_intento_3.mp4,371,12366.667,True,247.000,270.000,0.000,353.000,185.000,0.441667,0.354167,-0.824316,38.206,67.072,139.612,1968.0,0.883
Victor_intento_3.mp4,372,12400.000,True,247.000,270.000,0.000,353.000,185.000,0.441667,0.354167,-0.824316,38.323,67.014,139.844,1983.0,0.884
Victor_intento_3.mp4,373,12433.333,True,247.000,270.000,0.000,353.000,185.000,0.441667,0.354167,-0.824316,38.606,67.053,139.960,1981.0,0.884
Victor_intento_3.mp4,374,12466.667,True,247.000,270.000,0.000,353.000,185.000,0.441667,0.354167,-0.824316,38.674,67.215,140.075,2001.5,0.880
Victor_intento_3.mp4,375,12500.000,True,247.000,270.000,0.000,353.000,185.000,0.441667,0.354167,-0.824316,38.844,67.732,139.676,2022.5,0.878
Victor_intento_3.mp4,376,12533.333,True,247.000,270.000,0.000,353.000,185.000,0.441667,0.354167,-0.824316,38.561,68.321,140.465,2038.0,0.883
Victor_intento_3.mp4,377,12566.667,True,247.000,270.000,0.000,341.000,184.000,0.391667,0.358333,-0.847464,46.858,63.172,137.311,2278.0,0.896
Victor_intento_3.mp4,378,12600.000,True,247.000,270.000,0.000,304.000,183.000,0.237500,0.362500,-0.901214,58.077,66.853,115.174,3012.5,0.905
Victor_intento_3.mp4,379,12633.333,True,247.000,270.000,0.000,260.000,185.000,0.054167,0.354167,-0.933612,61.522,71.233,100.018,3427.0,0.881
Victor_intento_3.mp4,380,12666.667,True,247.000,270.000,0.000,245.000,186.000,-0.008333,0.350000,-0.936713,60.645,72.066,105.559,3405.0,0.911
Victor_intento_3.mp4,381,12700.000,True,247.000,270.000,0.000,248.000,185.000,0.004167,0.354167,-0.935173,61.067,72.270,104.534,3417.0,0.913
Victor_intento_3.mp4,382,12733.333,True,247.000,270.000,0.000,249.000,184.000,0.008333,0.358333,-0.933557,60.763,72.078,104.976,3413.5,0.912
Victor_intento_3.mp4,383,12766.667,True,247.000,270.000,0.000,249.000,184.000,0.008333,0.358333,-0.933557,60.778,72.132,105.136,3421.0,0.912
Victor_intento_3.mp4,384,12800.000,True,247.000,270.000,0.000,249.000,183.000,0.008333,0.362500,-0.931947,60.592,72.069,104.812,3396.0,0.913
Victor_intento_3.mp4,385,12833.333,True,247.000,270.000,0.000,249.000,183.000,0.008333,0.362500,-0.931947,60.509,71.819,104.436,3392.5,0.914
Victor_intento_3.mp4,386,12866.667,True,247.000,270.000,0.000,249.000,183.000,0.008333,0.362500,-0.931947,60.959,72.276,104.450,3406.5,0.913
Victor_intento_3.mp4,387,12900.000,True,247.000,270.000,0.000,252.000,183.000,0.020833,0.362500,-0.931751,60.273,71.802,108.583,3380.0,0.917
Victor_intento_3.mp4,388,12933.333,True,247.000,270.000,0.000,255.000,183.000,0.033333,0.362500,-0.931387,60.073,71.863,110.053,3378.5,0.918
Victor_intento_3.mp4,389,12966.667,True,247.000,270.000,0.000,256.000,183.000,0.037500,0.362500,-0.931229,60.147,71.614,108.932,3334.5,0.915
Victor_intento_3.mp4,390,13000.000,True,247.000,270.000,0.000,256.000,182.000,0.037500,0.366667,-0.929596,59.311,70.651,109.496,3263.5,0.918
Victor_intento_3.mp4,391,13033.333,True,247.000,270.000,0.000,256.000,182.000,0.037500,0.366667,-0.929596,58.753,70.369,109.497,3210.5,0.920
Victor_intento_3.mp4,392,13066.667,True,246.000,270.000,0.000,256.000,182.000,0.041667,0.366667,-0.929419,58.451,69.414,109.992,3145.0,0.922
Victor_intento_3.mp4,393,13100.000,True,246.000,270.000,0.000,256.000,182.000,0.041667,0.366667,-0.929419,57.587,68.817,110.660,3090.0,0.922
Victor_intento_3.mp4,394,13133.333,True,246.000,270.000,0.000,256.000,182.000,0.041667,0.366667,-0.929419,57.229,68.010,108.868,3025.0,0.922
Victor_intento_3.mp4,395,13166.667,True,246.000,270.000,0.000,256.000,182.000,0.041667,0.366667,-0.929419,57.032,67.968,109.639,2997.5,0.922
Victor_intento_3.mp4,396,13200.000,True,246.000,270.000,0.000,256.000,182.000,0.041667,0.366667,-0.929419,56.950,67.394,109.541,2974.5,0.921
Victor_intento_3.mp4,397,13233.333,True,246.000,270.000,0.000,256.000,182.000,0.041667,0.366667,-0.929419,56.381,66.897,110.032,2938.5,0.921
Victor_intento_3.mp4,398,13266.667,True,246.000,270.000,0.000,256.000,182.000,0.041667,0.366667,-0.929419,56.332,66.804,108.665,2919.0,0.919
Victor_intento_3.mp4,399,13300.000,True,246.000,270.000,0.000,256.000,182.000,0.041667,0.366667,-0.929419,56.115,66.378,110.027,2900.5,0.918
Victor_intento_3.mp4,400,13333.333,True,246.000,270.000,0.000,256.000,182.000,0.041667,0.366667,-0.929419,56.091,66.041,108.892,2883.5,0.918
Victor_intento_3.mp4,401,13366.667,True,246.000,270.000,0.000,256.000,182.000,0.041667,0.366667,-0.929419,55.913,65.882,108.352,2858.0,0.918
Victor_intento_3.mp4,402,13400.000,True,246.000,270.000,0.000,256.000,182.000,0.041667,0.366667,-0.929419,55.778,65.851,107.591,2846.0,0.918
Victor_intento_3.mp4,403,13433.333,True,246.000,270.000,0.000,256.000,182.000,0.041667,0.366667,-0.929419,55.582,65.829,108.205,2837.5,0.918
Victor_intento_3.mp4,404,13466.667,True,246.000,270.000,0.000,256.000,182.000,0.041667,0.366667,-0.929419,55.329,65.457,108.521,2828.0,0.918
Victor_intento_3.mp4,405,13500.000,True,246.000,270.000,0.000,254.000,182.000,0.033333,0.366667,-0.929755,55.642,65.196,107.224,2810.5,0.915
Victor_intento_3.mp4,406,13533.333,True,246.000,270.000,0.000,253.000,182.000,0.029167,0.366667,-0.929895,55.500,65.309,106.660,2813.0,0.914
Victor_intento_3.mp4,407,13566.667,True,246.000,270.000,0.000,253.000,182.000,0.029167,0.366667,-0.929895,55.431,65.250,107.290,2806.5,0.916
Victor_intento_3.mp4,408,13600.000,True,246.000,270.000,0.000,253.000,182.000,0.029167,0.366667,-0.929895,55.475,64.921,107.231,2797.5,0.916
Victor_intento_3.mp4,409,13633.333,True,246.000,270.000,0.000,254.000,182.000,0.033333,0.366667,-0.929755,55.119,64.712,108.744,2775.0,0.913
Victor_intento_3.mp4,410,13666.667,True,246.000,270.000,0.000,254.000,183.000,0.033333,0.362500,-0.931387,55.131,64.831,106.167,2771.0,0.915
Victor_intento_3.mp4,411,13700.000,True,246.000,270.000,0.000,254.000,183.000,0.033333,0.362500,-0.931387,55.177,64.478,108.038,2769.5,0.914
Victor_intento_3.mp4,412,13733.333,True,246.000,270.000,0.000,254.000,183.000,0.033333,0.362500,-0.931387,55.001,64.676,108.161,2767.0,0.912
Victor_intento_3.mp4,413,13766.667,True,246.000,270.000,0.000,254.000,182.000,0.033333,0.366667,-0.929755,54.852,64.682,107.097,2746.5,0.914
Victor_intento_3.mp4,414,13800.000,True,246.000,270.000,0.000,254.000,182.000,0.033333,0.366667,-0.929755,54.812,64.675,107.920,2744.0,0.915
Victor_intento_3.mp4,415,13833.333,True,246.000,270.000,0.000,254.000,182.000,0.033333,0.366667,-0.929755,54.943,64.773,107.299,2760.0,0.912
Victor_intento_3.mp4,416,13866.667,True,246.000,270.000,0.000,254.000,183.000,0.033333,0.362500,-0.931387,55.056,64.871,108.300,2773.0,0.910
Victor_intento_3.mp4,417,13900.000,True,246.000,270.000,0.000,253.000,183.000,0.029167,0.362500,-0.931527,55.157,65.530,107.105,2799.0,0.908
Victor_intento_3.mp4,418,13933.333,True,246.000,270.000,0.000,253.000,183.000,0.029167,0.362500,-0.931527,55.424,65.653,106.879,2815.5,0.908
Victor_intento_3.mp4,419,13966.667,True,246.000,270.000,0.000,253.000,183.000,0.029167,0.362500,-0.931527,55.434,65.702,107.368,2816.5,0.911
Victor_intento_3.mp4,420,14000.000,True,246.000,270.000,0.000,253.000,183.000,0.029167,0.362500,-0.931527,55.589,65.766,107.534,2824.5,0.910
Victor_intento_3.mp4,421,14033.333,True,246.000,270.000,0.000,253.000,183.000,0.029167,0.362500,-0.931527,55.374,66.037,107.592,2836.0,0.909
Victor_intento_3.mp4,422,14066.667,True,246.000,270.000,0.000,253.000,183.000,0.029167,0.362500,-0.931527,55.636,66.251,108.101,2853.5,0.909
Victor_intento_3.mp4,423,14100.000,True,246.000,270.000,0.000,253.000,183.000,0.029167,0.362500,-0.931527,55.659,66.270,108.271,2861.0,0.909
Victor_intento_3.mp4,424,14133.333,True,246.000,270.000,0.000,253.000,183.000,0.029167,0.362500,-0.931527,55.958,66.559,107.556,2887.0,0.905
Victor_intento_3.mp4,425,14166.667,True,246.000,270.000,0.000,253.000,183.000,0.029167,0.362500,-0.931527,55.831,66.702,107.172,2889.0,0.905
Victor_intento_3.mp4,426,14200.000,True,246.000,270.000,0.000,253.000,183.000,0.029167,0.362500,-0.931527,55.941,66.967,107.338,2912.0,0.904
Victor_intento_3.mp4,427,14233.333,True,246.000,270.000,0.000,253.000,183.000,0.029167,0.362500,-0.931527,56.432,66.842,106.354,2926.0,0.906
Victor_intento_3.mp4,428,14266.667,True,246.000,270.000,0.000,253.000,183.000,0.029167,0.362500,-0.931527,56.345,66.473,106.576,2931.0,0.906
Victor_intento_3.mp4,429,14300.000,True,246.000,270.000,0.000,252.000,183.000,0.025000,0.362500,-0.931648,56.244,67.141,105.706,2948.0,0.906
Victor_intento_3.mp4,430,14333.333,True,246.000,270.000,0.000,252.000,183.000,0.025000,0.362500,-0.931648,56.768,67.482,106.493,2973.0,0.906
Victor_intento_3.mp4,431,14366.667,True,246.000,270.000,0.000,253.000,183.000,0.029167,0.362500,-0.931527,57.073,67.474,105.240,2977.0,0.907
Victor_intento_3.mp4,432,14400.000,True,246.000,270.000,0.000,253.000,183.000,0.029167,0.362500,-0.931527,57.308,67.743,106.046,3014.0,0.907
Victor_intento_3.mp4,433,14433.333,True,246.000,270.000,0.000,252.000,183.000,0.025000,0.362500,-0.931648,57.743,67.959,106.722,3038.0,0.905
Victor_intento_3.mp4,434,14466.667,True,246.000,270.000,0.000,252.000,183.000,0.025000,0.362500,-0.931648,57.882,68.270,105.365,3065.0,0.907
Victor_intento_3.mp4,435,14500.000,True,246.000,270.000,0.000,252.000,183.000,0.025000,0.362500,-0.931648,57.800,69.050,108.502,3088.5,0.904
Victor_intento_3.mp4,436,14533.333,True,246.000,270.000,0.000,279.000,188.000,0.137500,0.341667,-0.929708,50.602,72.072,134.741,2788.0,0.917
Victor_intento_3.mp4,437,14566.667,True,246.000,270.000,0.000,325.000,202.000,0.329167,0.283333,-0.900762,46.829,69.577,148.899,2514.5,0.897
Victor_intento_3.mp4,438,14600.000,True,246.000,270.000,0.000,351.000,220.000,0.437500,0.208333,-0.874752,47.734,68.603,158.870,2564.0,0.902
Victor_intento_3.mp4,439,14633.333,True,246.000,270.000,0.000,359.000,231.000,0.470833,0.162500,-0.867127,46.710,67.869,158.313,2457.5,0.897
Victor_intento_3.mp4,440,14666.667,True,246.000,270.000,0.000,361.000,233.000,0.479167,0.154167,-0.864079,46.671,67.718,159.413,2441.5,0.895
Victor_intento_3.mp4,441,14700.000,True,246.000,270.000,0.000,361.000,233.000,0.479167,0.154167,-0.864079,46.268,67.286,159.584,2414.5,0.894
Victor_intento_3.mp4,442,14733.333,True,246.000,270.000,0.000,361.000,233.000,0.479167,0.154167,-0.864079,46.189,67.631,160.180,2419.0,0.895
Victor_intento_3.mp4,443,14766.667,True,245.000,270.000,0.000,361.000,233.000,0.483333,0.154167,-0.861755,46.163,67.376,160.096,2418.5,0.896
Victor_intento_3.mp4,444,14800.000,True,245.000,270.000,0.000,364.000,235.000,0.495833,0.145833,-0.856085,44.002,67.770,163.049,2303.0,0.880
Victor_intento_3.mp4,445,14833.333,True,245.000,270.000,0.000,366.000,238.000,0.504167,0.133333,-0.853252,45.263,67.383,162.163,2366.0,0.886
Victor_intento_3.mp4,446,14866.667,True,245.000,270.000,0.000,365.000,237.000,0.500000,0.137500,-0.855040,45.501,67.836,162.763,2389.0,0.889
Victor_intento_3.mp4,447,14900.000,True,245.000,270.000,0.000,365.000,237.000,0.500000,0.137500,-0.855040,45.556,68.038,161.776,2399.5,0.889
Victor_intento_3.mp4,448,14933.333,True,245.000,270.000,0.000,365.000,237.000,0.500000,0.137500,-0.855040,45.560,68.182,162.162,2409.5,0.885
Victor_intento_3.mp4,449,14966.667,True,245.000,270.000,0.000,365.000,237.000,0.500000,0.137500,-0.855040,45.938,68.501,162.722,2428.5,0.888
Victor_intento_3.mp4,450,15000.000,True,245.000,270.000,0.000,365.000,237.000,0.500000,0.137500,-0.855040,45.894,68.969,162.428,2464.5,0.895
Victor_intento_3.mp4,451,15033.333,True,245.000,270.000,0.000,365.000,237.000,0.500000,0.137500,-0.855040,46.027,69.435,162.457,2481.0,0.897
Victor_intento_3.mp4,452,15066.667,True,245.000,270.000,0.000,365.000,237.000,0.500000,0.137500,-0.855040,46.330,69.737,162.141,2500.5,0.901
Victor_intento_3.mp4,453,15100.000,True,245.000,270.000,0.000,364.000,237.000,0.495833,0.137500,-0.857463,46.815,70.189,162.217,2532.5,0.903
Victor_intento_3.mp4,454,15133.333,True,245.000,270.000,0.000,364.000,237.000,0.495833,0.137500,-0.857463,47.280,70.514,162.257,2574.5,0.907
Victor_intento_3.mp4,455,15166.667,True,245.000,270.000,0.000,362.000,237.000,0.487500,0.137500,-0.862228,48.733,69.555,163.857,2637.5,0.912
Victor_intento_3.mp4,456,15200.000,True,245.000,270.000,0.000,361.000,236.000,0.483333,0.141667,-0.863898,48.442,71.216,161.359,2674.5,0.905
Victor_intento_3.mp4,457,15233.333,True,245.000,270.000,0.000,361.000,235.000,0.483333,0.145833,-0.863204,48.420,70.796,161.463,2661.0,0.904
Victor_intento_3.mp4,458,15266.667,True,245.000,270.000,0.000,361.000,235.000,0.483333,0.145833,-0.863204,48.496,70.801,161.553,2659.5,0.908
Victor_intento_3.mp4,459,15300.000,True,245.000,271.000,0.000,361.000,235.000,0.483333,0.150000,-0.862490,48.330,70.622,161.333,2642.0,0.905
Victor_intento_3.mp4,460,15333.333,True,245.000,271.000,0.000,361.000,235.000,0.483333,0.150000,-0.862490,48.077,70.253,161.046,2616.0,0.902
Victor_intento_3.mp4,461,15366.667,True,245.000,271.000,0.000,362.000,235.000,0.487500,0.150000,-0.860142,47.913,69.656,161.571,2587.0,0.903
Victor_intento_3.mp4,462,15400.000,True,245.000,271.000,0.000,362.000,235.000,0.487500,0.150000,-0.860142,47.707,69.346,160.877,2562.0,0.901
Victor_intento_3.mp4,463,15433.333,True,245.000,271.000,0.000,362.000,234.000,0.487500,0.154167,-0.859405,47.346,69.124,160.290,2532.5,0.900
Victor_intento_3.mp4,464,15466.667,True,245.000,271.000,0.000,362.000,234.000,0.487500,0.154167,-0.859405,47.188,68.782,160.172,2514.5,0.899
Victor_intento_3.mp4,465,15500.000,True,245.000,271.000,0.000,362.000,234.000,0.487500,0.154167,-0.859405,46.963,68.273,160.758,2495.5,0.901
Victor_intento_3.mp4,466,15533.333,True,245.000,271.000,0.000,362.000,234.000,0.487500,0.154167,-0.859405,46.630,68.358,160.802,2479.5,0.900
Victor_intento_3.mp4,467,15566.667,True,245.000,271.000,0.000,362.000,234.000,0.487500,0.154167,-0.859405,46.914,67.979,160.690,2475.5,0.902
Victor_intento_3.mp4,468,15600.000,True,245.000,271.000,0.000,362.000,235.000,0.487500,0.150000,-0.860142,46.771,68.204,160.990,2479.5,0.903
Victor_intento_3.mp4,469,15633.333,True,245.000,271.000,0.000,362.000,235.000,0.487500,0.150000,-0.860142,45.956,68.831,159.327,2447.0,0.893
Victor_intento_3.mp4,470,15666.667,True,245.000,271.000,0.000,363.000,234.000,0.491667,0.154167,-0.857028,45.899,68.031,160.101,2419.0,0.889
Victor_intento_3.mp4,471,15700.000,True,245.000,271.000,0.000,363.000,234.000,0.491667,0.154167,-0.857028,45.780,67.438,160.878,2398.0,0.891
Victor_intento_3.mp4,472,15733.333,True,245.000,271.000,0.000,363.000,234.000,0.491667,0.154167,-0.857028,45.668,67.570,160.987,2394.0,0.890
Victor_intento_3.mp4,473,15766.667,True,245.000,271.000,0.000,363.000,234.000,0.491667,0.154167,-0.857028,45.669,67.334,160.143,2387.5,0.892
Victor_intento_3.mp4,474,15800.000,True,245.000,271.000,0.000,363.000,234.000,0.491667,0.154167,-0.857028,45.496,67.358,160.448,2394.0,0.893
Victor_intento_3.mp4,475,15833.333,True,245.000,271.000,0.000,363.000,234.000,0.491667,0.154167,-0.857028,45.707,67.392,160.078,2397.5,0.892
Victor_intento_3.mp4,476,15866.667,True,245.000,271.000,0.000,363.000,234.000,0.491667,0.154167,-0.857028,45.597,67.510,159.656,2398.0,0.891
Victor_intento_3.mp4,477,15900.000,True,245.000,271.000,0.000,364.000,234.000,0.495833,0.154167,-0.854624,45.592,67.343,160.393,2389.0,0.892
Victor_intento_3.mp4,478,15933.333,True,245.000,271.000,0.000,364.000,234.000,0.495833,0.154167,-0.854624,45.785,67.653,160.849,2402.5,0.892
Victor_intento_3.mp4,479,15966.667,True,245.000,271.000,0.000,364.000,234.000,0.495833,0.154167,-0.854624,45.783,67.717,160.778,2405.0,0.893
Victor_intento_3.mp4,480,16000.000,True,245.000,271.000,0.000,364.000,234.000,0.495833,0.154167,-0.854624,45.877,68.180,160.411,2422.5,0.892
Victor_intento_3.mp4,481,16033.333,True,245.000,271.000,0.000,364.000,234.000,0.495833,0.154167,-0.854624,46.294,68.215,160.484,2442.5,0.887
Victor_intento_3.mp4,482,16066.667,True,245.000,271.000,0.000,364.000,234.000,0.495833,0.154167,-0.854624,46.199,68.409,160.035,2439.0,0.891
Victor_intento_3.mp4,483,16100.000,True,245.000,271.000,0.000,364.000,234.000,0.495833,0.154167,-0.854624,46.512,68.710,160.268,2473.0,0.891
Victor_intento_3.mp4,484,16133.333,True,245.000,271.000,0.000,363.000,234.000,0.491667,0.154167,-0.857028,47.334,68.086,162.983,2501.0,0.899
Victor_intento_3.mp4,485,16166.667,True,245.000,271.000,0.000,361.000,233.000,0.483333,0.158333,-0.860999,47.352,69.148,160.273,2546.0,0.896
Victor_intento_3.mp4,486,16200.000,True,245.000,271.000,0.000,360.000,233.000,0.479167,0.158333,-0.863325,47.508,69.160,160.302,2552.0,0.898
Victor_intento_3.mp4,487,16233.333,True,245.000,271.000,0.000,360.000,233.000,0.479167,0.158333,-0.863325,47.900,69.428,160.366,2575.0,0.899
Victor_intento_3.mp4,488,16266.667,True,245.000,271.000,0.000,361.000,233.000,0.483333,0.158333,-0.860999,47.935,69.353,160.158,2579.0,0.897
Victor_intento_3.mp4,489,16300.000,True,245.000,271.000,0.000,361.000,233.000,0.483333,0.158333,-0.860999,47.982,69.000,159.734,2565.5,0.899
Victor_intento_3.mp4,490,16333.333,True,245.000,271.000,0.000,361.000,233.000,0.483333,0.158333,-0.860999,47.848,68.967,160.112,2558.0,0.900
Victor_intento_3.mp4,491,16366.667,True,245.000,271.000,0.000,361.000,233.000,0.483333,0.158333,-0.860999,47.919,68.598,160.618,2545.0,0.899
Victor_intento_3.mp4,492,16400.000,True,245.000,271.000,0.000,361.000,233.000,0.483333,0.158333,-0.860999,47.683,68.917,160.177,2548.5,0.900
Victor_intento_3.mp4,493,16433.333,True,245.000,271.000,0.000,361.000,233.000,0.483333,0.158333,-0.860999,47.365,68.970,159.929,2541.5,0.896
Victor_intento_3.mp4,494,16466.667,True,245.000,271.000,0.000,360.000,233.000,0.479167,0.158333,-0.863325,47.563,68.932,160.038,2543.5,0.897
Victor_intento_3.mp4,495,16500.000,True,245.000,271.000,0.000,360.000,233.000,0.479167,0.158333,-0.863325,47.458,69.174,160.643,2552.0,0.898
Victor_intento_3.mp4,496,16533.333,True,245.000,271.000,0.000,360.000,233.000,0.479167,0.158333,-0.863325,47.617,69.583,161.019,2570.0,0.897
Victor_intento_3.mp4,497,16566.667,True,245.000,271.000,0.000,358.000,233.000,0.470833,0.158333,-0.867898,49.257,68.081,167.175,2600.5,0.909
Victor_intento_3.mp4,498,16600.000,True,245.000,271.000,0.000,331.000,232.000,0.358333,0.162500,-0.919343,62.029,67.480,167.581,3244.0,0.900
Victor_intento_3.mp4,499,16633.333,True,245.000,271.000,0.000,285.000,232.000,0.166667,0.162500,-0.972531,65.539,71.486,127.161,3472.0,0.918
Victor_intento_3.mp4,500,16666.667,True,244.000,271.000,0.000,262.000,232.000,0.075000,0.162500,-0.983854,65.135,74.453,120.680,3614.5,0.908
Victor_intento_3.mp4,501,16700.000,True,244.000,271.000,0.000,260.000,232.000,0.066667,0.162500,-0.984454,66.329,74.174,125.417,3648.5,0.914
Victor_intento_3.mp4,502,16733.333,True,244.000,271.000,0.000,260.000,232.000,0.066667,0.162500,-0.984454,66.741,74.167,124.748,3658.5,0.915
Victor_intento_3.mp4,503,16766.667,True,244.000,271.000,0.000,260.000,232.000,0.066667,0.162500,-0.984454,66.532,74.906,122.638,3682.5,0.917
Victor_intento_3.mp4,504,16800.000,True,244.000,271.000,0.000,260.000,231.000,0.066667,0.166667,-0.983757,67.292,75.483,125.227,3729.0,0.917
Victor_intento_3.mp4,505,16833.333,True,244.000,271.000,0.000,260.000,231.000,0.066667,0.166667,-0.983757,66.915,75.708,123.209,3751.5,0.918
Victor_intento_3.mp4,506,16866.667,True,244.000,271.000,0.000,260.000,231.000,0.066667,0.166667,-0.983757,67.579,75.869,125.039,3758.0,0.919
Victor_intento_3.mp4,507,16900.000,True,244.000,271.000,0.000,260.000,231.000,0.066667,0.166667,-0.983757,67.183,76.176,124.675,3771.5,0.919
Victor_intento_3.mp4,508,16933.333,True,244.000,271.000,0.000,258.000,232.000,0.058333,0.162500,-0.984983,66.031,78.070,121.948,3748.5,0.919
Victor_intento_3.mp4,509,16966.667,True,244.000,271.000,0.000,256.000,234.000,0.050000,0.154167,-0.986779,67.777,76.357,123.442,3740.5,0.890
Victor_intento_3.mp4,510,17000.000,True,244.000,271.000,0.000,257.000,234.000,0.054167,0.154167,-0.986559,67.184,76.571,124.855,3728.0,0.889
Victor_intento_3.mp4,511,17033.333,True,244.000,271.000,0.000,257.000,234.000,0.054167,0.154167,-0.986559,67.896,75.938,122.316,3726.0,0.891
Victor_intento_3.mp4,512,17066.667,True,244.000,271.000,0.000,257.000,234.000,0.054167,0.154167,-0.986559,67.092,76.180,123.409,3708.5,0.895
Victor_intento_3.mp4,513,17100.000,True,244.000,271.000,0.000,257.000,234.000,0.054167,0.154167,-0.986559,66.851,75.762,119.571,3688.0,0.897
Victor_intento_3.mp4,514,17133.333,True,244.000,271.000,0.000,257.000,234.000,0.054167,0.154167,-0.986559,67.675,75.399,124.603,3668.0,0.899
Victor_intento_3.mp4,515,17166.667,True,244.000,271.000,0.000,257.000,234.000,0.054167,0.154167,-0.986559,66.973,75.471,123.700,3656.0,0.893
Victor_intento_3.mp4,516,17200.000,True,244.000,271.000,0.000,257.000,234.000,0.054167,0.154167,-0.986559,65.839,75.112,123.115,3619.0,0.892
Victor_intento_3.mp4,517,17233.333,True,244.000,271.000,0.000,259.000,233.000,0.062500,0.158333,-0.985406,66.629,74.285,125.189,3617.0,0.915
Victor_intento_3.mp4,518,17266.667,True,244.000,271.000,0.000,261.000,233.000,0.070833,0.158333,-0.984842,66.222,74.474,126.316,3592.5,0.914
Victor_intento_3.mp4,519,17300.000,True,244.000,271.000,0.000,262.000,233.000,0.075000,0.158333,-0.984533,65.541,74.230,127.818,3567.0,0.912
Victor_intento_3.mp4,520,17333.333,True,244.000,271.000,0.000,262.000,233.000,0.075000,0.158333,-0.984533,66.011,73.766,127.257,3566.5,0.915
Victor_intento_3.mp4,521,17366.667,True,244.000,271.000,0.000,262.000,233.000,0.075000,0.158333,-0.984533,65.130,73.326,124.916,3516.0,0.918
Victor_intento_3.mp4,522,17400.000,True,244.000,271.000,0.000,261.000,233.000,0.070833,0.158333,-0.984842,65.348,73.146,123.321,3508.5,0.918
Victor_intento_3.mp4,523,17433.333,True,244.000,271.000,0.000,261.000,233.000,0.070833,0.158333,-0.984842,65.130,72.996,122.354,3491.0,0.919
Victor_intento_3.mp4,524,17466.667,True,244.000,271.000,0.000,261.000,233.000,0.070833,0.158333,-0.984842,64.437,72.688,123.365,3462.5,0.918
Victor_intento_3.mp4,525,17500.000,True,244.000,271.000,0.000,261.000,233.000,0.070833,0.158333,-0.984842,64.779,72.566,125.282,3461.5,0.918
Victor_intento_3.mp4,526,17533.333,True,244.000,271.000,0.000,261.000,233.000,0.070833,0.158333,-0.984842,64.214,72.599,123.346,3447.0,0.918
Victor_intento_3.mp4,527,17566.667,True,244.000,271.000,0.000,261.000,233.000,0.070833,0.158333,-0.984842,64.792,72.715,123.270,3457.0,0.918
Victor_intento_3.mp4,528,17600.000,True,244.000,271.000,0.000,261.000,233.000,0.070833,0.158333,-0.984842,65.066,72.558,124.749,3459.5,0.916
Victor_intento_3.mp4,529,17633.333,True,244.000,271.000,0.000,261.000,233.000,0.070833,0.158333,-0.984842,64.488,72.064,127.908,3437.5,0.917
Victor_intento_3.mp4,530,17666.667,True,244.000,271.000,0.000,261.000,233.000,0.070833,0.158333,-0.984842,64.486,72.282,123.036,3429.5,0.919
Victor_intento_3.mp4,531,17700.000,True,244.000,271.000,0.000,261.000,233.000,0.070833,0.158333,-0.984842,64.043,71.953,122.841,3402.5,0.917
Victor_intento_3.mp4,532,17733.333,True,244.000,271.000,0.000,261.000,233.000,0.070833,0.158333,-0.984842,64.097,72.126,126.265,3401.5,0.917
Victor_intento_3.mp4,533,17766.667,True,244.000,271.000,0.000,261.000,233.000,0.070833,0.158333,-0.984842,63.918,71.839,123.025,3387.5,0.916
Victor_intento_3.mp4,534,17800.000,True,244.000,271.000,0.000,261.000,233.000,0.070833,0.158333,-0.984842,63.871,71.642,122.456,3376.0,0.917
Victor_intento_3.mp4,535,17833.333,True,244.000,271.000,0.000,261.000,233.000,0.070833,0.158333,-0.984842,64.055,71.654,122.138,3385.5,0.917
Victor_intento_3.mp4,536,17866.667,True,244.000,271.000,0.000,261.000,233.000,0.070833,0.158333,-0.984842,64.019,71.838,121.766,3394.5,0.917
Victor_intento_3.mp4,537,17900.000,True,244.000,271.000,0.000,261.000,233.000,0.070833,0.158333,-0.984842,63.946,71.967,120.003,3400.5,0.918
Victor_intento_3.mp4,538,17933.333,True,244.000,271.000,0.000,261.000,233.000,0.070833,0.158333,-0.984842,65.006,71.664,122.481,3403.0,0.916
Victor_intento_3.mp4,539,17966.667,True,244.000,271.000,0.000,261.000,234.000,0.070833,0.154167,-0.985503,64.832,71.821,122.533,3412.0,0.915
Victor_intento_3.mp4,540,18000.000,True,244.000,271.000,0.000,261.000,234.000,0.070833,0.154167,-0.985503,64.878,71.847,120.775,3425.5,0.916
Victor_intento_3.mp4,541,18033.333,True,244.000,271.000,0.000,261.000,234.000,0.070833,0.154167,-0.985503,64.723,71.910,124.535,3406.5,0.913
Victor_intento_3.mp4,542,18066.667,True,244.000,271.000,0.000,261.000,234.000,0.070833,0.154167,-0.985503,64.943,72.084,123.772,3422.5,0.914
Victor_intento_3.mp4,543,18100.000,True,244.000,271.000,0.000,261.000,234.000,0.070833,0.154167,-0.985503,64.769,72.187,121.042,3426.5,0.914
Victor_intento_3.mp4,544,18133.333,True,244.000,271.000,0.000,261.000,234.000,0.070833,0.154167,-0.985503,64.968,72.076,122.929,3421.5,0.916
Victor_intento_3.mp4,545,18166.667,True,244.000,271.000,0.000,261.000,234.000,0.070833,0.154167,-0.985503,64.266,72.738,122.992,3441.5,0.915
Victor_intento_3.mp4,546,18200.000,True,244.000,271.000,0.000,261.000,234.000,0.070833,0.154167,-0.985503,63.921,73.013,122.665,3449.0,0.915
Victor_intento_3.mp4,547,18233.333,True,244.000,271.000,0.000,261.000,234.000,0.070833,0.154167,-0.985503,64.330,72.689,122.348,3445.5,0.915
Victor_intento_3.mp4,548,18266.667,True,244.000,271.000,0.000,261.000,234.000,0.070833,0.154167,-0.985503,65.081,72.764,124.223,3466.5,0.913
Victor_intento_3.mp4,549,18300.000,True,244.000,271.000,0.000,261.000,233.000,0.070833,0.158333,-0.984842,64.332,72.601,123.598,3462.0,0.916
Victor_intento_3.mp4,550,18333.333,True,244.000,271.000,0.000,261.000,233.000,0.070833,0.158333,-0.984842,65.321,73.107,124.348,3494.5,0.912
Victor_intento_3.mp4,551,18366.667,True,244.000,271.000,0.000,261.000,234.000,0.070833,0.154167,-0.985503,64.979,73.740,123.255,3508.0,0.906
Victor_intento_3.mp4,552,18400.000,True,244.000,271.000,0.000,261.000,233.000,0.070833,0.158333,-0.984842,63.565,73.850,122.041,3468.5,0.921
Victor_intento_3.mp4,553,18433.333,True,244.000,271.000,0.000,272.000,227.000,0.116667,0.183333,-0.976103,60.178,73.134,129.562,3427.5,0.903
Victor_intento_3.mp4,554,18466.667,True,244.000,271.000,0.000,290.000,220.000,0.191667,0.212500,-0.958179,60.496,71.011,138.794,3354.0,0.915
Victor_intento_3.mp4,555,18500.000,True,243.000,271.000,0.000,297.000,218.000,0.225000,0.220833,-0.949003,60.802,71.253,137.490,3384.5,0.914
Victor_intento_3.mp4,556,18533.333,True,243.000,271.000,0.000,297.000,218.000,0.225000,0.220833,-0.949003,61.016,71.450,138.034,3395.0,0.915
Victor_intento_3.mp4,557,18566.667,True,243.000,271.000,0.000,297.000,218.000,0.225000,0.220833,-0.949003,61.099,71.604,137.832,3422.0,0.916
Victor_intento_3.mp4,558,18600.000,True,243.000,271.000,0.000,297.000,217.000,0.225000,0.225000,-0.948024,61.106,71.801,137.831,3440.5,0.917
Victor_intento_3.mp4,559,18633.333,True,243.000,271.000,0.000,297.000,217.000,0.225000,0.225000,-0.948024,61.059,71.997,136.816,3439.5,0.918
Victor_intento_3.mp4,560,18666.667,True,243.000,271.000,0.000,303.000,210.000,0.250000,0.254167,-0.934291,55.110,71.519,133.252,3038.0,0.877
Victor_intento_3.mp4,561,18700.000,True,243.000,271.000,0.000,310.000,203.000,0.279167,0.283333,-0.917490,55.797,70.777,136.615,3054.0,0.904
Victor_intento_3.mp4,562,18733.333,True,243.000,271.000,0.000,312.000,202.000,0.287500,0.287500,-0.913612,55.872,70.993,136.279,3084.5,0.907
Victor_intento_3.mp4,563,18766.667,True,243.000,271.000,0.000,312.000,202.000,0.287500,0.287500,-0.913612,56.208,71.389,136.785,3084.5,0.907
Victor_intento_3.mp4,564,18800.000,True,243.000,271.000,0.000,312.000,202.000,0.287500,0.287500,-0.913612,56.261,71.682,136.425,3102.5,0.909
Victor_intento_3.mp4,565,18833.333,True,243.000,271.000,0.000,312.000,202.000,0.287500,0.287500,-0.913612,56.370,72.275,136.877,3137.5,0.912
Victor_intento_3.mp4,566,18866.667,True,243.000,271.000,0.000,313.000,202.000,0.291667,0.287500,-0.912291,56.401,71.789,136.156,3155.0,0.912
Victor_intento_3.mp4,567,18900.000,True,243.000,271.000,0.000,313.000,202.000,0.291667,0.287500,-0.912291,56.935,72.152,135.758,3167.5,0.912
Victor_intento_3.mp4,568,18933.333,True,243.000,271.000,0.000,313.000,202.000,0.291667,0.287500,-0.912291,56.625,72.455,135.864,3185.0,0.913
Victor_intento_3.mp4,569,18966.667,True,243.000,271.000,0.000,312.000,202.000,0.287500,0.287500,-0.913612,56.744,72.598,134.637,3196.5,0.915
Victor_intento_3.mp4,570,19000.000,True,243.000,271.000,0.000,312.000,202.000,0.287500,0.287500,-0.913612,57.074,72.822,135.976,3210.0,0.916
Victor_intento_3.mp4,571,19033.333,True,243.000,271.000,0.000,312.000,202.000,0.287500,0.287500,-0.913612,56.982,72.626,135.908,3190.5,0.915
Victor_intento_3.mp4,572,19066.667,True,243.000,271.000,0.000,312.000,202.000,0.287500,0.287500,-0.913612,57.383,72.466,136.973,3206.0,0.914
Victor_intento_3.mp4,573,19100.000,True,243.000,271.000,0.000,312.000,203.000,0.287500,0.283333,-0.914913,57.062,72.158,136.185,3177.0,0.908
Victor_intento_3.mp4,574,19133.333,True,243.000,271.000,0.000,312.000,204.000,0.287500,0.279167,-0.916193,57.007,72.328,136.170,3173.0,0.908
Victor_intento_3.mp4,575,19166.667,True,243.000,271.000,0.000,312.000,204.000,0.287500,0.279167,-0.916193,56.595,72.046,136.317,3145.5,0.909
Victor_intento_3.mp4,576,19200.000,True,243.000,271.000,0.000,312.000,204.000,0.287500,0.279167,-0.916193,56.508,71.643,136.470,3124.0,0.910
Victor_intento_3.mp4,577,19233.333,True,243.000,271.000,0.000,313.000,204.000,0.291667,0.279167,-0.914875,56.162,71.165,136.445,3073.5,0.911
Victor_intento_3.mp4,578,19266.667,True,243.000,271.000,0.000,313.000,204.000,0.291667,0.279167,-0.914875,55.933,70.995,136.467,3059.0,0.910
Victor_intento_3.mp4,579,19300.000,True,243.000,271.000,0.000,313.000,204.000,0.291667,0.279167,-0.914875,55.830,70.442,136.877,3032.5,0.911
Victor_intento_3.mp4,580,19333.333,True,243.000,271.000,0.000,313.000,204.000,0.291667,0.279167,-0.914875,55.668,70.588,136.343,3028.5,0.911
Victor_intento_3.mp4,581,19366.667,True,243.000,271.000,0.000,313.000,204.000,0.291667,0.279167,-0.914875,55.815,70.186,135.704,3024.5,0.912
Victor_intento_3.mp4,582,19400.000,True,243.000,271.000,0.000,313.000,204.000,0.291667,0.279167,-0.914875,55.264,70.225,136.048,3020.5,0.914
Victor_intento_3.mp4,583,19433.333,True,243.000,271.000,0.000,313.000,204.000,0.291667,0.279167,-0.914875,55.673,70.470,136.363,3032.5,0.912
Victor_intento_3.mp4,584,19466.667,True,243.000,271.000,0.000,313.000,204.000,0.291667,0.279167,-0.914875,55.700,70.876,136.397,3038.5,0.911
Victor_intento_3.mp4,585,19500.000,True,243.000,271.000,0.000,313.000,204.000,0.291667,0.279167,-0.914875,55.811,70.946,136.408,3047.0,0.911
Victor_intento_3.mp4,586,19533.333,True,243.000,271.000,0.000,313.000,204.000,0.291667,0.279167,-0.914875,55.927,70.894,136.366,3048.5,0.911
Victor_intento_3.mp4,587,19566.667,True,243.000,271.000,0.000,313.000,204.000,0.291667,0.279167,-0.914875,55.837,71.016,136.856,3050.5,0.911
Victor_intento_3.mp4,588,19600.000,True,243.000,271.000,0.000,313.000,204.000,0.291667,0.279167,-0.914875,55.931,71.118,137.230,3078.5,0.911
Victor_intento_3.mp4,589,19633.333,True,243.000,271.000,0.000,313.000,204.000,0.291667,0.279167,-0.914875,56.124,70.936,136.652,3062.0,0.912
Victor_intento_3.mp4,590,19666.667,True,243.000,271.000,0.000,313.000,204.000,0.291667,0.279167,-0.914875,56.047,71.042,136.799,3069.0,0.911
Victor_intento_3.mp4,591,19700.000,True,243.000,271.000,0.000,313.000,204.000,0.291667,0.279167,-0.914875,55.961,70.741,138.009,3061.5,0.911
Victor_intento_3.mp4,592,19733.333,True,243.000,271.000,0.000,313.000,204.000,0.291667,0.279167,-0.914875,56.145,70.925,136.866,3079.0,0.910
Victor_intento_3.mp4,593,19766.667,True,243.000,271.000,0.000,313.000,204.000,0.291667,0.279167,-0.914875,56.048,70.912,137.076,3067.5,0.911
Victor_intento_3.mp4,594,19800.000,True,243.000,271.000,0.000,313.000,204.000,0.291667,0.279167,-0.914875,56.165,71.081,137.702,3076.0,0.911
Victor_intento_3.mp4,595,19833.333,True,243.000,271.000,0.000,312.000,204.000,0.287500,0.279167,-0.916193,55.924,71.316,136.806,3067.5,0.911
Victor_intento_3.mp4,596,19866.667,True,243.000,271.000,0.000,312.000,204.000,0.287500,0.279167,-0.916193,55.942,70.761,137.769,3047.5,0.911
Victor_intento_3.mp4,597,19900.000,True,243.000,271.000,0.000,312.000,204.000,0.287500,0.279167,-0.916193,55.784,70.361,137.659,3037.0,0.910
Victor_intento_3.mp4,598,19933.333,True,243.000,271.000,0.000,313.000,204.000,0.291667,0.279167,-0.914875,55.797,70.142,137.255,3025.5,0.910
Victor_intento_3.mp4,599,19966.667,True,243.000,272.000,0.000,313.000,204.000,0.291667,0.283333,-0.913593,55.612,69.936,137.468,3010.5,0.910
Victor_intento_3.mp4,600,20000.000,True,243.000,272.000,0.000,313.000,204.000,0.291667,0.283333,-0.913593,55.519,69.843,137.400,2997.0,0.910
Victor_intento_3.mp4,601,20033.333,True,243.000,272.000,0.000,313.000,204.000,0.291667,0.283333,-0.913593,55.280,69.496,137.932,2978.0,0.911
Victor_intento_3.mp4,602,20066.667,True,243.000,272.000,0.000,312.000,204.000,0.287500,0.283333,-0.914913,55.140,69.824,135.494,3001.5,0.898
Victor_intento_3.mp4,603,20100.000,True,243.000,272.000,0.000,311.000,204.000,0.283333,0.283333,-0.916212,55.314,69.823,137.382,2985.0,0.905
Victor_intento_3.mp4,604,20133.333,True,243.000,272.000,0.000,311.000,204.000,0.283333,0.283333,-0.916212,55.510,69.887,137.628,2999.0,0.905
Victor_intento_3.mp4,605,20166.667,True,243.000,272.000,0.000,311.000,204.000,0.283333,0.283333,-0.916212,55.440,69.741,137.430,2982.0,0.905
Victor_intento_3.mp4,606,20200.000,True,243.000,272.000,0.000,312.000,204.000,0.287500,0.283333,-0.914913,55.554,69.546,137.097,2985.0,0.904
Victor_intento_3.mp4,607,20233.333,True,243.000,272.000,0.000,312.000,204.000,0.287500,0.283333,-0.914913,55.169,69.408,136.100,2976.5,0.906
Victor_intento_3.mp4,608,20266.667,True,243.000,272.000,0.000,312.000,204.000,0.287500,0.283333,-0.914913,55.148,69.809,135.590,2984.5,0.905
Victor_intento_3.mp4,609,20300.000,True,243.000,272.000,0.000,312.000,204.000,0.287500,0.283333,-0.914913,55.065,69.954,135.473,2988.0,0.907
Victor_intento_3.mp4,610,20333.333,True,243.000,272.000,0.000,312.000,204.000,0.287500,0.283333,-0.914913,55.563,70.117,136.148,3005.0,0.908
Victor_intento_3.mp4,611,20366.667,True,243.000,272.000,0.000,312.000,204.000,0.287500,0.283333,-0.914913,55.669,70.115,136.744,3009.5,0.907
Victor_intento_3.mp4,612,20400.000,True,243.000,272.000,0.000,312.000,204.000,0.287500,0.283333,-0.914913,55.784,70.334,136.100,3029.5,0.908
Victor_intento_3.mp4,613,20433.333,True,243.000,272.000,0.000,311.000,204.000,0.283333,0.283333,-0.916212,56.225,70.143,137.479,3066.0,0.898
Victor_intento_3.mp4,614,20466.667,True,242.000,272.000,0.000,309.000,204.000,0.279167,0.283333,-0.917490,56.268,70.280,135.710,3057.5,0.883
Victor_intento_3.mp4,615,20500.000,True,242.000,272.000,0.000,307.000,203.000,0.270833,0.287500,-0.918691,56.085,70.660,135.896,3078.5,0.878
