Tiempo_s,Frame_Index,EAR_Crudo,EAR_Suavizado,Velocidad_dEAR_dt,Aceleracion_d2EAR_dt2,Blink_Detectado
0.000000,0,0.259184,0.257723,0.000000,0.000000,False
0.033333,1,0.237885,0.241602,-0.016121,-0.016121,False
0.066667,2,0.241537,0.240043,-0.001558,0.014563,False
0.100000,3,0.246305,0.244341,0.004298,0.005856,False
0.133333,4,0.246183,0.240493,-0.003848,-0.008146,False
0.166667,5,0.232842,0.227834,-0.012659,-0.008811,False
0.200000,6,0.206547,0.216600,-0.011233,0.001426,False
0.233333,7,0.208142,0.212256,-0.004345,0.006889,False
0.266667,8,0.221012,0.214677,0.002421,0.006766,False
0.300000,9,0.226045,0.223255,0.008578,0.006157,False
0.333333,10,0.224633,0.229754,0.006500,-0.002078,False
0.366667,11,0.235923,0.235638,0.005883,-0.000616,False
0.400000,12,0.243470,0.241884,0.006246,0.000363,False
0.433333,13,0.248281,0.246785,0.004901,-0.001345,False
0.466667,14,0.246322,0.246552,-0.000234,-0.005135,False
0.500000,15,0.245359,0.246395,-0.000157,0.000076,False
0.533333,16,0.244403,0.246114,-0.000281,-0.000123,False
0.566667,17,0.250140,0.247762,0.001647,0.001928,False
0.600000,18,0.247950,0.249309,0.001548,-0.000100,False
0.633333,19,0.250837,0.249778,0.000469,-0.001079,False
0.666667,20,0.249025,0.248325,-0.001454,-0.001923,False
0.700000,21,0.247788,0.249142,0.000817,0.002271,False
0.733333,22,0.248669,0.250514,0.001372,0.000555,False
0.766667,23,0.254842,0.252118,0.001604,0.000232,False
0.800000,24,0.254921,0.254539,0.002421,0.000817,False
0.833333,25,0.252915,0.256449,0.001910,-0.000511,False
0.866667,26,0.257502,0.254193,-0.002256,-0.004166,False
0.900000,27,0.254295,0.252433,-0.001760,0.000497,False
0.933333,28,0.244785,0.249265,-0.003168,-0.001408,False
0.966667,29,0.248576,0.245870,-0.003395,-0.000227,False
1.000000,30,0.243660,0.245226,-0.000644,0.002752,False
1.033333,31,0.246907,0.246131,0.000905,0.001549,False
1.066667,32,0.248021,0.248203,0.002071,0.001166,False
1.100000,33,0.249298,0.251824,0.003621,0.001550,False
1.133333,34,0.256865,0.252462,0.000638,-0.002983,False
1.166667,35,0.252773,0.252395,-0.000067,-0.000705,False
1.200000,36,0.248913,0.253729,0.001334,0.001401,False
1.233333,37,0.252887,0.250580,-0.003150,-0.004484,False
1.266667,38,0.257149,0.252224,0.001644,0.004794,False
1.300000,39,0.245741,0.256166,0.003942,0.002298,False
1.333333,40,0.263110,0.257636,0.001470,-0.002472,False
1.366667,41,0.262817,0.258408,0.000772,-0.000698,False
1.400000,42,0.255773,0.260122,0.001714,0.000942,False
1.433333,43,0.257876,0.259497,-0.000626,-0.002340,False
1.466667,44,0.261502,0.262635,0.003138,0.003764,False
1.500000,45,0.267180,0.262529,-0.000105,-0.003243,False
1.533333,46,0.261566,0.258355,-0.004175,-0.004070,False
1.566667,47,0.245956,0.252409,-0.005945,-0.001771,False
1.600000,48,0.247753,0.247553,-0.004856,0.001089,False
1.633333,49,0.248173,0.247018,-0.000535,0.004321,False
1.666667,50,0.250035,0.249889,0.002871,0.003406,False
1.700000,51,0.250441,0.250723,0.000834,-0.002037,False
1.733333,52,0.251315,0.250247,-0.000475,-0.001309,False
1.766667,53,0.249780,0.249249,-0.000998,-0.000523,False
1.800000,54,0.247183,0.249582,0.000333,0.001332,False
1.833333,55,0.250322,0.250766,0.001184,0.000851,False
1.866667,56,0.253721,0.251210,0.000444,-0.000740,False
1.900000,57,0.251946,0.251656,0.000445,0.000001,False
1.933333,58,0.247067,0.249259,-0.002397,-0.002842,False
1.966667,59,0.248712,0.247084,-0.002175,0.000222,False
2.000000,60,0.243158,0.244578,-0.002506,-0.000331,False
2.033333,61,0.244485,0.242195,-0.002383,0.000123,False
2.066667,62,0.237709,0.239469,-0.002726,-0.000343,False
2.100000,63,0.237791,0.237570,-0.001899,0.000827,False
2.133333,64,0.237937,0.237573,0.000003,0.001902,False
2.166667,65,0.237315,0.239993,0.002420,0.002417,False
2.200000,66,0.244261,0.240959,0.000966,-0.001454,False
2.233333,67,0.242046,0.241262,0.000302,-0.000664,False
2.266667,68,0.239313,0.241665,0.000404,0.000102,False
2.300000,69,0.241007,0.240909,-0.000756,-0.001160,False
2.333333,70,0.244182,0.243526,0.002617,0.003373,False
2.366667,71,0.244618,0.246126,0.002600,-0.000017,False
2.400000,72,0.250201,0.247583,0.001457,-0.001143,False
2.433333,73,0.246717,0.247864,0.000281,-0.001176,False
2.466667,74,0.247266,0.246967,-0.000897,-0.001179,False
2.500000,75,0.246256,0.245814,-0.001153,-0.000256,False
2.533333,76,0.245464,0.247430,0.001616,0.002769,False
2.566667,77,0.250074,0.250142,0.002713,0.001097,False
2.600000,78,0.254024,0.252768,0.002626,-0.000087,False
2.633333,79,0.255318,0.253957,0.001189,-0.001437,False
2.666667,80,0.252321,0.253731,-0.000226,-0.001414,False
2.700000,81,0.251615,0.252364,-0.001368,-0.001142,False
2.733333,82,0.253171,0.251882,-0.000482,0.000886,False
2.766667,83,0.250465,0.251675,-0.000206,0.000276,False
2.800000,84,0.251963,0.250310,-0.001365,-0.001159,False
2.833333,85,0.248692,0.248992,-0.001318,0.000047,False
2.866667,86,0.247580,0.249553,0.000561,0.001879,False
2.900000,87,0.250596,0.249950,0.000396,-0.000165,False
2.933333,88,0.253054,0.251594,0.001644,0.001248,False
2.966667,89,0.251146,0.252124,0.000531,-0.001113,False
3.000000,90,0.252310,0.251408,-0.000716,-0.001247,False
3.033333,91,0.250324,0.251412,0.000004,0.000720,False
3.066667,92,0.251599,0.251655,0.000243,0.000239,False
3.100000,93,0.254095,0.252737,0.001082,0.000839,False
3.133333,94,0.252843,0.255159,0.002423,0.001341,False
3.166667,95,0.258066,0.257574,0.002415,-0.000008,False
3.200000,96,0.259202,0.257500,-0.000074,-0.002489,False
3.233333,97,0.258140,0.257083,-0.000417,-0.000343,False
3.266667,98,0.251593,0.254928,-0.002155,-0.001738,False
3.300000,99,0.254634,0.253142,-0.001786,0.000369,False
3.333333,100,0.252712,0.252645,-0.000496,0.001290,False
3.366667,101,0.251963,0.252789,0.000144,0.000640,False
3.400000,102,0.252100,0.250708,-0.002081,-0.002224,False
3.433333,103,0.248907,0.248776,-0.001932,0.000149,False
3.466667,104,0.245741,0.246900,-0.001876,0.000056,False
3.500000,105,0.245569,0.245706,-0.001195,0.000681,False
3.533333,106,0.246132,0.245762,0.000056,0.001251,False
3.566667,107,0.246452,0.248071,0.002309,0.002253,False
3.600000,108,0.246139,0.247337,-0.000734,-0.003043,False
3.633333,109,0.245938,0.238253,-0.009084,-0.008350,False
3.666667,110,0.226168,0.224084,-0.014169,-0.005084,False
3.700000,111,0.204499,0.212841,-0.011243,0.002926,False
3.733333,112,0.206345,0.210454,-0.002387,0.008856,False
3.766667,113,0.222290,0.219002,0.008548,0.010935,False
3.800000,114,0.234657,0.231168,0.012165,0.003617,False
3.833333,115,0.238104,0.238198,0.007030,-0.005136,False
3.866667,116,0.239231,0.239876,0.001678,-0.005351,False
3.900000,117,0.239086,0.239464,-0.000412,-0.002090,False
3.933333,118,0.239674,0.239626,0.000162,0.000574,False
3.966667,119,0.239389,0.239902,0.000276,0.000114,False
4.000000,120,0.240728,0.239996,0.000095,-0.000181,False
4.033333,121,0.240048,0.240236,0.000239,0.000145,False
4.066667,122,0.239573,0.240087,-0.000149,-0.000388,False
4.100000,123,0.240686,0.239730,-0.000357,-0.000208,False
4.133333,124,0.239038,0.239694,-0.000036,0.000321,False
4.166667,125,0.240054,0.240526,0.000833,0.000869,False
4.200000,126,0.240494,0.239708,-0.000819,-0.001651,False
4.233333,127,0.242120,0.240159,0.000452,0.001270,False
4.266667,128,0.237894,0.242320,0.002161,0.001709,False
4.300000,129,0.246034,0.245420,0.003100,0.000940,False
4.333333,130,0.251008,0.248172,0.002752,-0.000349,False
4.366667,131,0.249932,0.249974,0.001802,-0.000950,False
4.400000,132,0.248498,0.249646,-0.000328,-0.002130,False
4.433333,133,0.248089,0.249218,-0.000428,-0.000100,False
4.466667,134,0.251844,0.250717,0.001499,0.001927,False
4.500000,135,0.250767,0.251766,0.001048,-0.000451,False
4.533333,136,0.252591,0.249967,-0.001799,-0.002847,False
4.566667,137,0.247192,0.246909,-0.003058,-0.001259,False
4.600000,138,0.241871,0.245668,-0.001242,0.001816,False
4.633333,139,0.245775,0.245150,-0.000517,0.000724,False
4.666667,140,0.248980,0.246654,0.001504,0.002021,False
4.700000,141,0.247530,0.248359,0.001705,0.000202,False
4.733333,142,0.248182,0.248896,0.000537,-0.001168,False
4.766667,143,0.249370,0.249032,0.000136,-0.000402,False
4.800000,144,0.250918,0.249913,0.000881,0.000745,False
4.833333,145,0.249996,0.251670,0.001757,0.000876,False
4.866667,146,0.252564,0.252312,0.000642,-0.001115,False
4.900000,147,0.255809,0.253918,0.001606,0.000964,False
4.933333,148,0.252481,0.255292,0.001374,-0.000231,False
4.966667,149,0.257840,0.255712,0.000420,-0.000954,False
5.000000,150,0.255167,0.255839,0.000127,-0.000294,False
5.033333,151,0.255668,0.255820,-0.000019,-0.000146,False
5.066667,152,0.255059,0.253978,-0.001841,-0.001822,False
5.100000,153,0.252801,0.254045,0.000067,0.001908,False
5.133333,154,0.252891,0.253537,-0.000509,-0.000575,False
5.166667,155,0.255586,0.253884,0.000347,0.000855,False
5.200000,156,0.252893,0.253973,0.000089,-0.000258,False
5.233333,157,0.254406,0.253404,-0.000569,-0.000658,False
5.266667,158,0.251880,0.252662,-0.000742,-0.000173,False
5.300000,159,0.252745,0.254567,0.001906,0.002648,False
5.333333,160,0.253607,0.255625,0.001058,-0.000848,False
5.366667,161,0.254253,0.246923,-0.008702,-0.009760,False
5.400000,162,0.238211,0.232035,-0.014887,-0.006185,False
5.433333,163,0.205290,0.217088,-0.014947,-0.000059,False
5.466667,164,0.207824,0.209226,-0.007862,0.007085,False
5.500000,165,0.215400,0.214122,0.004896,0.012758,False
5.533333,166,0.228066,0.226518,0.012396,0.007500,False
5.566667,167,0.237744,0.235671,0.009153,-0.003244,False
5.600000,168,0.239631,0.241155,0.005484,-0.003668,False
5.633333,169,0.245115,0.243504,0.002349,-0.003136,False
5.666667,170,0.243600,0.245377,0.001873,-0.000475,False
5.700000,171,0.247256,0.247882,0.002505,0.000631,False
5.733333,172,0.250238,0.248582,0.000700,-0.001804,False
5.766667,173,0.250308,0.249812,0.001230,0.000530,False
5.800000,174,0.247650,0.250123,0.000310,-0.000920,False
5.833333,175,0.250169,0.256676,0.006553,0.006243,False
5.866667,176,0.249251,0.246802,-0.009873,-0.016426,False
5.900000,177,0.243897,0.216775,-0.030028,-0.020154,False
5.933333,178,0.162269,0.174251,-0.042524,-0.012496,False
5.966667,179,0.127721,0.143083,-0.031167,0.011357,True
6.000000,180,0.131248,0.138304,-0.004780,0.026388,True
6.033333,181,0.173741,0.165230,0.026926,0.031706,True
6.066667,182,0.202404,0.195268,0.030038,0.003112,False
6.100000,183,0.214676,0.216929,0.021661,-0.008377,False
6.133333,184,0.225464,0.225672,0.008743,-0.012918,False
6.166667,185,0.230699,0.230589,0.004917,-0.003827,False
6.200000,186,0.232626,0.233338,0.002749,-0.002168,False
6.233333,187,0.234494,0.234070,0.000732,-0.002017,False
6.266667,188,0.231884,0.232531,-0.001540,-0.002272,False
6.300000,189,0.231067,0.228726,-0.003805,-0.002265,False
6.333333,190,0.223705,0.224981,-0.003745,0.000060,False
6.366667,191,0.220502,0.223325,-0.001656,0.002088,False
6.400000,192,0.223750,0.222159,-0.001166,0.000490,False
6.433333,193,0.224331,0.220873,-0.001286,-0.000120,False
6.466667,194,0.220426,0.222043,0.001170,0.002456,False
6.500000,195,0.220086,0.225888,0.003845,0.002675,False
6.533333,196,0.235701,0.231575,0.005687,0.001842,False
6.566667,197,0.241971,0.239944,0.008369,0.002681,False
6.600000,198,0.242569,0.245904,0.005960,-0.002408,False
6.633333,199,0.249752,0.247470,0.001566,-0.004394,False
6.666667,200,0.246631,0.246549,-0.000922,-0.002488,False
6.700000,201,0.245578,0.244280,-0.002269,-0.001347,False
6.733333,202,0.238917,0.241165,-0.003116,-0.000847,False
6.766667,203,0.240695,0.242045,0.000881,0.003996,False
6.800000,204,0.244327,0.244175,0.002129,0.001249,False
6.833333,205,0.249485,0.246974,0.002799,0.000670,False
6.866667,206,0.246653,0.246936,-0.000038,-0.002838,False
6.900000,207,0.244629,0.245005,-0.001931,-0.001893,False
6.933333,208,0.241981,0.241863,-0.003142,-0.001211,False
6.966667,209,0.241568,0.242133,0.000270,0.003412,False
7.000000,210,0.241805,0.244162,0.002029,0.001759,False
7.033333,211,0.249165,0.246184,0.002022,-0.000008,False
7.066667,212,0.248483,0.247584,0.001400,-0.000622,False
7.100000,213,0.245874,0.247744,0.000160,-0.001240,False
7.133333,214,0.247186,0.246802,-0.000942,-0.001102,False
7.166667,215,0.247092,0.247403,0.000601,0.001543,False
7.200000,216,0.248837,0.248564,0.001161,0.000560,False
7.233333,217,0.249446,0.249279,0.000714,-0.000447,False
7.266667,218,0.249657,0.250090,0.000812,0.000097,False
7.300000,219,0.250009,0.249644,-0.000446,-0.001258,False
7.333333,220,0.249583,0.248694,-0.000950,-0.000504,False
7.366667,221,0.246753,0.247809,-0.000885,0.000065,False
7.400000,222,0.246952,0.247198,-0.000611,0.000274,False
7.433333,223,0.248010,0.248039,0.000842,0.001452,False
7.466667,224,0.248620,0.248819,0.000780,-0.000062,False
7.500000,225,0.250339,0.250404,0.001584,0.000805,False
7.533333,226,0.246392,0.248093,-0.002310,-0.003894,False
7.566667,227,0.245877,0.239542,-0.008551,-0.006241,False
7.600000,228,0.225862,0.225610,-0.013932,-0.005381,False
7.633333,229,0.209751,0.213226,-0.012384,0.001548,False
7.666667,230,0.203654,0.207725,-0.005501,0.006883,False
7.700000,231,0.213226,0.212746,0.005021,0.010523,False
7.733333,232,0.226067,0.222917,0.010171,0.005150,False
7.766667,233,0.232626,0.232976,0.010059,-0.000113,False
7.800000,234,0.239324,0.239523,0.006546,-0.003512,False
7.833333,235,0.242875,0.242237,0.002715,-0.003832,False
7.866667,236,0.244615,0.243408,0.001171,-0.001544,False
7.900000,237,0.241950,0.244477,0.001069,-0.000102,False
7.933333,238,0.244187,0.244165,-0.000312,-0.001381,False
7.966667,239,0.247482,0.244498,0.000333,0.000645,False
8.000000,240,0.242435,0.245968,0.001470,0.001136,False
8.033333,241,0.246919,0.246047,0.000079,-0.001391,False
8.066667,242,0.247510,0.245347,-0.000699,-0.000778,False
8.100000,243,0.244657,0.246425,0.001077,0.001777,False
8.133333,244,0.244583,0.246167,-0.000258,-0.001335,False
8.166667,245,0.247912,0.245301,-0.000865,-0.000608,False
8.200000,246,0.244929,0.244239,-0.001062,-0.000197,False
8.233333,247,0.240734,0.242368,-0.001871,-0.000808,False
8.266667,248,0.241139,0.241560,-0.000809,0.001062,False
8.300000,249,0.242605,0.243315,0.001756,0.002564,False
8.333333,250,0.247098,0.245787,0.002471,0.000716,False
8.366667,251,0.247756,0.247567,0.001780,-0.000691,False
8.400000,252,0.246825,0.247218,-0.000348,-0.002128,False
8.433333,253,0.246380,0.245350,-0.001868,-0.001520,False
8.466667,254,0.241803,0.242897,-0.002453,-0.000585,False
8.500000,255,0.241248,0.240435,-0.002463,-0.000010,False
8.533333,256,0.238443,0.239401,-0.001034,0.001429,False
8.566667,257,0.238921,0.239535,0.000134,0.001168,False
8.600000,258,0.241672,0.240329,0.000793,0.000659,False
8.633333,259,0.240182,0.240891,0.000562,-0.000231,False
8.666667,260,0.241788,0.240361,-0.000529,-0.001091,False
8.700000,261,0.238806,0.240488,0.000127,0.000656,False
8.733333,262,0.239812,0.240558,0.000070,-0.000057,False
8.766667,263,0.242736,0.239810,-0.000749,-0.000819,False
8.800000,264,0.238204,0.239398,-0.000412,0.000337,False
8.833333,265,0.237916,0.239161,-0.000237,0.000175,False
8.866667,266,0.238919,0.238840,-0.000321,-0.000084,False
8.900000,267,0.241283,0.239414,0.000574,0.000895,False
8.933333,268,0.239101,0.240095,0.000680,0.000106,False
8.966667,269,0.239215,0.240157,0.000062,-0.000618,False
9.000000,270,0.242192,0.241200,0.001043,0.000980,False
9.033333,271,0.241104,0.242173,0.000973,-0.000069,False
9.066667,272,0.244145,0.241552,-0.000621,-0.001594,False
9.100000,273,0.239620,0.241004,-0.000548,0.000073,False
9.133333,274,0.239211,0.241327,0.000323,0.000871,False
9.166667,275,0.243274,0.241444,0.000117,-0.000205,False
9.200000,276,0.242573,0.241634,0.000190,0.000072,False
9.233333,277,0.240966,0.241108,-0.000526,-0.000715,False
9.266667,278,0.238383,0.240346,-0.000762,-0.000237,False
9.300000,279,0.241344,0.240481,0.000135,0.000897,False
9.333333,280,0.242329,0.241446,0.000966,0.000831,False
9.366667,281,0.241718,0.242528,0.001082,0.000116,False
9.400000,282,0.243243,0.243074,0.000545,-0.000537,False
9.433333,283,0.243620,0.243731,0.000658,0.000113,False
9.466667,284,0.245241,0.244754,0.001022,0.000364,False
9.500000,285,0.245100,0.246011,0.001258,0.000235,False
9.533333,286,0.246838,0.247059,0.001047,-0.000210,False
9.566667,287,0.247993,0.246274,-0.000785,-0.001832,False
9.600000,288,0.245143,0.244914,-0.001360,-0.000575,False
9.633333,289,0.241050,0.242821,-0.002093,-0.000733,False
9.666667,290,0.242023,0.241731,-0.001091,0.001002,False
9.700000,291,0.241719,0.241169,-0.000562,0.000529,False
9.733333,292,0.243281,0.242884,0.001716,0.002278,False
9.766667,293,0.241862,0.244508,0.001623,-0.000092,False
9.800000,294,0.248886,0.246512,0.002004,0.000381,False
9.833333,295,0.247257,0.247063,0.000551,-0.001453,False
9.866667,296,0.247129,0.247032,-0.000030,-0.000581,False
9.900000,297,0.243980,0.244814,-0.002218,-0.002188,False
9.933333,298,0.244767,0.244572,-0.000243,0.001975,False
9.966667,299,0.243439,0.244065,-0.000506,-0.000264,False
10.000000,300,0.246226,0.245005,0.000939,0.001446,False
10.033333,301,0.243716,0.244876,-0.000128,-0.001068,False
10.066667,302,0.246745,0.245837,0.000960,0.001089,False
10.100000,303,0.243994,0.244751,-0.001086,-0.002046,False
10.133333,304,0.247100,0.245491,0.000741,0.001827,False
10.166667,305,0.242001,0.244263,-0.001228,-0.001969,False
10.200000,306,0.247982,0.248112,0.003849,0.005077,False
10.233333,307,0.243551,0.250052,0.001940,-0.001908,False
10.266667,308,0.252057,0.239756,-0.010296,-0.012237,False
10.300000,309,0.224160,0.211675,-0.028081,-0.017784,False
10.333333,310,0.179141,0.193576,-0.018099,0.009982,True
10.366667,311,0.166581,0.189587,-0.003989,0.014110,True
10.400000,312,0.222781,0.204477,0.014890,0.018879,True
10.433333,313,0.235371,0.226671,0.022194,0.007304,False
10.466667,314,0.235373,0.240623,0.013952,-0.008242,False
10.500000,315,0.236191,0.239138,-0.001485,-0.015436,False
10.533333,316,0.243231,0.241620,0.002482,0.003966,False
10.566667,317,0.244390,0.245007,0.003387,0.000905,False
10.600000,318,0.248390,0.246993,0.001986,-0.001401,False
10.633333,319,0.246312,0.247087,0.000094,-0.001892,False
10.666667,320,0.246034,0.246041,-0.001046,-0.001140,False
10.700000,321,0.245749,0.244850,-0.001191,-0.000145,False
10.733333,322,0.242927,0.244615,-0.000235,0.000957,False
10.766667,323,0.246458,0.245692,0.001077,0.001312,False
10.800000,324,0.246847,0.247515,0.001823,0.000746,False
10.833333,325,0.251416,0.250850,0.003335,0.001512,False
10.866667,326,0.251867,0.252478,0.001628,-0.001707,False
10.900000,327,0.255118,0.252874,0.000396,-0.001232,False
10.933333,328,0.251609,0.252930,0.000056,-0.000340,False
10.966667,329,0.251342,0.253150,0.000220,0.000165,False
11.000000,330,0.255453,0.252980,-0.000170,-0.000390,False
11.033333,331,0.253814,0.254869,0.001889,0.002059,False
11.066667,332,0.254338,0.255050,0.000181,-0.001708,False
11.100000,333,0.257066,0.254802,-0.000248,-0.000429,False
11.133333,334,0.252598,0.255222,0.000420,0.000668,False
11.166667,335,0.255527,0.253824,-0.001398,-0.001818,False
11.200000,336,0.253676,0.252643,-0.001181,0.000216,False
11.233333,337,0.250249,0.253392,0.000750,0.001931,False
11.266667,338,0.254647,0.253777,0.000385,-0.000365,False
11.300000,339,0.256248,0.255086,0.001309,0.000925,False
11.333333,340,0.255288,0.254979,-0.000107,-0.001417,False
11.366667,341,0.254019,0.254180,-0.000799,-0.000692,False
11.400000,342,0.250996,0.252817,-0.001363,-0.000564,False
11.433333,343,0.255249,0.253068,0.000251,0.001614,False
11.466667,344,0.251629,0.253383,0.000315,0.000064,False
11.500000,345,0.255836,0.254738,0.001355,0.001040,False
11.533333,346,0.253523,0.254574,-0.000164,-0.001519,False
11.566667,347,0.256192,0.254269,-0.000304,-0.000140,False
11.600000,348,0.252301,0.252996,-0.001273,-0.000968,False
11.633333,349,0.251038,0.252067,-0.000929,0.000344,False
11.666667,350,0.253001,0.252384,0.000317,0.001246,False
11.700000,351,0.252232,0.253363,0.000979,0.000662,False
11.733333,352,0.256944,0.254646,0.001283,0.000304,False
11.766667,353,0.252954,0.254867,0.000221,-0.001062,False
11.800000,354,0.256023,0.255125,0.000257,0.000036,False
11.833333,355,0.253577,0.253541,-0.001584,-0.001841,False
11.866667,356,0.253849,0.253129,-0.000412,0.001172,False
11.900000,357,0.250824,0.253211,0.000082,0.000494,False
11.933333,358,0.253680,0.253264,0.000053,-0.000029,False
11.966667,359,0.255423,0.252774,-0.000490,-0.000543,False
12.000000,360,0.249234,0.250673,-0.002101,-0.001612,False
12.033333,361,0.248399,0.247809,-0.002864,-0.000763,False
12.066667,362,0.243580,0.245280,-0.002528,0.000336,False
12.100000,363,0.246789,0.245716,0.000435,0.002964,False
12.133333,364,0.245486,0.246192,0.000476,0.000041,False
12.166667,365,0.249309,0.248325,0.002133,0.001657,False
12.200000,366,0.248272,0.250100,0.001775,-0.000358,False
12.233333,367,0.251858,0.251455,0.001355,-0.000421,False
12.266667,368,0.250832,0.248813,-0.002642,-0.003996,False
12.300000,369,0.244087,0.242671,-0.006143,-0.003501,False
12.333333,370,0.233146,0.235068,-0.007602,-0.001460,False
12.366667,371,0.226026,0.228017,-0.007051,0.000551,False
12.400000,372,0.226752,0.224323,-0.003694,0.003357,False
12.433333,373,0.222653,0.224482,0.000159,0.003853,False
12.466667,374,0.225884,0.226433,0.001951,0.001792,False
12.500000,375,0.228736,0.226952,0.000518,-0.001433,False
12.533333,376,0.229133,0.227865,0.000913,0.000395,False
12.566667,377,0.225019,0.229235,0.001371,0.000458,False
12.600000,378,0.227395,0.235184,0.005948,0.004578,False
12.633333,379,0.227920,0.222616,-0.012568,-0.018516,False
12.666667,380,0.209283,0.173239,-0.049377,-0.036810,False
12.700000,381,0.114160,0.127354,-0.045885,0.003493,False
12.733333,382,0.049921,0.098782,-0.028572,0.017312,True
12.766667,383,0.130679,0.104265,0.005483,0.034055,True
12.800000,384,0.150455,0.145022,0.040756,0.035274,True
12.833333,385,0.183714,0.184635,0.039613,-0.001143,False
12.866667,386,0.201250,0.199183,0.014548,-0.025066,False
12.900000,387,0.209640,0.212170,0.012986,-0.001561,False
12.933333,388,0.220001,0.216381,0.004211,-0.008775,False
12.966667,389,0.218019,0.220602,0.004221,0.000010,False
13.000000,390,0.221856,0.224849,0.004247,0.000026,False
13.033333,391,0.231926,0.228359,0.003510,-0.000738,False
13.066667,392,0.233414,0.233804,0.005445,0.001936,False
13.100000,393,0.235893,0.237606,0.003802,-0.001644,False
13.133333,394,0.240648,0.238844,0.001239,-0.002563,False
13.166667,395,0.241197,0.241274,0.002430,0.001191,False
13.200000,396,0.240777,0.242393,0.001119,-0.001311,False
13.233333,397,0.245031,0.242847,0.000453,-0.000666,False
13.266667,398,0.243057,0.244927,0.002080,0.001627,False
13.300000,399,0.245939,0.246671,0.001745,-0.000335,False
13.333333,400,0.249278,0.246553,-0.000118,-0.001862,False
13.366667,401,0.245763,0.246463,-0.000090,0.000028,False
13.400000,402,0.243155,0.244349,-0.002114,-0.002024,False
13.433333,403,0.243054,0.242092,-0.002257,-0.000143,False
13.466667,404,0.240038,0.240995,-0.001097,0.001160,False
13.500000,405,0.239864,0.238891,-0.002104,-0.001007,False
13.533333,406,0.237467,0.237166,-0.001724,0.000380,False
13.566667,407,0.233611,0.235421,-0.001746,-0.000021,False
13.600000,408,0.235531,0.233498,-0.001923,-0.000177,False
13.633333,409,0.231614,0.232086,-0.001412,0.000511,False
13.666667,410,0.231897,0.232875,0.000789,0.002201,False
13.700000,411,0.232489,0.234357,0.001483,0.000694,False
13.733333,412,0.237716,0.233960,-0.000397,-0.001880,False
13.766667,413,0.235025,0.233335,-0.000625,-0.000228,False
13.800000,414,0.226229,0.231827,-0.001507,-0.000882,False
13.833333,415,0.233543,0.230581,-0.001247,0.000261,False
13.866667,416,0.231560,0.232081,0.001501,0.002747,False
13.900000,417,0.234744,0.235341,0.003260,0.001759,False
13.933333,418,0.236607,0.236035,0.000694,-0.002565,False
13.966667,419,0.237696,0.236490,0.000455,-0.000240,False
14.000000,420,0.235653,0.236373,-0.000117,-0.000572,False
14.033333,421,0.234347,0.235788,-0.000585,-0.000467,False
14.066667,422,0.237645,0.235606,-0.000182,0.000403,False
14.100000,423,0.235634,0.236771,0.001165,0.001347,False
14.133333,424,0.237722,0.238902,0.002131,0.000966,False
14.166667,425,0.240204,0.238664,-0.000238,-0.002370,False
14.200000,426,0.240894,0.238824,0.000160,0.000399,False
14.233333,427,0.234526,0.238275,-0.000549,-0.000709,False
14.266667,428,0.238185,0.237258,-0.001017,-0.000468,False
14.300000,429,0.237894,0.235854,-0.001404,-0.000387,False
14.333333,430,0.235616,0.237162,0.001308,0.002712,False
14.366667,431,0.234262,0.235975,-0.001187,-0.002495,False
14.400000,432,0.239851,0.235699,-0.000276,0.000911,False
14.433333,433,0.233449,0.237251,0.001553,0.001829,False
14.466667,434,0.237409,0.237082,-0.000169,-0.001722,False
14.500000,435,0.239421,0.235325,-0.001757,-0.001588,False
14.533333,436,0.232621,0.236162,0.000836,0.002593,False
14.566667,437,0.234626,0.236298,0.000136,-0.000700,False
14.600000,438,0.239410,0.236473,0.000175,0.000039,False
14.633333,439,0.238398,0.237854,0.001381,0.001206,False
14.666667,440,0.235478,0.237367,-0.000488,-0.001869,False
14.700000,441,0.236770,0.235744,-0.001622,-0.001135,False
14.733333,442,0.236060,0.235974,0.000229,0.001852,False
14.766667,443,0.235905,0.237576,0.001603,0.001373,False
14.800000,444,0.240037,0.239351,0.001774,0.000171,False
14.833333,445,0.241384,0.240512,0.001161,-0.000613,False
14.866667,446,0.241156,0.240260,-0.000252,-0.001414,False
14.900000,447,0.237870,0.239001,-0.001259,-0.001007,False
14.933333,448,0.237650,0.238387,-0.000613,0.000646,False
14.966667,449,0.239709,0.239343,0.000956,0.001569,False
15.000000,450,0.241060,0.241427,0.002084,0.001127,False
15.033333,451,0.243385,0.242196,0.000769,-0.001314,False
15.066667,452,0.242732,0.242954,0.000758,-0.000012,False
15.100000,453,0.240713,0.242220,-0.000734,-0.001491,False
15.133333,454,0.243145,0.240602,-0.001618,-0.000884,False
15.166667,455,0.237438,0.238811,-0.001791,-0.000173,False
15.200000,456,0.236988,0.236884,-0.001927,-0.000136,False
15.233333,457,0.235331,0.235375,-0.001509,0.000418,False
15.266667,458,0.235247,0.235940,0.000566,0.002075,False
15.300000,459,0.237357,0.236989,0.001048,0.000483,False
15.333333,460,0.237974,0.238124,0.001135,0.000087,False
15.366667,461,0.239057,0.237705,-0.000418,-0.001553,False
15.400000,462,0.236625,0.236588,-0.001117,-0.000699,False
15.433333,463,0.234330,0.236319,-0.000269,0.000848,False
15.466667,464,0.236871,0.237061,0.000742,0.001012,False
15.500000,465,0.239083,0.237351,0.000290,-0.000453,False
15.533333,466,0.238534,0.237465,0.000115,-0.000175,False
15.566667,467,0.233830,0.236535,-0.000931,-0.001045,False
15.600000,468,0.236442,0.235662,-0.000873,0.000058,False
15.633333,469,0.235868,0.235736,0.000074,0.000947,False
15.666667,470,0.235277,0.234885,-0.000851,-0.000925,False
15.700000,471,0.233825,0.232287,-0.002598,-0.001747,False
15.733333,472,0.228413,0.230756,-0.001531,0.001067,False
15.766667,473,0.229707,0.230185,-0.000571,0.000960,False
15.800000,474,0.232363,0.231169,0.000985,0.001556,False
15.833333,475,0.232695,0.232743,0.001574,0.000589,False
15.866667,476,0.233867,0.233564,0.000821,-0.000753,False
15.900000,477,0.232793,0.233884,0.000320,-0.000501,False
15.933333,478,0.234654,0.233760,-0.000124,-0.000445,False
15.966667,479,0.233393,0.232986,-0.000774,-0.000650,False
16.000000,480,0.231322,0.231568,-0.001418,-0.000643,False
16.033333,481,0.230453,0.231149,-0.000419,0.000998,False
16.066667,482,0.229454,0.231800,0.000651,0.001071,False
16.100000,483,0.233064,0.229317,-0.002483,-0.003134,False
16.133333,484,0.226879,0.223391,-0.005926,-0.003444,False
16.166667,485,0.213647,0.217906,-0.005485,0.000441,False
16.200000,486,0.211720,0.215422,-0.002484,0.003001,False
16.233333,487,0.219914,0.218235,0.002812,0.005296,False
16.266667,488,0.225564,0.222337,0.004103,0.001290,False
16.300000,489,0.225370,0.224878,0.002541,-0.001561,False
16.333333,490,0.221735,0.224907,0.000029,-0.002513,False
16.366667,491,0.227322,0.226773,0.001866,0.001838,False
16.400000,492,0.228603,0.228904,0.002131,0.000265,False
16.433333,493,0.233962,0.231034,0.002129,-0.000002,False
16.466667,494,0.228955,0.231073,0.000039,-0.002090,False
16.500000,495,0.231128,0.231415,0.000343,0.000304,False
16.533333,496,0.231626,0.230944,-0.000472,-0.000814,False
16.566667,497,0.233370,0.232468,0.001524,0.001996,False
16.600000,498,0.233225,0.235980,0.003513,0.001989,False
16.633333,499,0.238584,0.239455,0.003475,-0.000037,False
16.666667,500,0.246049,0.244553,0.005098,0.001623,False
16.700000,501,0.239741,0.242415,-0.002138,-0.007236,False
16.733333,502,0.236627,0.223982,-0.018433,-0.016295,False
16.766667,503,0.199745,0.198950,-0.025032,-0.006598,False
16.800000,504,0.166034,0.181328,-0.017622,0.007410,False
16.833333,505,0.174386,0.175906,-0.005422,0.012200,False
16.866667,506,0.193256,0.186394,0.010488,0.015910,False
16.900000,507,0.204649,0.203381,0.016987,0.006499,False
16.933333,508,0.211167,0.213490,0.010109,-0.006878,False
16.966667,509,0.222414,0.219716,0.006226,-0.003883,False
17.000000,510,0.223199,0.224530,0.004813,-0.001413,False
17.033333,511,0.228918,0.229431,0.004902,0.000089,False
17.066667,512,0.231618,0.231845,0.002414,-0.002488,False
17.100000,513,0.237161,0.234928,0.003083,0.000669,False
17.133333,514,0.234832,0.237428,0.002500,-0.000583,False
17.166667,515,0.239162,0.238704,0.001276,-0.001223,False
17.200000,516,0.241592,0.239530,0.000826,-0.000451,False
17.233333,517,0.238790,0.241216,0.001686,0.000860,False
17.266667,518,0.242257,0.241447,0.000231,-0.001455,False
17.300000,519,0.242840,0.242218,0.000772,0.000540,False
17.333333,520,0.242718,0.244011,0.001792,0.001021,False
17.366667,521,0.244899,0.244021,0.000010,-0.001782,False
17.400000,522,0.245512,0.244771,0.000750,0.000740,False
17.433333,523,0.243481,0.245789,0.001017,0.000267,False
17.466667,524,0.246840,0.245418,-0.000371,-0.001388,False
17.500000,525,0.245835,0.244350,-0.001068,-0.000698,False
17.533333,526,0.241846,0.243291,-0.001059,0.000010,False
17.566667,527,0.241140,0.242555,-0.000737,0.000322,False
17.600000,528,0.242230,0.240861,-0.001693,-0.000957,False
17.633333,529,0.242956,0.240712,-0.000149,0.001544,False
17.666667,530,0.235743,0.240055,-0.000657,-0.000508,False
17.700000,531,0.241600,0.239186,-0.000869,-0.000212,False
17.733333,532,0.239051,0.238832,-0.000354,0.000515,False
17.766667,533,0.238971,0.240257,0.001425,0.001779,False
17.800000,534,0.239188,0.244108,0.003851,0.002427,False
17.833333,535,0.240095,0.238589,-0.005519,-0.009370,False
17.866667,536,0.235217,0.217985,-0.020604,-0.015085,False
17.900000,537,0.181023,0.186837,-0.031148,-0.010544,False
17.933333,538,0.149304,0.157094,-0.029743,0.001405,False
17.966667,539,0.141539,0.137343,-0.019751,0.009992,False
