participante,video,ms_vmax,std_saccade_amplitude,std_saccade_peak_velocity,ms_c,mean_fixation_duration,mean_saccade_duration,mean_saccade_q_ratio
Andrews,Andrews_9_puntos_intento_10,294.83507273258834,3.1406714247832164,49.070551467038065,6.658731573653687,0.02119851804123704,0.026799421593830402,1.1691163978539427
Andrews,Andrews_9_puntos_intento_1,472.83109335432647,3.624563832440966,70.48192631348442,13.14740443756118,0.016995340845070397,0.0352816563380282,1.3247285760361804
Andrews,Andrews_9_puntos_intento_2,342.44914878225023,2.903119874610672,63.99536451012349,6.661385582347311,0.019195036407767003,0.026051728155339793,1.193381664533015
Andrews,Andrews_9_puntos_intento_3,407.4785806378475,4.908607672130281,95.14667825666184,8.898214418427,0.014645790190735641,0.03566574728260874,1.365926389905682
Andrews,Andrews_9_puntos_intento_4,508.3708640951484,5.514180284695977,114.15737693871694,10.534949399830987,0.018000882022471826,0.034105859550561876,1.3384725362514618
Andrews,Andrews_9_puntos_intento_5,542.665206853871,5.790596684346004,101.3016782761768,14.048957515995781,0.019259283333333363,0.0324330332409972,1.2657401837095075
Andrews,Andrews_9_puntos_intento_6,462.05693571048,5.731018117411781,95.42831671653893,11.484870180167087,0.017724096676737185,0.03859513897280963,1.3545960300840667
Andrews,Andrews_9_puntos_intento_7,422.38253580523707,3.093950638982304,60.21982680627172,10.668953669566312,0.020442687500000053,0.028125020833333274,1.2210505088928203
Andrews,Andrews_9_puntos_intento_8,342.469114743165,3.04033247925179,55.58465727759997,8.050854136007052,0.01814862628865977,0.029896907216494868,1.2332487094964553
Andrews,Andrews_9_puntos_intento_9,360.7803699385883,3.2642984033186755,56.2946105891644,8.432764080593174,0.020403806701030928,0.02764172680412371,1.1865855343013976
Arteaga,Arteaga_9_puntos_intento_10,789.2832349159021,3.594168014151698,82.96450562931342,20.180664656295583,0.018933808823529366,0.02675655147058828,1.1819737384889177
Arteaga,Arteaga_9_puntos_intento_1,776.0175234978126,3.3178822382077993,72.17915560463288,20.804096625733642,0.023076953846153832,0.024785745501285355,1.1275428517273556
Arteaga,Arteaga_9_puntos_intento_2,695.3399265819027,3.2789585879099468,72.64765531265824,17.330311884393026,0.024585531413612575,0.024192829842931935,1.1174516220941855
Arteaga,Arteaga_9_puntos_intento_3,761.0108901551931,3.5964150495248193,78.80470251175882,20.876278819095514,0.02307348118279576,0.026966037533512007,1.1779556308919243
Arteaga,Arteaga_9_puntos_intento_4,692.0184432919086,3.383790297433215,69.89718214189851,17.225721150022043,0.02315040975609765,0.022317070731707224,1.0995187802762219
Arteaga,Arteaga_9_puntos_intento_5,651.4213236161461,3.297223356359671,69.16163121307699,16.216642812141057,0.02430918134715025,0.023901782945736454,1.125957196116093
Arteaga,Arteaga_9_puntos_intento_6,701.1567114395974,3.5280391902112864,71.32657029240805,17.454994707871943,0.02691258743169396,0.02406390958904113,1.1231188879263392
Arteaga,Arteaga_9_puntos_intento_7,591.4958609460838,4.078385531527914,85.03890711412998,14.481001503360908,0.018045401459854105,0.027378065853658446,1.1745627831902452
Arteaga,Arteaga_9_puntos_intento_8,570.0470995641351,3.6791453309433417,74.69994531758037,13.74296289704039,0.021064813131313077,0.025944586901763277,1.1503098961900802
Arteaga,Arteaga_9_puntos_intento_9,716.8648020583305,3.8860436684186603,77.13957446054873,19.418324711294975,0.024500449591280643,0.026222831521739143,1.1562889229250004
Josuep,Josuep_9_puntos_intento_10,368.8766850501772,2.079723808766219,46.37189175406824,7.664234088906048,0.021114988344988327,0.022286830232558157,1.1219016739829
Josuep,Josuep_9_puntos_intento_1,478.6441661349157,2.7560714756275235,57.244256134359496,10.669472159245288,0.03130254341736695,0.020915011204481786,1.1027081702244517
Josuep,Josuep_9_puntos_intento_2,420.2948554115265,2.8273188142881893,57.928834145890455,9.4659346521852,0.030093901408450602,0.022481163841808007,1.1222686454692745
Josuep,Josuep_9_puntos_intento_3,453.41322915369966,2.7099910300911465,55.38922344350594,9.738251413358276,0.03340626239067052,0.020966915451895062,1.101213043432633
Josuep,Josuep_9_puntos_intento_4,496.4324549458701,2.6387619129299287,54.81449322718142,10.994252150218617,0.031094163434903028,0.020544803324099744,1.0800513685275546
Josuep,Josuep_9_puntos_intento_5,516.6776096075638,2.7101943237453057,55.64742526281828,11.972876933721453,0.032898588405796944,0.021135228985507404,1.096773097779327
Josuep,Josuep_9_puntos_intento_6,411.78467274332286,2.833013563638176,68.94278639725657,8.25870490169596,0.0290960254237288,0.02358759039548024,1.1271443714297844
Josuep,Josuep_9_puntos_intento_7,395.5818589279934,2.6423353845813717,54.40185515256235,8.666106928991594,0.021228771289537658,0.02408974514563112,1.1683909610002448
Josuep,Josuep_9_puntos_intento_8,365.64427690068027,2.4840879564028344,51.28676857802849,8.085701817071815,0.023410672680412376,0.024571532133676088,1.1472229585546276
Josuep,Josuep_9_puntos_intento_9,432.6753879318735,2.6859076162103617,50.33910960610409,10.92476036385718,0.01921244868735084,0.02527840334128878,1.1561701709719396
Karolain,Karolain_9_puntos_intento_10,432.103412143271,4.027558958233667,69.54129691569361,8.81585713028141,0.04471331182795691,0.022132566308243794,1.0966009904670015
Karolain,Karolain_9_puntos_intento_1,497.68945001027686,4.392323409123336,76.97611824570119,10.614780650509855,0.03612867405063289,0.022936526984126997,1.1229592629504814
Karolain,Karolain_9_puntos_intento_2,471.0847544983846,4.266242595751449,71.40022189945302,9.304500295799144,0.0433679411764706,0.021136096885813135,1.0806067050174384
Karolain,Karolain_9_puntos_intento_3,441.070150225198,4.1471192272294815,67.35253781888613,7.448835421824654,0.042711762376237646,0.018777421052631547,1.070835356454407
Karolain,Karolain_9_puntos_intento_4,480.1968402581756,4.331336382773821,74.17187714189546,9.529891158402465,0.044869540925266925,0.021470911032028462,1.116340540800766
Karolain,Karolain_9_puntos_intento_5,479.4165791933419,4.014345726394014,68.20077083999236,9.710359048832691,0.03863393670886073,0.020358680379746866,1.0807877108487705
Karolain,Karolain_9_puntos_intento_6,366.3173075549229,3.823949975853989,59.94827119244176,6.9060270257031355,0.035131668693009155,0.02155526139817625,1.1034188199333295
Karolain,Karolain_9_puntos_intento_7,469.68825792718604,3.9036707257244125,67.7599212089973,9.938802063205413,0.039480868852459,0.021639350819672144,1.094220592055634
Karolain,Karolain_9_puntos_intento_8,496.24847132363936,3.772330951982795,66.64918599773176,9.76123740310595,0.03649952279635254,0.020126233333333368,1.0806737710064633
Karolain,Karolain_9_puntos_intento_9,405.4237819164799,3.4043790155653038,61.83448203179476,7.125625843242779,0.036177044510385725,0.019221238095238118,1.0911652904064968
Leo,Leo_9_puntos_intento_10,544.5069189056076,3.0320490172393915,66.54400626570916,12.104654854398767,0.02374691228070176,0.022974057644110264,1.148270106700927
Leo,Leo_9_puntos_intento_1,1364.8305610766035,3.508489451510308,97.30964069802133,36.299820805423856,0.02315052295918371,0.024321447837150092,1.152047070005656
Leo,Leo_9_puntos_intento_2,584.1945650014234,3.030467895845985,69.516350542762,12.409075412881148,0.026175228205128243,0.02167950642673518,1.1041626334453145
Leo,Leo_9_puntos_intento_3,885.3005025862786,3.0230674648240923,71.93406226038859,22.587280386924576,0.02544758823529409,0.02217260204081636,1.0917830546940794
Leo,Leo_9_puntos_intento_4,680.6301284580295,3.236885439590801,75.4969014189116,15.90958874302795,0.031255960339943344,0.02163819886363635,1.0942754784355813
Leo,Leo_9_puntos_intento_5,858.7944195249803,3.2481686218798833,81.30904316840072,19.773418301645822,0.036871793846153765,0.02048718153846162,1.0783634733520322
Leo,Leo_9_puntos_intento_6,622.6587356460183,3.521441999898985,72.99438755432986,15.20440530569861,0.04518651624548738,0.02206235611510789,1.0922148757705037
Leo,Leo_9_puntos_intento_7,511.91678797859237,3.292650306411249,70.64911393609698,10.421874831171378,0.0384290777027027,0.02226912162162161,1.1027733520837064
Leo,Leo_9_puntos_intento_8,654.1853750979982,3.2133019469887825,75.3566767407585,15.52590926549106,0.03000000857142855,0.02326189714285717,1.1345993580027334
Leo,Leo_9_puntos_intento_9,566.4415058482649,4.259643853583789,108.61298450577677,10.519455117479755,0.022526020833333316,0.02604168750000001,1.1819403533415718
Rodelo,Rodelo_9_puntos_intento_10,537.2081205997625,2.703844869062294,63.971810754111964,10.930042521029982,0.03305005949008504,0.019726918079095993,1.1029191755193806
Rodelo,Rodelo_9_puntos_intento_1,429.9964216997443,2.936386510088168,61.56899225255727,8.251880529376074,0.05061959107806686,0.018749988805970202,1.065497846088335
Rodelo,Rodelo_9_puntos_intento_2,553.2294613161946,3.492794705320188,74.25326903794706,11.50824321720392,0.061935956331877706,0.019505091703056785,1.071498145027436
Rodelo,Rodelo_9_puntos_intento_3,500.6662958339297,3.247682819110751,71.69872955872839,9.417911552804753,0.052692319230769204,0.018933578544061327,1.067766903775803
Rodelo,Rodelo_9_puntos_intento_4,510.50912094905027,3.485586058852456,80.43356721604317,8.846429802050435,0.047673731448763336,0.01826241489361694,1.0707032038998654
Rodelo,Rodelo_9_puntos_intento_5,453.12051621837725,2.9779720784572628,77.13258968713964,8.211987506687384,0.0495646641791044,0.019993794776119483,1.0977985513134132
Rodelo,Rodelo_9_puntos_intento_6,463.1374088867896,3.095318403499745,67.01132262985514,8.731258646777825,0.04858091304347827,0.018961358695652176,1.0658019611248883
Rodelo,Rodelo_9_puntos_intento_7,469.12159793388975,2.4765866650399175,61.440647643841324,8.936484149223649,0.04733920701754382,0.01797783216783221,1.0650976256623599
Rodelo,Rodelo_9_puntos_intento_8,617.0307749035112,5.318187926779084,101.1290541480342,13.598351977376003,0.03729038050314465,0.021331213836477982,1.1027905942505287
Rodelo,Rodelo_9_puntos_intento_9,572.6987520766353,2.7814910977076295,64.19499475403576,13.305346267910146,0.02193306053268759,0.023168227053140155,1.1371212565326048
Roygel,Roygel_9_puntos_intento_10,496.87062132990746,3.9181722934953007,84.13207705001989,9.242085188776649,0.038511330097087376,0.021888525974025977,1.1221081627929184
Roygel,Roygel_9_puntos_intento_1,618.0740325110482,3.9282031349968043,87.81586994684929,11.158414414762815,0.03639559939759033,0.01969467867867871,1.1212459461680724
Roygel,Roygel_9_puntos_intento_2,532.2340172082331,4.492039816063816,98.91738393092673,8.757391339614964,0.029387095238095313,0.02000445092838189,1.1253595361741968
Roygel,Roygel_9_puntos_intento_3,720.684835434865,6.064729597668497,119.30286086135543,15.141602717495298,0.0341129258064517,0.025937813504823066,1.1955025838678917
Roygel,Roygel_9_puntos_intento_4,572.6887868613342,4.4113053262165245,91.6430312389179,11.02213224968708,0.04229451027397255,0.021575352739726078,1.128966308864826
Roygel,Roygel_9_puntos_intento_5,545.5918199918176,4.1904816977235875,83.6802529753371,10.265165967452786,0.039623706451612874,0.0205770809061489,1.1194579360488828
Roygel,Roygel_9_puntos_intento_6,579.2353152672584,4.238918777345703,89.75410263647073,10.80737746447953,0.041722865319865354,0.02097307382550332,1.1266599984877606
Roygel,Roygel_9_puntos_intento_7,562.1973193770325,4.266474565327136,89.9267436991767,10.200274744992491,0.030022521621621577,0.020415539295392998,1.122694339503459
Roygel,Roygel_9_puntos_intento_8,527.4942723192329,3.893502564159679,80.03734702134746,9.51707628118726,0.04144443333333334,0.020694456666666656,1.1338981367099776
Roygel,Roygel_9_puntos_intento_9,486.1274978132585,4.319166194080719,78.24416332631732,9.089517046161495,0.04683700364963504,0.021198277372262764,1.1207496789933753
Samir,Samir_9_puntos_intento_10,375.5631340089768,3.4513183997736223,55.330467137148595,7.685391125879071,0.031766410256410305,0.021404734285714235,1.0953672866036062
Samir,Samir_9_puntos_intento_1,450.35347453759505,3.6771056058433382,58.42679243593631,10.340543237197151,0.03203811436950142,0.022563362573099457,1.0916994290730173
Samir,Samir_9_puntos_intento_2,420.12481398268375,4.480432977349894,86.57984099757829,6.558392914986161,0.029314297002724844,0.02153912568306006,1.118150960569294
Samir,Samir_9_puntos_intento_3,422.2532265144872,3.173656349525805,56.13142968557081,9.415535723108244,0.030672299719887997,0.02148507262569828,1.0929441786637586
Samir,Samir_9_puntos_intento_4,426.09704576660204,4.042357426990153,62.80454233116298,9.455399891829588,0.03470947400611616,0.022341521472392687,1.1011411039435046
Samir,Samir_9_puntos_intento_5,488.13470910298065,3.234598454928958,64.79090692469427,11.250368325362276,0.028854999999999995,0.022847255555555553,1.1213139837810138
Samir,Samir_9_puntos_intento_6,415.05959707140727,3.26071240096506,62.226191509319044,8.460921036190483,0.029596116991643485,0.022330532033426158,1.1132419076696953
Samir,Samir_9_puntos_intento_7,418.6391771455191,3.8834176433511653,88.40915805522408,6.502086299067064,0.03009917847025498,0.02277459374999997,1.1478934973608987
Samir,Samir_9_puntos_intento_8,381.0437134369142,2.9645588101688416,53.054702026180934,8.22899967588349,0.028997300813008168,0.021486475675675642,1.1034383514874118
Samir,Samir_9_puntos_intento_9,404.7599880231751,3.1502993593826973,56.962436593775834,8.528720040274486,0.02766051715039575,0.021582886243386272,1.0984273168745895
Stephanie,Stephanie_9_puntos_intento_10,669.3760529636813,3.226244825953538,68.5558456583858,15.428387279985724,0.03000460055096421,0.021372809917355344,1.09481173329514
Stephanie,Stephanie_9_puntos_intento_1,660.9524541441908,3.6524121356035137,80.0044070790652,13.741589992428205,0.045199278985507185,0.019565213768116,1.0874029973046888
Stephanie,Stephanie_9_puntos_intento_2,598.1481862229092,3.534057088827087,75.07314858327109,11.621796746869451,0.039120425925925906,0.018472597523219836,1.0658470034112717
Stephanie,Stephanie_9_puntos_intento_3,595.5227684969526,3.418194467068259,72.24449031257448,11.89310562252283,0.038694121951219504,0.018195703363914382,1.0546290027885656
Stephanie,Stephanie_9_puntos_intento_4,647.5334897938347,3.530837143669245,74.05343559893672,14.828110494409582,0.037149579439252345,0.020859167701863354,1.0910303594762676
Stephanie,Stephanie_9_puntos_intento_5,601.9544187905758,3.5043694307235302,79.04572712380033,11.626767682967985,0.03633542546583849,0.021625109034267925,1.1394368917763709
Stephanie,Stephanie_9_puntos_intento_6,642.9530066411079,3.3208295200870324,72.23468635995488,14.04363930445216,0.036277517964071915,0.019594522522522473,1.0618134513990742
Stephanie,Stephanie_9_puntos_intento_7,611.6162712526882,3.578183082471651,74.58508382173093,12.863658760329422,0.04436779655172413,0.020011553633217997,1.0941025347508864
Stephanie,Stephanie_9_puntos_intento_8,629.7484885494395,3.3839588170611155,72.70867775400355,13.466873530920097,0.03362834808259588,0.021361820058997043,1.117633471258306
Stephanie,Stephanie_9_puntos_intento_9,616.9148145936346,3.2577914440167466,64.57802400035928,14.952556461400983,0.031700288184438014,0.022022095100864572,1.0866021794980565
test,test_9_puntos_intento_10,562.3596037733738,4.337104045715685,87.60416552490929,10.541903823545077,0.049690211895910774,0.019609665427509294,1.0929978475816784
test,test_9_puntos_intento_1,580.9842384378142,4.700486562382661,77.67913502929095,12.813303302860675,0.04027336334405139,0.019731132258064575,1.074291592484076
test,test_9_puntos_intento_2,596.6549307568913,4.580601946550489,81.06604748069974,13.033857643995479,0.043207763698630205,0.02056313993174054,1.0764284643013962
test,test_9_puntos_intento_3,513.1159691785748,4.476239723374018,83.33720879951386,9.341377799854019,0.04368508304498265,0.020891243055555606,1.106415405891671
test,test_9_puntos_intento_4,579.7022433360734,4.306934392166278,78.11148638822314,12.12311785047109,0.037910025396825295,0.02117618987341782,1.100501742881863
test,test_9_puntos_intento_5,551.1445059814038,4.295785656492747,88.79901291853288,10.18723501646421,0.034076956923076815,0.02321060122699397,1.1466269637771094
test,test_9_puntos_intento_6,559.0654432298032,4.095301160992962,70.65202006909983,11.99932613350143,0.03465966366366364,0.021385539156626533,1.10761673808425
test,test_9_puntos_intento_7,557.3501805841078,4.464154895178298,77.7661184188795,11.475791080509703,0.042006802721088414,0.02147326621160412,1.1147105445170313
test,test_9_puntos_intento_8,562.900285493433,4.795147285058465,97.66300930027998,12.082478811651882,0.034117954545454535,0.026321478964401304,1.1860417152974136
test,test_9_puntos_intento_9,571.3644836813373,4.654429997104801,107.68603837150486,9.387968111188693,0.039130464882943056,0.023166636666666747,1.1664623749923608
Venegas,Venegas_9_puntos_intento_10,343.4207885404723,2.945625573201474,70.12708211190059,5.575370762291194,0.050316855513307966,0.020642496183206124,1.1261326024092073
Venegas,Venegas_9_puntos_intento_1,445.99917414162934,3.2520354312434003,67.78883290988855,7.711260718721546,0.045965848056537126,0.01997635460992905,1.1081013278690641
Venegas,Venegas_9_puntos_intento_2,345.6762096753237,3.045766128056552,73.01650690016908,5.51553176043591,0.038306873015873016,0.020966035031847123,1.122027851850628
Venegas,Venegas_9_puntos_intento_3,379.9620596630414,3.6352752281717557,70.38478038793465,6.465064184350746,0.045997627240143404,0.0208482508960573,1.114161306971179
Venegas,Venegas_9_puntos_intento_4,420.7153790166111,2.7813476524984466,62.87519659758756,7.843414477567222,0.037951470588235336,0.019849922360248403,1.12313439604454
Venegas,Venegas_9_puntos_intento_5,398.74333438464527,3.1633876140396144,66.2073758147762,6.752778060627825,0.04316671666666661,0.01899995000000004,1.1046834005338868
Venegas,Venegas_9_puntos_intento_6,497.9330238849537,3.2465506192155487,75.03011534374365,9.135226605268114,0.04862131250000002,0.019871805860805843,1.0997959606961212
Venegas,Venegas_9_puntos_intento_7,405.8352841846973,3.030565835727754,66.96886920890934,7.094871058961499,0.051987207692307656,0.019743561538461567,1.1099673986724952
Venegas,Venegas_9_puntos_intento_8,445.9332291022101,2.9869074417038304,70.8550247795087,8.020977471473403,0.045478755319148884,0.020699850533807882,1.1268118887804275
Venegas,Venegas_9_puntos_intento_9,377.17872996712913,2.412120903366711,63.806586383508744,5.728183022977712,0.043196744262295146,0.017982434210526255,1.0915406460991033
VictoriaRoso,VictoriaRoso_9_puntos_intento_10,363.91447345471636,5.101396316094324,66.09074593854719,7.35631175890012,0.026784019718309873,0.02565544943820224,1.1409731273113688
VictoriaRoso,VictoriaRoso_9_puntos_intento_1,542.5380564701305,3.0841533520020215,63.7054277696978,13.182879155039007,0.026132247282608753,0.024524456521739072,1.1188924723114122
VictoriaRoso,VictoriaRoso_9_puntos_intento_2,516.1000079256679,3.0794913776153714,57.10611466897862,13.004782592619259,0.02774726373626373,0.023553707988980706,1.108813924554719
VictoriaRoso,VictoriaRoso_9_puntos_intento_3,502.70244028408086,3.0963816226016756,56.13450449607025,11.213491373671166,0.02685184496124035,0.02133936950904388,1.0870370504072993
VictoriaRoso,VictoriaRoso_9_puntos_intento_4,506.0613223162851,3.764704063813844,64.70348705601346,12.41551298771565,0.026460037735849103,0.023723099462365543,1.1124287004185152
VictoriaRoso,VictoriaRoso_9_puntos_intento_5,554.6753621944256,3.3141970816040023,62.10390365435647,13.706648084188545,0.024424565217391274,0.023290587179487215,1.125148076238961
VictoriaRoso,VictoriaRoso_9_puntos_intento_6,511.4920376147222,3.582356967301214,67.59231071314953,10.854118843409195,0.0317055451895044,0.02257751453488369,1.119362433356147
VictoriaRoso,VictoriaRoso_9_puntos_intento_7,517.3077328978025,3.096926785411626,72.92108291089006,10.76993900759706,0.02497830729166664,0.02358940104166669,1.1432452174953236
VictoriaRoso,VictoriaRoso_9_puntos_intento_8,505.7773566378753,3.1886025058381198,58.109795579254474,12.48371853754193,0.024499590078328963,0.024173169712793756,1.1401619341506926
VictoriaRoso,VictoriaRoso_9_puntos_intento_9,491.0153845234196,2.731998010614505,52.570435908098,11.007520426283337,0.025881677581863976,0.021074662468513854,1.0882496391176286
Victoria,Victoria_9_puntos_intento_10,679.4335971799344,2.9979715592627336,65.77757336292473,16.267740756721974,0.031144084745762714,0.021515991525423727,1.0840002959591688
Victoria,Victoria_9_puntos_intento_1,636.9259377897731,3.0185203430672574,66.87460359367539,14.874586320806745,0.03508510510510511,0.020983915662650596,1.0881092843878761
Victoria,Victoria_9_puntos_intento_2,582.5232963924409,2.9424764734954465,63.959940356116626,12.271651420449547,0.035325565597667544,0.01902331778425665,1.0584819567325185
Victoria,Victoria_9_puntos_intento_3,520.0709773899816,3.281939893967319,67.59978238613049,10.205168124749138,0.038610253918495284,0.019827573667711613,1.0795822886392683
Victoria,Victoria_9_puntos_intento_4,622.016933280898,3.021921708172788,68.09808061641606,13.500356076042875,0.03686480487804874,0.020030614678899123,1.0707036364641025
Victoria,Victoria_9_puntos_intento_5,640.616102656961,2.951964199299646,65.83827289509935,14.252502636960136,0.03231824362606234,0.020491011331444743,1.09561915887105
Victoria,Victoria_9_puntos_intento_6,603.003324310269,3.0333503611774852,61.80579295239094,14.820433130181733,0.034077372023809525,0.02149254626865672,1.0792236819784098
Victoria,Victoria_9_puntos_intento_7,583.1303939453578,3.2654528759912083,69.13887517207601,13.025525476729399,0.03611113761467893,0.020897018348623828,1.0895184434246714
Victoria,Victoria_9_puntos_intento_8,694.51589722795,3.212959446885985,66.54662469373608,17.817527095696878,0.035435417417417465,0.020545564564564522,1.0705804137820247
Victoria,Victoria_9_puntos_intento_9,636.7520338155847,3.068349150513879,64.87853192574322,14.491224525833294,0.03470992920353982,0.0201081622418879,1.0710563671068059
Victor,Victor_9_puntos_intento_10,642.3570945080601,4.278957317383644,84.29070216743332,13.07753375509997,0.044358536082474205,0.019798848275862087,1.073190641625411
Victor,Victor_9_puntos_intento_1,674.5847367453507,3.7259674671281204,85.33612347730931,13.231519744824729,0.039052816770186356,0.018840559006211153,1.0782871237032614
Victor,Victor_9_puntos_intento_2,679.9959592047551,4.182554692360691,84.58371234562507,14.506488107702296,0.04324855593220342,0.0199435355932203,1.0810849725143619
Victor,Victor_9_puntos_intento_3,667.7440042638952,4.033724347324968,87.77391337305819,12.90851036409276,0.04055905696202537,0.01845993037974678,1.0874674129973052
Victor,Victor_9_puntos_intento_4,634.1648826734056,4.306665565354944,87.72147379575543,12.07991565173543,0.04960170588235291,0.01900370110701111,1.0782895892176658
Victor,Victor_9_puntos_intento_5,649.0797241756828,4.273603882500303,88.6282543815775,11.862745441102144,0.044248030303030296,0.01858108783783784,1.0864914445836829
Victor,Victor_9_puntos_intento_6,598.0583393382291,4.7161964405364625,91.89536612002301,10.19943692468155,0.05089833828996286,0.018470201492537284,1.0953749942634177
Victor,Victor_9_puntos_intento_7,629.5961957452645,4.465395315111445,92.98087565746314,11.948088368656501,0.04377109764309761,0.01902351515151518,1.0875293484528197
Victor,Victor_9_puntos_intento_8,664.2606088404403,4.275994457613092,92.10063686775312,12.356182299441008,0.05027988059701485,0.019381992509363354,1.0760275350374815
Victor,Victor_9_puntos_intento_9,638.9534155998081,3.8029074757723365,91.92624636274886,11.481842802100795,0.04428492905405402,0.01872182770270273,1.0978188127856177
Vielma,Vielma_9_puntos_intento_10,606.8960957064421,3.9714795207821565,95.19824545800766,13.706902631614344,0.019241676399026776,0.026051791262135904,1.199461034985164
Vielma,Vielma_9_puntos_intento_1,499.89022272412774,5.178507246292768,115.54852634065523,8.830109726477378,0.025347227777777852,0.026435180555555486,1.1945265950084867
Vielma,Vielma_9_puntos_intento_2,642.4986850090588,6.445190473270852,145.47792872436065,11.354964375123188,0.03291277287066242,0.025920034700315488,1.200991561745538
Vielma,Vielma_9_puntos_intento_3,710.8922852872428,5.107952542319101,118.42222850673224,15.607654291370324,0.02376870184696567,0.025350865789473716,1.1989962089515673
Vielma,Vielma_9_puntos_intento_4,626.8468918804138,4.635924813326026,103.3288908381134,12.734042981590552,0.02739069672131143,0.023565587431694034,1.1506208835603908
Vielma,Vielma_9_puntos_intento_5,706.6611886878184,4.160209246402433,109.70024000070477,15.537832794362718,0.02429454497354504,0.024977999999999924,1.1733233235291671
Vielma,Vielma_9_puntos_intento_6,719.5881189150685,4.806023288018687,104.94825247530571,16.81575940698057,0.022378519181585697,0.025298378516624014,1.1785225752115045
Vielma,Vielma_9_puntos_intento_7,530.718121384857,5.199448962253721,106.50909727046124,10.204135614277845,0.02557392837465565,0.025803482093663902,1.178091512626635
Vielma,Vielma_9_puntos_intento_8,660.4718555408085,4.579827538822784,125.45632159899309,13.255299353255959,0.023845122282608697,0.02673892140921409,1.2242794100622276
Vielma,Vielma_9_puntos_intento_9,746.4947052306267,5.793123568634135,140.42959346738954,17.24950460479949,0.019494416452442237,0.028427606683804545,1.2353904125790456
