video_name,frame_number,timestamp_ms,valid_deteccion,sphere_center_x,sphere_center_y,sphere_center_z,pupil_center_x,pupil_center_y,darkest_pixel_x,darkest_pixel_y,gaze_x,gaze_y,gaze_z,ellipse_width,ellipse_height,ellipse_angle,contour_area
grabacion_experimento_ESP32CAM_1_ROI_640x480.mp4,1,33.333,True,320.000,240.000,0.000,378.000,241.000,370,257,0.217618,-0.003752,0.976027,70.079,82.648,4.751,3959.0
grabacion_experimento_ESP32CAM_1_ROI_640x480.mp4,2,66.667,True,320.000,240.000,0.000,377.000,240.000,359,249,0.213782,0.000000,0.976881,72.072,81.130,6.295,3997.0
grabacion_experimento_ESP32CAM_1_ROI_640x480.mp4,3,100.000,True,320.000,240.000,0.000,377.000,240.000,370,257,0.213782,0.000000,0.976881,70.286,80.032,8.167,3959.0
grabacion_experimento_ESP32CAM_1_ROI_640x480.mp4,4,133.333,True,351.000,239.000,0.000,376.000,239.000,369,260,0.055368,-0.002849,0.998462,70.864,88.147,176.436,4569.0
grabacion_experimento_ESP32CAM_1_ROI_640x480.mp4,5,166.667,True,355.000,238.000,0.000,376.000,238.000,370,257,0.035594,-0.005701,0.999350,67.774,87.832,178.817,4510.0
grabacion_experimento_ESP32CAM_1_ROI_640x480.mp4,6,200.000,True,354.000,238.000,0.000,374.000,236.000,353,215,0.033083,0.001721,0.999451,68.664,90.960,177.508,4704.5
grabacion_experimento_ESP32CAM_1_ROI_640x480.mp4,7,233.333,True,354.000,237.000,0.000,373.000,234.000,355,213,0.029361,0.002581,0.999566,70.048,90.696,177.928,4739.5
grabacion_experimento_ESP32CAM_1_ROI_640x480.mp4,8,266.667,True,354.000,237.000,0.000,371.000,232.000,363,253,0.021926,0.010002,0.999710,70.606,92.877,177.444,4856.5
grabacion_experimento_ESP32CAM_1_ROI_640x480.mp4,9,300.000,True,354.000,237.000,0.000,370.000,231.000,354,213,0.018212,0.013713,0.999740,70.380,91.463,178.772,4799.0
grabacion_experimento_ESP32CAM_1_ROI_640x480.mp4,10,333.333,True,353.000,237.000,0.000,368.000,229.000,356,211,0.015719,0.021136,0.999653,71.988,93.011,179.330,4904.5
grabacion_experimento_ESP32CAM_1_ROI_640x480.mp4,11,366.667,True,352.000,236.000,0.000,368.000,229.000,356,211,0.020638,0.014573,0.999681,70.950,92.429,178.442,4872.0
grabacion_experimento_ESP32CAM_1_ROI_640x480.mp4,12,400.000,True,352.000,236.000,0.000,368.000,229.000,354,213,0.020638,0.014573,0.999681,70.833,93.518,0.131,4930.5
grabacion_experimento_ESP32CAM_1_ROI_640x480.mp4,13,433.333,False,351.000,236.000,,,,,,,,,,,,
grabacion_experimento_ESP32CAM_1_ROI_640x480.mp4,14,466.667,True,351.000,236.000,0.000,370.000,228.000,362,242,0.033017,0.018293,0.999287,73.963,94.962,80.905,4253.5
grabacion_experimento_ESP32CAM_1_ROI_640x480.mp4,15,500.000,True,350.000,236.000,0.000,371.000,224.000,360,245,0.041713,0.033160,0.998579,78.379,121.382,2.738,6518.0
grabacion_experimento_ESP32CAM_1_ROI_640x480.mp4,16,533.333,True,350.000,236.000,0.000,371.000,223.000,360,247,0.041724,0.036877,0.998448,69.512,96.223,2.820,5076.0
grabacion_experimento_ESP32CAM_1_ROI_640x480.mp4,17,566.667,True,350.000,236.000,0.000,370.000,222.000,358,249,0.038010,0.040590,0.998453,70.121,94.480,1.380,5007.0
grabacion_experimento_ESP32CAM_1_ROI_640x480.mp4,18,600.000,True,349.000,236.000,0.000,369.000,222.000,364,243,0.039223,0.040591,0.998406,70.410,96.778,2.122,5180.5
grabacion_experimento_ESP32CAM_1_ROI_640x480.mp4,19,633.333,True,349.000,235.000,0.000,367.000,223.000,360,241,0.031745,0.030297,0.999037,68.545,98.235,0.469,5126.5
grabacion_experimento_ESP32CAM_1_ROI_640x480.mp4,20,666.667,True,349.000,235.000,0.000,365.000,227.000,360,240,0.024278,0.015435,0.999586,69.415,100.469,1.173,5310.0
grabacion_experimento_ESP32CAM_1_ROI_640x480.mp4,21,700.000,True,349.000,235.000,0.000,364.000,227.000,363,250,0.020560,0.015434,0.999669,68.449,94.970,179.436,4903.5
grabacion_experimento_ESP32CAM_1_ROI_640x480.mp4,22,733.333,True,349.000,235.000,0.000,363.000,228.000,361,240,0.016840,0.011720,0.999790,67.736,90.184,175.988,4605.5
grabacion_experimento_ESP32CAM_1_ROI_640x480.mp4,23,766.667,True,349.000,235.000,0.000,363.000,228.000,362,242,0.016840,0.011720,0.999790,66.897,89.824,176.183,4532.5
grabacion_experimento_ESP32CAM_1_ROI_640x480.mp4,24,800.000,True,350.000,235.000,0.000,363.000,228.000,359,257,0.011913,0.011718,0.999860,66.656,88.705,177.155,4468.5
grabacion_experimento_ESP32CAM_1_ROI_640x480.mp4,25,833.333,True,350.000,235.000,0.000,363.000,229.000,372,232,0.011910,0.008007,0.999897,62.248,83.817,170.872,3634.5
grabacion_experimento_ESP32CAM_1_ROI_640x480.mp4,26,866.667,True,350.000,235.000,0.000,363.000,230.000,373,230,0.011908,0.004296,0.999920,63.958,83.765,169.587,3722.5
grabacion_experimento_ESP32CAM_1_ROI_640x480.mp4,27,900.000,True,350.000,235.000,0.000,363.000,230.000,360,242,0.011908,0.004296,0.999920,63.693,85.401,172.115,3807.0
grabacion_experimento_ESP32CAM_1_ROI_640x480.mp4,28,933.333,True,351.000,234.000,0.000,363.000,230.000,360,242,0.006982,-0.002268,0.999973,63.802,86.644,171.421,3849.0
grabacion_experimento_ESP32CAM_1_ROI_640x480.mp4,29,966.667,True,351.000,234.000,0.000,363.000,229.000,360,241,0.006982,0.001443,0.999975,67.905,92.548,178.875,4718.0
grabacion_experimento_ESP32CAM_1_ROI_640x480.mp4,30,1000.000,False,351.000,234.000,,,,,,,,,,,,
grabacion_experimento_ESP32CAM_1_ROI_640x480.mp4,31,1033.333,True,351.000,234.000,0.000,363.000,232.000,354,246,0.006986,-0.009689,0.999929,45.281,92.560,102.213,2836.5
grabacion_experimento_ESP32CAM_1_ROI_640x480.mp4,32,1066.667,True,351.000,234.000,0.000,364.000,230.000,356,204,0.010696,-0.002267,0.999940,69.410,97.059,4.152,5037.5
grabacion_experimento_ESP32CAM_1_ROI_640x480.mp4,33,1100.000,True,352.000,234.000,0.000,364.000,229.000,356,204,0.005771,0.001443,0.999982,68.822,96.876,1.694,4985.5
grabacion_experimento_ESP32CAM_1_ROI_640x480.mp4,34,1133.333,True,352.000,234.000,0.000,365.000,228.000,369,258,0.009484,0.005154,0.999942,69.632,96.824,2.651,5117.0
grabacion_experimento_ESP32CAM_1_ROI_640x480.mp4,35,1166.667,True,352.000,234.000,0.000,365.000,229.000,356,202,0.009483,0.001443,0.999954,69.496,96.264,1.551,5056.5
grabacion_experimento_ESP32CAM_1_ROI_640x480.mp4,36,1200.000,True,352.000,234.000,0.000,365.000,224.000,371,232,0.009499,0.020002,0.999755,69.746,98.012,3.626,5171.5
grabacion_experimento_ESP32CAM_1_ROI_640x480.mp4,37,1233.333,True,352.000,234.000,0.000,365.000,224.000,361,252,0.009499,0.020002,0.999755,69.716,96.336,2.119,5073.0
grabacion_experimento_ESP32CAM_1_ROI_640x480.mp4,38,1266.667,True,353.000,234.000,0.000,366.000,224.000,360,249,0.008287,0.020002,0.999766,69.306,99.291,2.511,5208.0
grabacion_experimento_ESP32CAM_1_ROI_640x480.mp4,39,1300.000,True,353.000,234.000,0.000,366.000,223.000,359,249,0.008294,0.023716,0.999684,69.675,99.593,2.410,5212.5
grabacion_experimento_ESP32CAM_1_ROI_640x480.mp4,40,1333.333,True,353.000,233.000,0.000,366.000,223.000,360,249,0.008283,0.017149,0.999819,69.590,100.365,3.101,5260.5
grabacion_experimento_ESP32CAM_1_ROI_640x480.mp4,41,1366.667,True,353.000,233.000,0.000,366.000,223.000,360,249,0.008283,0.017149,0.999819,69.872,98.298,2.177,5189.0
grabacion_experimento_ESP32CAM_1_ROI_640x480.mp4,42,1400.000,True,353.000,233.000,0.000,366.000,223.000,358,258,0.008283,0.017149,0.999819,69.664,100.258,1.829,5309.5
grabacion_experimento_ESP32CAM_1_ROI_640x480.mp4,43,1433.333,True,353.000,233.000,0.000,366.000,223.000,363,240,0.008283,0.017149,0.999819,68.699,99.083,1.125,5172.5
grabacion_experimento_ESP32CAM_1_ROI_640x480.mp4,44,1466.667,True,354.000,233.000,0.000,368.000,226.000,360,240,0.010774,0.006014,0.999924,72.828,94.980,0.200,5069.0
grabacion_experimento_ESP32CAM_1_ROI_640x480.mp4,45,1500.000,True,354.000,233.000,0.000,370.000,229.000,358,241,0.018205,-0.005117,0.999821,72.950,94.267,176.011,5049.5
grabacion_experimento_ESP32CAM_1_ROI_640x480.mp4,46,1533.333,True,354.000,233.000,0.000,373.000,232.000,358,239,0.029373,-0.016244,0.999437,72.056,86.715,179.648,4585.0
grabacion_experimento_ESP32CAM_1_ROI_640x480.mp4,47,1566.667,True,354.000,233.000,0.000,400.000,267.000,514,393,0.132236,-0.147046,0.980251,70.705,114.807,104.579,5310.0
grabacion_experimento_ESP32CAM_1_ROI_640x480.mp4,48,1600.000,False,354.000,233.000,,,,,,,,,,,,
grabacion_experimento_ESP32CAM_1_ROI_640x480.mp4,49,1633.333,False,354.000,233.000,,,,,,,,,,,,
grabacion_experimento_ESP32CAM_1_ROI_640x480.mp4,50,1666.667,True,355.000,233.000,0.000,401.000,267.000,362,249,0.131036,-0.147038,0.980413,72.561,89.956,169.946,4648.0
grabacion_experimento_ESP32CAM_1_ROI_640x480.mp4,51,1700.000,True,355.000,233.000,0.000,400.000,260.000,359,251,0.126718,-0.120683,0.984570,85.155,141.030,177.695,7114.0
grabacion_experimento_ESP32CAM_1_ROI_640x480.mp4,52,1733.333,True,355.000,233.000,0.000,399.000,258.000,360,256,0.122791,-0.113166,0.985959,68.076,88.015,0.549,4543.0
grabacion_experimento_ESP32CAM_1_ROI_640x480.mp4,53,1766.667,True,355.000,232.000,0.000,398.000,257.000,360,257,0.119038,-0.115989,0.986091,70.348,85.775,0.288,4461.0
grabacion_experimento_ESP32CAM_1_ROI_640x480.mp4,54,1800.000,True,355.000,232.000,0.000,371.000,224.000,360,258,0.016993,0.006875,0.999832,69.777,85.747,174.665,4442.0
grabacion_experimento_ESP32CAM_1_ROI_640x480.mp4,55,1833.333,True,355.000,232.000,0.000,370.000,225.000,361,260,0.013276,0.003162,0.999907,69.479,86.667,175.999,4480.0
grabacion_experimento_ESP32CAM_1_ROI_640x480.mp4,56,1866.667,True,355.000,232.000,0.000,370.000,232.000,369,255,0.013298,-0.022810,0.999651,69.546,87.392,176.930,4563.0
grabacion_experimento_ESP32CAM_1_ROI_640x480.mp4,57,1900.000,True,355.000,232.000,0.000,369.000,232.000,361,238,0.009583,-0.022810,0.999694,68.536,87.643,3.181,4544.0
grabacion_experimento_ESP32CAM_1_ROI_640x480.mp4,58,1933.333,True,356.000,232.000,0.000,367.000,231.000,366,238,-0.002771,-0.019101,0.999814,67.104,92.373,0.962,4749.5
grabacion_experimento_ESP32CAM_1_ROI_640x480.mp4,59,1966.667,True,356.000,232.000,0.000,366.000,231.000,356,234,-0.006481,-0.019101,0.999797,67.116,91.415,178.117,4640.5
grabacion_experimento_ESP32CAM_1_ROI_640x480.mp4,60,2000.000,True,356.000,232.000,0.000,364.000,230.000,361,237,-0.013902,-0.015390,0.999785,67.531,93.323,178.009,4761.0
grabacion_experimento_ESP32CAM_1_ROI_640x480.mp4,61,2033.333,True,356.000,232.000,0.000,362.000,229.000,362,238,-0.021318,-0.011677,0.999705,67.091,92.044,0.064,4697.5
grabacion_experimento_ESP32CAM_1_ROI_640x480.mp4,62,2066.667,True,356.000,232.000,0.000,361.000,228.000,363,237,-0.025026,-0.007965,0.999655,67.316,91.416,179.355,4693.0
grabacion_experimento_ESP32CAM_1_ROI_640x480.mp4,63,2100.000,True,356.000,232.000,0.000,361.000,228.000,361,236,-0.025026,-0.007965,0.999655,65.651,90.330,0.149,4568.5
grabacion_experimento_ESP32CAM_1_ROI_640x480.mp4,64,2133.333,True,356.000,232.000,0.000,361.000,228.000,361,236,-0.025026,-0.007965,0.999655,66.679,91.651,0.992,4642.5
grabacion_experimento_ESP32CAM_1_ROI_640x480.mp4,65,2166.667,True,356.000,232.000,0.000,364.000,230.000,368,244,-0.013902,-0.015390,0.999785,69.236,86.170,176.949,4426.0
grabacion_experimento_ESP32CAM_1_ROI_640x480.mp4,66,2200.000,True,357.000,232.000,0.000,367.000,231.000,367,241,-0.007691,-0.019101,0.999788,70.428,86.331,179.640,4497.0
grabacion_experimento_ESP32CAM_1_ROI_640x480.mp4,67,2233.333,True,357.000,232.000,0.000,370.000,232.000,368,241,0.003447,-0.022811,0.999734,70.252,85.996,176.063,4451.0
grabacion_experimento_ESP32CAM_1_ROI_640x480.mp4,68,2266.667,True,357.000,232.000,0.000,373.000,233.000,369,246,0.014598,-0.026520,0.999542,71.268,87.250,174.011,4566.0
grabacion_experimento_ESP32CAM_1_ROI_640x480.mp4,69,2300.000,True,357.000,232.000,0.000,381.000,232.000,386,235,0.044372,-0.022798,0.998755,55.819,88.925,8.873,3410.0
grabacion_experimento_ESP32CAM_1_ROI_640x480.mp4,70,2333.333,True,357.000,232.000,0.000,387.000,231.000,420,231,0.066784,-0.019067,0.997585,54.429,89.145,7.857,3353.0
grabacion_experimento_ESP32CAM_1_ROI_640x480.mp4,71,2366.667,True,357.000,232.000,0.000,392.000,229.000,414,217,0.085522,-0.011612,0.996269,50.574,81.921,8.830,2970.5
grabacion_experimento_ESP32CAM_1_ROI_640x480.mp4,72,2400.000,True,357.000,232.000,0.000,398.000,227.000,414,218,0.108113,-0.004130,0.994130,49.568,77.808,8.909,2773.0
grabacion_experimento_ESP32CAM_1_ROI_640x480.mp4,73,2433.333,True,357.000,232.000,0.000,405.000,225.000,418,213,0.134633,0.003396,0.990890,44.542,75.511,4.085,2454.5
grabacion_experimento_ESP32CAM_1_ROI_640x480.mp4,74,2466.667,True,357.000,232.000,0.000,408.000,224.000,421,214,0.146062,0.007167,0.989250,44.336,73.116,1.774,2392.0
grabacion_experimento_ESP32CAM_1_ROI_640x480.mp4,75,2500.000,True,357.000,232.000,0.000,409.000,223.000,421,214,0.149884,0.010914,0.988643,43.872,67.598,179.864,2205.0
grabacion_experimento_ESP32CAM_1_ROI_640x480.mp4,76,2533.333,True,357.000,232.000,0.000,411.000,222.000,421,216,0.157539,0.014683,0.987404,42.571,64.955,174.447,2058.5
grabacion_experimento_ESP32CAM_1_ROI_640x480.mp4,77,2566.667,True,358.000,232.000,0.000,412.000,222.000,421,218,0.156319,0.014677,0.987598,42.244,62.693,171.687,1918.5
grabacion_experimento_ESP32CAM_1_ROI_640x480.mp4,78,2600.000,True,358.000,231.000,0.000,412.000,221.000,421,220,0.156313,0.011846,0.987637,42.377,63.334,172.318,1910.0
grabacion_experimento_ESP32CAM_1_ROI_640x480.mp4,79,2633.333,True,358.000,231.000,0.000,412.000,222.000,419,221,0.156307,0.008112,0.987675,42.031,60.091,170.174,1846.0
grabacion_experimento_ESP32CAM_1_ROI_640x480.mp4,80,2666.667,True,358.000,231.000,0.000,412.000,222.000,419,222,0.156307,0.008112,0.987675,41.337,60.777,168.561,1796.5
grabacion_experimento_ESP32CAM_1_ROI_640x480.mp4,81,2700.000,True,358.000,231.000,0.000,412.000,221.000,423,219,0.156313,0.011846,0.987637,38.370,63.577,177.040,1848.5
grabacion_experimento_ESP32CAM_1_ROI_640x480.mp4,82,2733.333,False,358.000,231.000,,,,,,,,,,,,
grabacion_experimento_ESP32CAM_1_ROI_640x480.mp4,83,2766.667,True,358.000,231.000,0.000,411.000,220.000,421,225,0.152495,0.015559,0.988182,36.757,73.447,150.204,1707.5
grabacion_experimento_ESP32CAM_1_ROI_640x480.mp4,84,2800.000,True,358.000,231.000,0.000,412.000,218.000,425,221,0.156345,0.023049,0.987434,38.715,67.247,3.019,1937.5
grabacion_experimento_ESP32CAM_1_ROI_640x480.mp4,85,2833.333,True,358.000,231.000,0.000,412.000,217.000,423,222,0.156360,0.026785,0.987337,38.945,61.426,174.203,1693.0
grabacion_experimento_ESP32CAM_1_ROI_640x480.mp4,86,2866.667,True,358.000,231.000,0.000,412.000,216.000,424,224,0.156378,0.030523,0.987226,39.185,59.888,174.004,1680.5
grabacion_experimento_ESP32CAM_1_ROI_640x480.mp4,87,2900.000,True,358.000,231.000,0.000,412.000,217.000,423,225,0.156360,0.026785,0.987337,39.420,59.354,173.440,1692.0
grabacion_experimento_ESP32CAM_1_ROI_640x480.mp4,88,2933.333,True,358.000,231.000,0.000,413.000,218.000,423,226,0.160176,0.023073,0.986819,39.498,60.184,175.323,1741.5
grabacion_experimento_ESP32CAM_1_ROI_640x480.mp4,89,2966.667,True,358.000,231.000,0.000,412.000,219.000,422,227,0.156332,0.019314,0.987516,40.598,60.581,171.212,1758.0
grabacion_experimento_ESP32CAM_1_ROI_640x480.mp4,90,3000.000,True,358.000,231.000,0.000,412.000,220.000,422,226,0.156321,0.015579,0.987583,39.563,60.937,175.070,1763.5
grabacion_experimento_ESP32CAM_1_ROI_640x480.mp4,91,3033.333,True,358.000,231.000,0.000,412.000,221.000,422,226,0.156313,0.011846,0.987637,40.730,59.999,173.194,1754.0
grabacion_experimento_ESP32CAM_1_ROI_640x480.mp4,92,3066.667,True,358.000,231.000,0.000,412.000,221.000,422,225,0.156313,0.011846,0.987637,40.464,61.193,171.319,1803.5
grabacion_experimento_ESP32CAM_1_ROI_640x480.mp4,93,3100.000,True,358.000,231.000,0.000,411.000,221.000,423,224,0.152487,0.011826,0.988235,40.274,61.165,170.343,1794.5
grabacion_experimento_ESP32CAM_1_ROI_640x480.mp4,94,3133.333,True,358.000,231.000,0.000,411.000,221.000,422,224,0.152487,0.011826,0.988235,41.282,61.886,173.211,1863.5
grabacion_experimento_ESP32CAM_1_ROI_640x480.mp4,95,3166.667,True,359.000,231.000,0.000,411.000,220.000,422,226,0.147453,0.015532,0.988947,40.212,61.858,176.527,1769.0
grabacion_experimento_ESP32CAM_1_ROI_640x480.mp4,96,3200.000,True,359.000,231.000,0.000,411.000,219.000,422,227,0.147464,0.019264,0.988880,38.825,61.395,174.734,1683.5
grabacion_experimento_ESP32CAM_1_ROI_640x480.mp4,97,3233.333,True,359.000,231.000,0.000,412.000,219.000,422,228,0.151285,0.019285,0.988302,40.433,63.003,170.906,1751.5
grabacion_experimento_ESP32CAM_1_ROI_640x480.mp4,98,3266.667,True,359.000,231.000,0.000,412.000,218.000,421,228,0.151298,0.023019,0.988220,39.915,62.104,176.072,1774.5
grabacion_experimento_ESP32CAM_1_ROI_640x480.mp4,99,3300.000,True,359.000,231.000,0.000,412.000,218.000,421,228,0.151298,0.023019,0.988220,41.007,63.942,173.380,1831.0
grabacion_experimento_ESP32CAM_1_ROI_640x480.mp4,100,3333.333,True,359.000,231.000,0.000,412.000,218.000,422,228,0.151298,0.023019,0.988220,40.396,66.064,173.012,1851.0
grabacion_experimento_ESP32CAM_1_ROI_640x480.mp4,101,3366.667,True,359.000,231.000,0.000,411.000,217.000,421,226,0.147492,0.026731,0.988702,38.366,65.959,177.419,1855.0
grabacion_experimento_ESP32CAM_1_ROI_640x480.mp4,102,3400.000,True,359.000,231.000,0.000,411.000,217.000,422,220,0.147492,0.026731,0.988702,37.158,69.580,2.289,1935.0
grabacion_experimento_ESP32CAM_1_ROI_640x480.mp4,103,3433.333,True,359.000,231.000,0.000,411.000,217.000,420,220,0.147492,0.026731,0.988702,37.642,68.776,2.083,1930.0
grabacion_experimento_ESP32CAM_1_ROI_640x480.mp4,104,3466.667,True,359.000,231.000,0.000,411.000,216.000,421,220,0.147509,0.030466,0.988591,37.063,69.802,3.111,1946.0
grabacion_experimento_ESP32CAM_1_ROI_640x480.mp4,105,3500.000,True,359.000,231.000,0.000,411.000,216.000,419,219,0.147509,0.030466,0.988591,37.574,68.589,2.600,1932.5
grabacion_experimento_ESP32CAM_1_ROI_640x480.mp4,106,3533.333,True,359.000,231.000,0.000,411.000,215.000,420,224,0.147529,0.034202,0.988466,39.464,72.119,2.064,2149.0
grabacion_experimento_ESP32CAM_1_ROI_640x480.mp4,107,3566.667,True,359.000,231.000,0.000,410.000,215.000,419,230,0.143711,0.034177,0.989029,39.409,73.082,1.762,2173.0
grabacion_experimento_ESP32CAM_1_ROI_640x480.mp4,108,3600.000,True,359.000,231.000,0.000,410.000,215.000,420,230,0.143711,0.034177,0.989029,40.505,75.335,1.684,2317.5
grabacion_experimento_ESP32CAM_1_ROI_640x480.mp4,109,3633.333,True,359.000,231.000,0.000,407.000,214.000,399,198,0.132303,0.037842,0.990487,37.927,65.009,12.800,1536.0
grabacion_experimento_ESP32CAM_1_ROI_640x480.mp4,110,3666.667,True,359.000,231.000,0.000,399.000,210.000,355,189,0.102091,0.052600,0.993383,55.281,71.175,177.906,2625.0
grabacion_experimento_ESP32CAM_1_ROI_640x480.mp4,111,3700.000,True,359.000,231.000,0.000,391.000,206.000,355,189,0.072102,0.067387,0.995118,54.730,69.087,176.618,2499.0
grabacion_experimento_ESP32CAM_1_ROI_640x480.mp4,112,3733.333,True,359.000,231.000,0.000,383.000,202.000,363,186,0.042284,0.082224,0.995716,57.302,72.013,5.948,2960.0
grabacion_experimento_ESP32CAM_1_ROI_640x480.mp4,113,3766.667,True,359.000,231.000,0.000,375.000,198.000,355,189,0.012590,0.097134,0.995192,57.256,72.043,5.803,2957.0
grabacion_experimento_ESP32CAM_1_ROI_640x480.mp4,114,3800.000,True,359.000,231.000,0.000,371.000,195.000,365,184,-0.002191,0.108375,0.994108,52.925,69.515,0.096,2511.0
grabacion_experimento_ESP32CAM_1_ROI_640x480.mp4,115,3833.333,True,359.000,231.000,0.000,370.000,195.000,361,184,-0.005910,0.108376,0.994092,52.094,63.192,166.805,2232.5
grabacion_experimento_ESP32CAM_1_ROI_640x480.mp4,116,3866.667,True,359.000,231.000,0.000,370.000,194.000,361,184,-0.005874,0.112130,0.993676,52.732,66.809,172.409,2268.0
grabacion_experimento_ESP32CAM_1_ROI_640x480.mp4,117,3900.000,True,359.000,231.000,0.000,369.000,194.000,362,184,-0.009593,0.112132,0.993647,51.243,66.210,170.648,2219.5
grabacion_experimento_ESP32CAM_1_ROI_640x480.mp4,118,3933.333,True,360.000,231.000,0.000,369.000,194.000,362,185,-0.014510,0.112137,0.993587,51.452,68.147,1.278,2275.5
grabacion_experimento_ESP32CAM_1_ROI_640x480.mp4,119,3966.667,True,360.000,231.000,0.000,369.000,194.000,360,187,-0.014510,0.112137,0.993587,51.011,67.367,177.613,2276.5
grabacion_experimento_ESP32CAM_1_ROI_640x480.mp4,120,4000.000,True,360.000,231.000,0.000,369.000,194.000,354,192,-0.014510,0.112137,0.993587,51.148,67.683,1.705,2291.0
grabacion_experimento_ESP32CAM_1_ROI_640x480.mp4,121,4033.333,True,360.000,231.000,0.000,369.000,194.000,356,191,-0.014510,0.112137,0.993587,53.239,64.812,178.226,2190.5
grabacion_experimento_ESP32CAM_1_ROI_640x480.mp4,122,4066.667,True,360.000,231.000,0.000,369.000,195.000,357,190,-0.014545,0.108383,0.994003,52.861,67.145,175.699,2307.0
grabacion_experimento_ESP32CAM_1_ROI_640x480.mp4,123,4100.000,True,360.000,231.000,0.000,369.000,195.000,357,190,-0.014545,0.108383,0.994003,52.349,67.349,175.109,2280.5
grabacion_experimento_ESP32CAM_1_ROI_640x480.mp4,124,4133.333,True,360.000,231.000,0.000,369.000,195.000,357,191,-0.014545,0.108383,0.994003,53.433,67.930,177.057,2385.5
grabacion_experimento_ESP32CAM_1_ROI_640x480.mp4,125,4166.667,True,360.000,231.000,0.000,369.000,195.000,357,189,-0.014545,0.108383,0.994003,54.785,67.549,175.688,2416.5
grabacion_experimento_ESP32CAM_1_ROI_640x480.mp4,126,4200.000,True,360.000,231.000,0.000,369.000,196.000,357,191,-0.014579,0.104632,0.994404,54.333,70.577,175.753,2488.5
grabacion_experimento_ESP32CAM_1_ROI_640x480.mp4,127,4233.333,True,360.000,231.000,0.000,368.000,196.000,357,191,-0.018294,0.104636,0.994342,56.779,71.432,177.553,2596.5
grabacion_experimento_ESP32CAM_1_ROI_640x480.mp4,128,4266.667,True,360.000,231.000,0.000,368.000,196.000,358,189,-0.018294,0.104636,0.994342,58.116,69.439,171.888,2608.5
grabacion_experimento_ESP32CAM_1_ROI_640x480.mp4,129,4300.000,True,360.000,231.000,0.000,368.000,196.000,358,189,-0.018294,0.104636,0.994342,58.624,73.272,0.519,3149.0
grabacion_experimento_ESP32CAM_1_ROI_640x480.mp4,130,4333.333,True,360.000,231.000,0.000,368.000,196.000,358,189,-0.018294,0.104636,0.994342,59.970,74.327,5.041,3215.0
grabacion_experimento_ESP32CAM_1_ROI_640x480.mp4,131,4366.667,True,360.000,230.000,0.000,368.000,196.000,361,214,-0.018350,0.098023,0.995015,61.558,74.415,6.294,3338.5
grabacion_experimento_ESP32CAM_1_ROI_640x480.mp4,132,4400.000,True,360.000,230.000,0.000,368.000,196.000,360,186,-0.018350,0.098023,0.995015,61.889,75.899,179.927,3374.0
grabacion_experimento_ESP32CAM_1_ROI_640x480.mp4,133,4433.333,True,360.000,230.000,0.000,368.000,196.000,361,187,-0.018350,0.098023,0.995015,62.678,75.071,1.240,3358.5
grabacion_experimento_ESP32CAM_1_ROI_640x480.mp4,134,4466.667,True,360.000,230.000,0.000,368.000,196.000,361,186,-0.018350,0.098023,0.995015,62.271,75.400,174.921,3413.5
grabacion_experimento_ESP32CAM_1_ROI_640x480.mp4,135,4500.000,True,360.000,230.000,0.000,368.000,196.000,361,186,-0.018350,0.098023,0.995015,61.259,74.823,0.931,3395.5
grabacion_experimento_ESP32CAM_1_ROI_640x480.mp4,136,4533.333,True,360.000,230.000,0.000,369.000,196.000,360,187,-0.014636,0.098018,0.995077,61.940,75.364,179.314,3445.0
grabacion_experimento_ESP32CAM_1_ROI_640x480.mp4,137,4566.667,True,360.000,230.000,0.000,369.000,196.000,361,187,-0.014636,0.098018,0.995077,61.946,74.906,179.231,3420.5
grabacion_experimento_ESP32CAM_1_ROI_640x480.mp4,138,4600.000,True,360.000,230.000,0.000,369.000,197.000,361,186,-0.014667,0.094272,0.995438,61.850,75.435,1.993,3361.0
grabacion_experimento_ESP32CAM_1_ROI_640x480.mp4,139,4633.333,True,360.000,230.000,0.000,369.000,197.000,361,188,-0.014667,0.094272,0.995438,61.590,73.305,175.005,3239.5
grabacion_experimento_ESP32CAM_1_ROI_640x480.mp4,140,4666.667,True,360.000,230.000,0.000,368.000,197.000,361,188,-0.018380,0.094277,0.995376,60.516,72.127,175.776,3128.5
grabacion_experimento_ESP32CAM_1_ROI_640x480.mp4,141,4700.000,True,360.000,230.000,0.000,368.000,197.000,360,187,-0.018380,0.094277,0.995376,60.383,72.197,178.463,3109.0
grabacion_experimento_ESP32CAM_1_ROI_640x480.mp4,142,4733.333,True,360.000,230.000,0.000,368.000,197.000,354,194,-0.018380,0.094277,0.995376,60.655,72.182,2.695,3121.0
grabacion_experimento_ESP32CAM_1_ROI_640x480.mp4,143,4766.667,True,360.000,230.000,0.000,368.000,197.000,360,188,-0.018380,0.094277,0.995376,60.420,72.688,177.598,3076.5
grabacion_experimento_ESP32CAM_1_ROI_640x480.mp4,144,4800.000,True,360.000,230.000,0.000,367.000,197.000,360,188,-0.022093,0.094282,0.995300,61.348,73.739,175.770,3208.0
grabacion_experimento_ESP32CAM_1_ROI_640x480.mp4,145,4833.333,True,360.000,230.000,0.000,367.000,197.000,355,193,-0.022093,0.094282,0.995300,61.708,74.579,175.512,3235.5
grabacion_experimento_ESP32CAM_1_ROI_640x480.mp4,146,4866.667,True,360.000,230.000,0.000,367.000,197.000,356,193,-0.022093,0.094282,0.995300,60.892,77.243,177.384,3412.5
grabacion_experimento_ESP32CAM_1_ROI_640x480.mp4,147,4900.000,True,360.000,230.000,0.000,367.000,197.000,356,193,-0.022093,0.094282,0.995300,63.143,77.335,3.545,3460.0
grabacion_experimento_ESP32CAM_1_ROI_640x480.mp4,148,4933.333,True,360.000,230.000,0.000,368.000,197.000,356,193,-0.018380,0.094277,0.995376,62.075,78.325,2.071,3488.5
grabacion_experimento_ESP32CAM_1_ROI_640x480.mp4,149,4966.667,True,360.000,230.000,0.000,368.000,197.000,355,193,-0.018380,0.094277,0.995376,61.420,78.415,178.906,3486.0
grabacion_experimento_ESP32CAM_1_ROI_640x480.mp4,150,5000.000,True,360.000,230.000,0.000,368.000,197.000,361,187,-0.018380,0.094277,0.995376,62.830,77.326,0.081,3511.5
grabacion_experimento_ESP32CAM_1_ROI_640x480.mp4,151,5033.333,True,360.000,230.000,0.000,368.000,197.000,357,191,-0.018380,0.094277,0.995376,62.320,76.285,6.237,3434.0
grabacion_experimento_ESP32CAM_1_ROI_640x480.mp4,152,5066.667,True,360.000,230.000,0.000,368.000,197.000,355,194,-0.018380,0.094277,0.995376,61.685,77.225,3.082,3404.5
grabacion_experimento_ESP32CAM_1_ROI_640x480.mp4,153,5100.000,True,360.000,230.000,0.000,361.000,193.000,341,167,-0.044244,0.109342,0.993019,44.214,79.817,168.729,2044.5
grabacion_experimento_ESP32CAM_1_ROI_640x480.mp4,154,5133.333,True,360.000,230.000,0.000,353.000,187.000,329,153,-0.073767,0.132093,0.988489,46.603,87.848,175.693,2761.0
grabacion_experimento_ESP32CAM_1_ROI_640x480.mp4,155,5166.667,True,360.000,230.000,0.000,345.000,182.000,321,149,-0.103378,0.151288,0.983069,43.992,95.728,177.315,2860.0
grabacion_experimento_ESP32CAM_1_ROI_640x480.mp4,156,5200.000,True,360.000,230.000,0.000,337.000,176.000,318,151,-0.133078,0.174551,0.975614,49.014,83.591,174.151,2887.0
grabacion_experimento_ESP32CAM_1_ROI_640x480.mp4,157,5233.333,False,361.000,230.000,,,,,,,,,,,,
grabacion_experimento_ESP32CAM_1_ROI_640x480.mp4,158,5266.667,True,361.000,230.000,0.000,334.000,184.000,328,221,-0.149321,0.144279,0.978206,42.612,64.542,103.571,1476.5
grabacion_experimento_ESP32CAM_1_ROI_640x480.mp4,159,5300.000,True,361.000,230.000,0.000,332.000,181.000,314,164,-0.156757,0.155823,0.975267,63.045,88.139,179.250,3689.0
grabacion_experimento_ESP32CAM_1_ROI_640x480.mp4,160,5333.333,True,361.000,230.000,0.000,332.000,179.000,324,150,-0.156731,0.163461,0.974021,51.697,92.164,178.652,3279.0
grabacion_experimento_ESP32CAM_1_ROI_640x480.mp4,161,5366.667,True,361.000,230.000,0.000,331.000,179.000,321,150,-0.160475,0.163526,0.973400,51.072,99.749,1.327,3265.0
grabacion_experimento_ESP32CAM_1_ROI_640x480.mp4,162,5400.000,True,361.000,230.000,0.000,330.000,178.000,322,148,-0.164209,0.167420,0.972114,50.762,91.364,177.288,3192.0
grabacion_experimento_ESP32CAM_1_ROI_640x480.mp4,163,5433.333,True,361.000,230.000,0.000,324.000,165.000,322,149,-0.186664,0.218124,0.957903,51.128,93.545,177.190,3241.5
grabacion_experimento_ESP32CAM_1_ROI_640x480.mp4,164,5466.667,True,361.000,230.000,0.000,323.000,167.000,318,149,-0.190452,0.210434,0.958877,51.478,92.587,177.611,3321.0
grabacion_experimento_ESP32CAM_1_ROI_640x480.mp4,165,5500.000,True,361.000,230.000,0.000,323.000,168.000,318,149,-0.190456,0.206548,0.959721,50.300,94.830,177.562,3279.0
grabacion_experimento_ESP32CAM_1_ROI_640x480.mp4,166,5533.333,True,361.000,230.000,0.000,323.000,168.000,317,149,-0.190456,0.206548,0.959721,51.173,95.483,177.619,3365.0
grabacion_experimento_ESP32CAM_1_ROI_640x480.mp4,167,5566.667,True,361.000,230.000,0.000,323.000,168.000,318,149,-0.190456,0.206548,0.959721,50.250,93.974,176.793,3266.0
grabacion_experimento_ESP32CAM_1_ROI_640x480.mp4,168,5600.000,True,361.000,230.000,0.000,322.000,167.000,316,150,-0.194231,0.210533,0.958097,50.841,96.719,3.090,3459.0
grabacion_experimento_ESP32CAM_1_ROI_640x480.mp4,169,5633.333,True,361.000,230.000,0.000,322.000,167.000,322,149,-0.194231,0.210533,0.958097,50.113,94.214,178.135,3307.5
grabacion_experimento_ESP32CAM_1_ROI_640x480.mp4,170,5666.667,True,361.000,230.000,0.000,322.000,167.000,321,149,-0.194231,0.210533,0.958097,51.276,92.609,178.851,3338.5
grabacion_experimento_ESP32CAM_1_ROI_640x480.mp4,171,5700.000,True,361.000,230.000,0.000,321.000,167.000,323,149,-0.198013,0.210633,0.957301,50.079,89.209,4.562,3280.5
grabacion_experimento_ESP32CAM_1_ROI_640x480.mp4,172,5733.333,True,361.000,230.000,0.000,321.000,166.000,324,149,-0.198011,0.214528,0.956436,51.272,91.377,0.502,3294.0
grabacion_experimento_ESP32CAM_1_ROI_640x480.mp4,173,5766.667,True,361.000,230.000,0.000,321.000,167.000,323,149,-0.198013,0.210633,0.957301,50.843,89.345,178.538,3229.0
grabacion_experimento_ESP32CAM_1_ROI_640x480.mp4,174,5800.000,True,361.000,230.000,0.000,321.000,167.000,322,149,-0.198013,0.210633,0.957301,49.587,91.816,0.103,3230.0
grabacion_experimento_ESP32CAM_1_ROI_640x480.mp4,175,5833.333,True,361.000,230.000,0.000,321.000,167.000,322,145,-0.198013,0.210633,0.957301,49.182,86.625,0.919,3119.5
grabacion_experimento_ESP32CAM_1_ROI_640x480.mp4,176,5866.667,True,361.000,230.000,0.000,321.000,167.000,326,146,-0.198013,0.210633,0.957301,49.647,89.050,178.095,3164.5
grabacion_experimento_ESP32CAM_1_ROI_640x480.mp4,177,5900.000,True,361.000,230.000,0.000,321.000,167.000,325,147,-0.198013,0.210633,0.957301,49.274,92.891,179.473,3166.5
grabacion_experimento_ESP32CAM_1_ROI_640x480.mp4,178,5933.333,True,361.000,230.000,0.000,321.000,167.000,326,147,-0.198013,0.210633,0.957301,50.376,87.349,179.196,3186.5
grabacion_experimento_ESP32CAM_1_ROI_640x480.mp4,179,5966.667,True,361.000,229.000,0.000,321.000,167.000,315,153,-0.198015,0.203887,0.958760,49.616,92.516,177.300,3219.5
grabacion_experimento_ESP32CAM_1_ROI_640x480.mp4,180,6000.000,True,361.000,229.000,0.000,321.000,167.000,313,149,-0.198015,0.203887,0.958760,49.773,95.216,179.121,3277.5
grabacion_experimento_ESP32CAM_1_ROI_640x480.mp4,181,6033.333,True,361.000,229.000,0.000,321.000,166.000,316,150,-0.198014,0.207775,0.957925,48.632,100.469,179.648,3353.0
grabacion_experimento_ESP32CAM_1_ROI_640x480.mp4,182,6066.667,True,361.000,229.000,0.000,322.000,166.000,318,149,-0.194233,0.207674,0.958721,50.786,99.649,1.880,3440.5
grabacion_experimento_ESP32CAM_1_ROI_640x480.mp4,183,6100.000,True,361.000,229.000,0.000,322.000,166.000,321,150,-0.194233,0.207674,0.958721,49.778,102.213,2.599,3408.0
grabacion_experimento_ESP32CAM_1_ROI_640x480.mp4,184,6133.333,True,361.000,229.000,0.000,322.000,167.000,321,150,-0.194236,0.203787,0.959554,51.719,96.979,177.846,3449.0
grabacion_experimento_ESP32CAM_1_ROI_640x480.mp4,185,6166.667,True,361.000,229.000,0.000,323.000,167.000,321,150,-0.190459,0.203689,0.960331,52.243,100.534,0.248,3528.0
grabacion_experimento_ESP32CAM_1_ROI_640x480.mp4,186,6200.000,True,361.000,229.000,0.000,323.000,168.000,324,151,-0.190464,0.199809,0.961145,52.610,99.248,178.124,3492.5
grabacion_experimento_ESP32CAM_1_ROI_640x480.mp4,187,6233.333,True,361.000,229.000,0.000,323.000,167.000,325,152,-0.190459,0.203689,0.960331,51.083,105.136,0.054,3554.5
grabacion_experimento_ESP32CAM_1_ROI_640x480.mp4,188,6266.667,True,361.000,229.000,0.000,323.000,167.000,326,152,-0.190459,0.203689,0.960331,52.159,107.149,0.268,3685.5
grabacion_experimento_ESP32CAM_1_ROI_640x480.mp4,189,6300.000,True,361.000,229.000,0.000,323.000,166.000,330,151,-0.190455,0.207574,0.959500,53.204,106.372,2.675,3678.5
grabacion_experimento_ESP32CAM_1_ROI_640x480.mp4,190,6333.333,True,361.000,229.000,0.000,323.000,167.000,330,151,-0.190459,0.203689,0.960331,52.838,107.788,2.076,3763.5
grabacion_experimento_ESP32CAM_1_ROI_640x480.mp4,191,6366.667,True,361.000,229.000,0.000,323.000,167.000,328,149,-0.190459,0.203689,0.960331,55.408,103.961,2.175,3789.5
grabacion_experimento_ESP32CAM_1_ROI_640x480.mp4,192,6400.000,True,361.000,229.000,0.000,323.000,167.000,328,149,-0.190459,0.203689,0.960331,56.353,107.663,0.806,3980.5
grabacion_experimento_ESP32CAM_1_ROI_640x480.mp4,193,6433.333,True,361.000,229.000,0.000,323.000,168.000,328,147,-0.190464,0.199809,0.961145,54.974,106.224,0.066,3909.5
grabacion_experimento_ESP32CAM_1_ROI_640x480.mp4,194,6466.667,True,361.000,229.000,0.000,323.000,168.000,329,146,-0.190464,0.199809,0.961145,56.438,104.130,177.490,3987.0
grabacion_experimento_ESP32CAM_1_ROI_640x480.mp4,195,6500.000,True,361.000,229.000,0.000,323.000,168.000,329,144,-0.190464,0.199809,0.961145,56.767,104.405,178.448,4033.5
grabacion_experimento_ESP32CAM_1_ROI_640x480.mp4,196,6533.333,True,361.000,229.000,0.000,323.000,168.000,322,144,-0.190464,0.199809,0.961145,58.729,108.254,1.390,4162.5
grabacion_experimento_ESP32CAM_1_ROI_640x480.mp4,197,6566.667,True,361.000,229.000,0.000,323.000,168.000,324,143,-0.190464,0.199809,0.961145,57.064,112.025,0.890,4214.0
grabacion_experimento_ESP32CAM_1_ROI_640x480.mp4,198,6600.000,True,361.000,229.000,0.000,323.000,168.000,323,145,-0.190464,0.199809,0.961145,58.796,112.889,2.384,4347.5
grabacion_experimento_ESP32CAM_1_ROI_640x480.mp4,199,6633.333,True,361.000,229.000,0.000,324.000,168.000,336,145,-0.186691,0.199714,0.961905,56.377,106.009,179.273,3836.0
grabacion_experimento_ESP32CAM_1_ROI_640x480.mp4,200,6666.667,True,361.000,229.000,0.000,335.000,173.000,373,237,-0.145436,0.179556,0.972938,71.968,153.313,169.322,6602.5
grabacion_experimento_ESP32CAM_1_ROI_640x480.mp4,201,6700.000,True,361.000,229.000,0.000,351.000,189.000,421,257,-0.086192,0.118001,0.989266,57.664,88.400,10.662,3786.5
grabacion_experimento_ESP32CAM_1_ROI_640x480.mp4,202,6733.333,True,361.000,229.000,0.000,367.000,206.000,417,245,-0.027247,0.054083,0.998165,56.373,86.634,9.537,3631.5
grabacion_experimento_ESP32CAM_1_ROI_640x480.mp4,203,6766.667,True,361.000,229.000,0.000,382.000,223.000,418,250,0.028312,-0.009093,0.999558,55.526,82.189,12.174,3469.0
grabacion_experimento_ESP32CAM_1_ROI_640x480.mp4,204,6800.000,True,361.000,229.000,0.000,397.000,240.000,417,249,0.084750,-0.072187,0.993784,55.299,83.422,11.173,3463.5
grabacion_experimento_ESP32CAM_1_ROI_640x480.mp4,205,6833.333,True,361.000,229.000,0.000,402.000,252.000,418,248,0.104225,-0.116971,0.987651,53.616,81.914,11.018,3348.5
grabacion_experimento_ESP32CAM_1_ROI_640x480.mp4,206,6866.667,True,361.000,229.000,0.000,402.000,252.000,414,243,0.104225,-0.116971,0.987651,52.676,80.728,10.380,3224.0
grabacion_experimento_ESP32CAM_1_ROI_640x480.mp4,207,6900.000,True,361.000,229.000,0.000,402.000,252.000,418,247,0.104225,-0.116971,0.987651,52.727,78.606,11.479,3164.5
grabacion_experimento_ESP32CAM_1_ROI_640x480.mp4,208,6933.333,True,361.000,229.000,0.000,402.000,252.000,418,247,0.104225,-0.116971,0.987651,51.327,77.817,11.895,3034.0
grabacion_experimento_ESP32CAM_1_ROI_640x480.mp4,209,6966.667,True,361.000,229.000,0.000,402.000,252.000,419,249,0.104225,-0.116971,0.987651,49.711,73.796,8.696,2800.0
grabacion_experimento_ESP32CAM_1_ROI_640x480.mp4,210,7000.000,True,361.000,229.000,0.000,402.000,251.000,419,248,0.104163,-0.113231,0.988094,51.105,75.403,11.040,2937.5
grabacion_experimento_ESP32CAM_1_ROI_640x480.mp4,211,7033.333,True,361.000,229.000,0.000,402.000,251.000,419,244,0.104163,-0.113231,0.988094,49.545,71.629,10.388,2720.0
grabacion_experimento_ESP32CAM_1_ROI_640x480.mp4,212,7066.667,True,361.000,229.000,0.000,403.000,250.000,418,244,0.107891,-0.109499,0.988114,50.085,71.594,7.949,2728.0
grabacion_experimento_ESP32CAM_1_ROI_640x480.mp4,213,7100.000,True,361.000,228.000,0.000,403.000,249.000,418,255,0.107937,-0.112336,0.987791,48.722,69.677,7.967,2599.0
grabacion_experimento_ESP32CAM_1_ROI_640x480.mp4,214,7133.333,True,361.000,228.000,0.000,403.000,249.000,417,248,0.107937,-0.112336,0.987791,49.429,70.278,8.611,2647.5
grabacion_experimento_ESP32CAM_1_ROI_640x480.mp4,215,7166.667,True,361.000,228.000,0.000,403.000,249.000,417,257,0.107937,-0.112336,0.987791,48.824,70.558,7.320,2596.5
grabacion_experimento_ESP32CAM_1_ROI_640x480.mp4,216,7200.000,True,361.000,228.000,0.000,403.000,249.000,417,257,0.107937,-0.112336,0.987791,48.129,70.019,6.802,2571.5
grabacion_experimento_ESP32CAM_1_ROI_640x480.mp4,217,7233.333,True,361.000,228.000,0.000,403.000,249.000,417,257,0.107937,-0.112336,0.987791,47.585,70.582,6.201,2564.5
grabacion_experimento_ESP32CAM_1_ROI_640x480.mp4,218,7266.667,True,361.000,228.000,0.000,403.000,249.000,416,255,0.107937,-0.112336,0.987791,48.507,69.567,5.701,2583.5
grabacion_experimento_ESP32CAM_1_ROI_640x480.mp4,219,7300.000,True,361.000,228.000,0.000,403.000,249.000,419,256,0.107937,-0.112336,0.987791,48.376,68.808,6.224,2535.0
grabacion_experimento_ESP32CAM_1_ROI_640x480.mp4,220,7333.333,False,361.000,228.000,,,,,,,,,,,,
grabacion_experimento_ESP32CAM_1_ROI_640x480.mp4,221,7366.667,True,361.000,228.000,0.000,420.000,267.000,509,338,0.174804,-0.180432,0.967930,61.804,145.122,119.533,5249.5
grabacion_experimento_ESP32CAM_1_ROI_640x480.mp4,222,7400.000,True,361.000,228.000,0.000,420.000,265.000,417,240,0.174558,-0.172839,0.969359,57.031,64.933,28.059,2752.5
grabacion_experimento_ESP32CAM_1_ROI_640x480.mp4,223,7433.333,True,361.000,228.000,0.000,421.000,264.000,413,231,0.178325,-0.169076,0.969337,48.893,71.868,9.679,2682.0
grabacion_experimento_ESP32CAM_1_ROI_640x480.mp4,224,7466.667,True,361.000,228.000,0.000,421.000,263.000,412,233,0.178208,-0.165286,0.970012,50.113,72.840,8.428,2760.5
grabacion_experimento_ESP32CAM_1_ROI_640x480.mp4,225,7500.000,True,361.000,228.000,0.000,421.000,262.000,413,234,0.178093,-0.161498,0.970671,51.531,74.016,9.664,2861.5
grabacion_experimento_ESP32CAM_1_ROI_640x480.mp4,226,7533.333,True,361.000,228.000,0.000,403.000,243.000,411,234,0.107604,-0.089933,0.990118,50.141,76.943,8.883,2936.0
grabacion_experimento_ESP32CAM_1_ROI_640x480.mp4,227,7566.667,True,361.000,228.000,0.000,402.000,244.000,412,236,0.103869,-0.093661,0.990171,50.476,74.504,8.356,2826.0
grabacion_experimento_ESP32CAM_1_ROI_640x480.mp4,228,7600.000,True,361.000,228.000,0.000,402.000,245.000,412,235,0.103920,-0.097391,0.989806,50.506,73.736,11.386,2817.5
grabacion_experimento_ESP32CAM_1_ROI_640x480.mp4,229,7633.333,True,361.000,228.000,0.000,402.000,246.000,415,236,0.103974,-0.101123,0.989426,49.396,73.036,9.242,2716.0
grabacion_experimento_ESP32CAM_1_ROI_640x480.mp4,230,7666.667,True,361.000,228.000,0.000,402.000,246.000,415,235,0.103974,-0.101123,0.989426,49.086,72.351,10.009,2686.5
grabacion_experimento_ESP32CAM_1_ROI_640x480.mp4,231,7700.000,True,361.000,228.000,0.000,402.000,247.000,416,236,0.104030,-0.104857,0.989031,48.356,71.990,9.247,2641.5
grabacion_experimento_ESP32CAM_1_ROI_640x480.mp4,232,7733.333,True,361.000,228.000,0.000,402.000,247.000,416,254,0.104030,-0.104857,0.989031,47.925,71.583,8.283,2605.5
grabacion_experimento_ESP32CAM_1_ROI_640x480.mp4,233,7766.667,True,361.000,228.000,0.000,403.000,247.000,414,247,0.107818,-0.104862,0.988625,48.904,73.457,7.345,2719.5
grabacion_experimento_ESP32CAM_1_ROI_640x480.mp4,234,7800.000,True,361.000,228.000,0.000,403.000,247.000,414,248,0.107818,-0.104862,0.988625,49.834,74.175,11.210,2805.5
grabacion_experimento_ESP32CAM_1_ROI_640x480.mp4,235,7833.333,True,361.000,228.000,0.000,403.000,247.000,414,254,0.107818,-0.104862,0.988625,49.829,74.396,9.403,2814.5
grabacion_experimento_ESP32CAM_1_ROI_640x480.mp4,236,7866.667,True,361.000,228.000,0.000,400.000,246.000,395,227,0.096410,-0.101116,0.990192,48.077,63.898,30.258,2207.0
grabacion_experimento_ESP32CAM_1_ROI_640x480.mp4,237,7900.000,True,361.000,228.000,0.000,392.000,242.000,357,240,0.066106,-0.086192,0.994083,57.158,69.099,169.743,2584.0
grabacion_experimento_ESP32CAM_1_ROI_640x480.mp4,238,7933.333,True,361.000,228.000,0.000,375.000,231.000,315,193,0.002387,-0.045338,0.998969,51.773,99.656,176.351,3550.5
grabacion_experimento_ESP32CAM_1_ROI_640x480.mp4,239,7966.667,True,361.000,228.000,0.000,357.000,221.000,324,193,-0.064368,-0.008178,0.997893,50.780,100.758,176.346,3562.0
grabacion_experimento_ESP32CAM_1_ROI_640x480.mp4,240,8000.000,True,361.000,228.000,0.000,340.000,210.000,325,194,-0.127284,0.033019,0.991317,51.124,96.935,176.703,3366.5
grabacion_experimento_ESP32CAM_1_ROI_640x480.mp4,241,8033.333,True,361.000,228.000,0.000,325.000,201.000,325,192,-0.183078,0.067259,0.980795,50.143,100.931,177.879,3435.5
grabacion_experimento_ESP32CAM_1_ROI_640x480.mp4,242,8066.667,True,361.000,228.000,0.000,316.000,195.000,323,170,-0.216833,0.090403,0.972014,48.955,100.795,177.479,3414.5
grabacion_experimento_ESP32CAM_1_ROI_640x480.mp4,243,8100.000,True,361.000,228.000,0.000,316.000,196.000,323,174,-0.216830,0.086618,0.972359,50.846,96.611,177.248,3338.5
grabacion_experimento_ESP32CAM_1_ROI_640x480.mp4,244,8133.333,True,361.000,228.000,0.000,316.000,196.000,314,192,-0.216830,0.086618,0.972359,50.214,96.043,176.927,3235.5
grabacion_experimento_ESP32CAM_1_ROI_640x480.mp4,245,8166.667,True,361.000,228.000,0.000,316.000,197.000,314,191,-0.216828,0.082835,0.972689,52.314,94.506,177.807,3266.5
grabacion_experimento_ESP32CAM_1_ROI_640x480.mp4,246,8200.000,True,361.000,228.000,0.000,316.000,197.000,314,196,-0.216828,0.082835,0.972689,51.402,96.001,177.900,3321.0
grabacion_experimento_ESP32CAM_1_ROI_640x480.mp4,247,8233.333,True,361.000,228.000,0.000,315.000,197.000,314,196,-0.220593,0.082899,0.971837,51.280,98.167,178.324,3395.5
grabacion_experimento_ESP32CAM_1_ROI_640x480.mp4,248,8266.667,True,361.000,228.000,0.000,315.000,198.000,314,198,-0.220590,0.079116,0.972152,54.314,97.767,178.250,3541.0
grabacion_experimento_ESP32CAM_1_ROI_640x480.mp4,249,8300.000,True,361.000,228.000,0.000,315.000,198.000,322,192,-0.220590,0.079116,0.972152,55.289,100.972,178.836,3782.5
grabacion_experimento_ESP32CAM_1_ROI_640x480.mp4,250,8333.333,True,361.000,227.000,0.000,315.000,198.000,320,192,-0.220586,0.072517,0.972668,56.680,101.146,177.627,3861.0
grabacion_experimento_ESP32CAM_1_ROI_640x480.mp4,251,8366.667,True,361.000,227.000,0.000,315.000,198.000,325,191,-0.220586,0.072517,0.972668,56.795,101.165,178.703,3894.5
grabacion_experimento_ESP32CAM_1_ROI_640x480.mp4,252,8400.000,True,361.000,227.000,0.000,315.000,198.000,323,194,-0.220586,0.072517,0.972668,56.160,101.013,177.540,3871.0
grabacion_experimento_ESP32CAM_1_ROI_640x480.mp4,253,8433.333,True,361.000,227.000,0.000,315.000,198.000,325,190,-0.220586,0.072517,0.972668,56.472,100.393,177.263,3791.0
grabacion_experimento_ESP32CAM_1_ROI_640x480.mp4,254,8466.667,True,361.000,227.000,0.000,315.000,198.000,323,191,-0.220586,0.072517,0.972668,56.092,98.914,178.383,3727.0
grabacion_experimento_ESP32CAM_1_ROI_640x480.mp4,255,8500.000,True,361.000,227.000,0.000,315.000,197.000,322,202,-0.220589,0.076296,0.972378,55.215,99.307,177.969,3675.0
grabacion_experimento_ESP32CAM_1_ROI_640x480.mp4,256,8533.333,True,361.000,227.000,0.000,315.000,197.000,322,187,-0.220589,0.076296,0.972378,55.134,97.193,178.755,3462.5
grabacion_experimento_ESP32CAM_1_ROI_640x480.mp4,257,8566.667,True,361.000,227.000,0.000,315.000,197.000,321,186,-0.220589,0.076296,0.972378,56.185,97.113,179.000,3567.0
grabacion_experimento_ESP32CAM_1_ROI_640x480.mp4,258,8600.000,True,361.000,227.000,0.000,315.000,197.000,322,188,-0.220589,0.076296,0.972378,55.210,96.960,177.679,3529.5
grabacion_experimento_ESP32CAM_1_ROI_640x480.mp4,259,8633.333,False,361.000,227.000,,,,,,,,,,,,
grabacion_experimento_ESP32CAM_1_ROI_640x480.mp4,260,8666.667,False,361.000,227.000,,,,,,,,,,,,
grabacion_experimento_ESP32CAM_1_ROI_640x480.mp4,261,8700.000,False,361.000,227.000,,,,,,,,,,,,
grabacion_experimento_ESP32CAM_1_ROI_640x480.mp4,262,8733.333,True,361.000,227.000,0.000,331.000,214.000,402,280,-0.160731,0.011751,0.986928,51.974,73.370,118.484,2433.5
grabacion_experimento_ESP32CAM_1_ROI_640x480.mp4,263,8766.667,True,361.000,227.000,0.000,363.000,224.000,470,248,-0.042147,-0.025908,0.998775,30.531,84.454,123.130,1545.0
grabacion_experimento_ESP32CAM_1_ROI_640x480.mp4,264,8800.000,True,361.000,227.000,0.000,380.000,238.000,386,269,0.021181,-0.077880,0.996738,55.214,93.070,9.202,3892.5
grabacion_experimento_ESP32CAM_1_ROI_640x480.mp4,265,8833.333,True,361.000,227.000,0.000,396.000,253.000,378,277,0.081837,-0.133829,0.987620,56.511,85.937,10.894,3729.0
grabacion_experimento_ESP32CAM_1_ROI_640x480.mp4,266,8866.667,True,361.000,227.000,0.000,412.000,268.000,376,276,0.144186,-0.190612,0.971019,56.726,86.775,8.120,3778.0
grabacion_experimento_ESP32CAM_1_ROI_640x480.mp4,267,8900.000,True,361.000,227.000,0.000,412.000,267.000,377,281,0.144066,-0.186816,0.971774,55.586,87.326,7.373,3685.5
grabacion_experimento_ESP32CAM_1_ROI_640x480.mp4,268,8933.333,True,361.000,227.000,0.000,396.000,272.000,377,269,0.083479,-0.205429,0.975105,53.749,81.600,7.398,3356.0
grabacion_experimento_ESP32CAM_1_ROI_640x480.mp4,269,8966.667,True,361.000,227.000,0.000,395.000,274.000,377,270,0.079897,-0.213014,0.973777,52.395,77.917,6.215,3097.0
grabacion_experimento_ESP32CAM_1_ROI_640x480.mp4,270,9000.000,True,361.000,227.000,0.000,394.000,275.000,378,278,0.076210,-0.216802,0.973236,50.644,76.158,7.848,2961.5
grabacion_experimento_ESP32CAM_1_ROI_640x480.mp4,271,9033.333,True,361.000,227.000,0.000,394.000,276.000,378,279,0.076321,-0.220613,0.972371,49.388,74.167,6.360,2788.0
grabacion_experimento_ESP32CAM_1_ROI_640x480.mp4,272,9066.667,True,361.000,227.000,0.000,394.000,277.000,385,277,0.076434,-0.224428,0.971489,48.183,72.126,9.641,2673.0
grabacion_experimento_ESP32CAM_1_ROI_640x480.mp4,273,9100.000,True,361.000,227.000,0.000,393.000,277.000,385,276,0.072636,-0.224409,0.971784,47.767,70.907,7.111,2595.5
grabacion_experimento_ESP32CAM_1_ROI_640x480.mp4,274,9133.333,True,361.000,227.000,0.000,393.000,278.000,409,266,0.072750,-0.228227,0.970886,48.510,68.230,9.110,2530.5
grabacion_experimento_ESP32CAM_1_ROI_640x480.mp4,275,9166.667,True,361.000,227.000,0.000,393.000,278.000,410,265,0.072750,-0.228227,0.970886,47.744,69.175,8.509,2494.0
grabacion_experimento_ESP32CAM_1_ROI_640x480.mp4,276,9200.000,True,361.000,227.000,0.000,394.000,278.000,409,262,0.076548,-0.228247,0.970589,47.060,69.034,7.133,2461.0
grabacion_experimento_ESP32CAM_1_ROI_640x480.mp4,277,9233.333,True,361.000,227.000,0.000,394.000,278.000,384,281,0.076548,-0.228247,0.970589,47.534,68.046,8.584,2480.5
grabacion_experimento_ESP32CAM_1_ROI_640x480.mp4,278,9266.667,True,361.000,227.000,0.000,394.000,278.000,382,285,0.076548,-0.228247,0.970589,47.091,69.062,7.803,2463.0
grabacion_experimento_ESP32CAM_1_ROI_640x480.mp4,279,9300.000,True,361.000,227.000,0.000,395.000,278.000,408,264,0.080350,-0.228267,0.970277,47.664,67.767,8.011,2468.0
grabacion_experimento_ESP32CAM_1_ROI_640x480.mp4,280,9333.333,True,361.000,227.000,0.000,395.000,278.000,409,265,0.080350,-0.228267,0.970277,47.816,67.232,9.591,2441.5
grabacion_experimento_ESP32CAM_1_ROI_640x480.mp4,281,9366.667,True,361.000,227.000,0.000,395.000,278.000,383,283,0.080350,-0.228267,0.970277,48.688,68.069,7.219,2522.5
grabacion_experimento_ESP32CAM_1_ROI_640x480.mp4,282,9400.000,True,361.000,227.000,0.000,395.000,278.000,409,266,0.080350,-0.228267,0.970277,47.428,66.648,8.095,2433.0
grabacion_experimento_ESP32CAM_1_ROI_640x480.mp4,283,9433.333,True,361.000,227.000,0.000,394.000,280.000,382,290,0.076785,-0.235897,0.968740,44.274,54.206,2.083,1524.0
grabacion_experimento_ESP32CAM_1_ROI_640x480.mp4,284,9466.667,False,361.000,227.000,,,,,,,,,,,,
grabacion_experimento_ESP32CAM_1_ROI_640x480.mp4,285,9500.000,True,361.000,227.000,0.000,410.000,297.000,452,342,0.141069,-0.302461,0.942665,79.262,141.282,102.919,4763.0
grabacion_experimento_ESP32CAM_1_ROI_640x480.mp4,286,9533.333,False,361.000,227.000,,,,,,,,,,,,
grabacion_experimento_ESP32CAM_1_ROI_640x480.mp4,287,9566.667,False,361.000,227.000,,,,,,,,,,,,
grabacion_experimento_ESP32CAM_1_ROI_640x480.mp4,288,9600.000,True,361.000,227.000,0.000,417.000,291.000,373,270,0.167260,-0.279353,0.945508,103.767,134.827,75.836,5648.0
grabacion_experimento_ESP32CAM_1_ROI_640x480.mp4,289,9633.333,True,361.000,227.000,0.000,415.000,288.000,372,264,0.158855,-0.267536,0.950363,49.738,73.457,11.285,2786.0
grabacion_experimento_ESP32CAM_1_ROI_640x480.mp4,290,9666.667,True,361.000,227.000,0.000,414.000,286.000,371,268,0.154593,-0.259716,0.953231,50.245,72.834,9.181,2761.0
grabacion_experimento_ESP32CAM_1_ROI_640x480.mp4,291,9700.000,True,361.000,227.000,0.000,410.000,280.000,362,259,0.138097,-0.236376,0.961798,52.644,66.208,11.747,2334.0
grabacion_experimento_ESP32CAM_1_ROI_640x480.mp4,292,9733.333,True,361.000,227.000,0.000,386.000,257.000,346,246,0.044488,-0.148750,0.987874,57.041,72.386,166.214,2687.5
grabacion_experimento_ESP32CAM_1_ROI_640x480.mp4,293,9766.667,True,362.000,227.000,0.000,371.000,257.000,346,246,-0.016484,-0.148724,0.988741,55.780,72.409,163.913,2631.0
grabacion_experimento_ESP32CAM_1_ROI_640x480.mp4,294,9800.000,True,362.000,227.000,0.000,365.000,253.000,347,246,-0.038981,-0.133770,0.990245,53.059,71.608,168.461,2636.5
grabacion_experimento_ESP32CAM_1_ROI_640x480.mp4,295,9833.333,True,362.000,227.000,0.000,358.000,250.000,348,245,-0.065079,-0.122586,0.990322,58.440,70.426,159.012,2631.0
grabacion_experimento_ESP32CAM_1_ROI_640x480.mp4,296,9866.667,True,362.000,227.000,0.000,354.000,248.000,350,243,-0.079977,-0.115134,0.990125,53.523,70.557,154.913,2443.5
grabacion_experimento_ESP32CAM_1_ROI_640x480.mp4,297,9900.000,True,362.000,227.000,0.000,354.000,248.000,349,242,-0.079977,-0.115134,0.990125,51.736,68.879,159.940,2415.0
grabacion_experimento_ESP32CAM_1_ROI_640x480.mp4,298,9933.333,True,362.000,226.000,0.000,353.000,249.000,349,244,-0.083616,-0.125449,0.988570,53.244,70.423,159.778,2425.5
grabacion_experimento_ESP32CAM_1_ROI_640x480.mp4,299,9966.667,True,362.000,226.000,0.000,352.000,249.000,345,247,-0.087329,-0.125454,0.988249,53.508,72.926,164.635,2590.0
grabacion_experimento_ESP32CAM_1_ROI_640x480.mp4,300,10000.000,True,362.000,226.000,0.000,351.000,250.000,351,256,-0.091016,-0.129199,0.987433,52.298,74.380,166.988,2601.0
grabacion_experimento_ESP32CAM_1_ROI_640x480.mp4,301,10033.333,True,362.000,226.000,0.000,350.000,251.000,349,261,-0.094704,-0.132947,0.986588,52.333,73.757,163.444,2673.0
grabacion_experimento_ESP32CAM_1_ROI_640x480.mp4,302,10066.667,True,362.000,226.000,0.000,350.000,252.000,343,248,-0.094678,-0.136691,0.986079,53.393,74.066,164.048,2763.0
grabacion_experimento_ESP32CAM_1_ROI_640x480.mp4,303,10100.000,True,362.000,226.000,0.000,348.000,253.000,358,267,-0.102086,-0.140454,0.984810,55.994,73.715,160.056,2857.0
grabacion_experimento_ESP32CAM_1_ROI_640x480.mp4,304,10133.333,True,362.000,226.000,0.000,348.000,253.000,357,270,-0.102086,-0.140454,0.984810,54.233,74.959,165.230,2830.0
grabacion_experimento_ESP32CAM_1_ROI_640x480.mp4,305,10166.667,True,362.000,226.000,0.000,348.000,254.000,358,267,-0.102060,-0.144204,0.984271,54.500,75.231,163.871,2866.5
grabacion_experimento_ESP32CAM_1_ROI_640x480.mp4,306,10200.000,True,362.000,226.000,0.000,348.000,254.000,357,270,-0.102060,-0.144204,0.984271,54.565,74.051,165.946,2850.5
grabacion_experimento_ESP32CAM_1_ROI_640x480.mp4,307,10233.333,True,362.000,226.000,0.000,348.000,254.000,357,270,-0.102060,-0.144204,0.984271,55.951,74.911,163.656,2893.0
grabacion_experimento_ESP32CAM_1_ROI_640x480.mp4,308,10266.667,True,362.000,226.000,0.000,348.000,254.000,353,266,-0.102060,-0.144204,0.984271,52.990,75.220,163.589,2725.5
grabacion_experimento_ESP32CAM_1_ROI_640x480.mp4,309,10300.000,True,362.000,226.000,0.000,348.000,254.000,352,261,-0.102060,-0.144204,0.984271,55.651,75.455,169.393,2841.0
grabacion_experimento_ESP32CAM_1_ROI_640x480.mp4,310,10333.333,True,362.000,226.000,0.000,348.000,255.000,353,267,-0.102033,-0.147957,0.983716,53.261,75.775,167.814,2798.5
grabacion_experimento_ESP32CAM_1_ROI_640x480.mp4,311,10366.667,True,362.000,226.000,0.000,348.000,255.000,355,262,-0.102033,-0.147957,0.983716,54.148,75.071,165.539,2824.5
grabacion_experimento_ESP32CAM_1_ROI_640x480.mp4,312,10400.000,True,362.000,226.000,0.000,348.000,255.000,354,263,-0.102033,-0.147957,0.983716,53.669,75.575,168.457,2873.0
grabacion_experimento_ESP32CAM_1_ROI_640x480.mp4,313,10433.333,True,362.000,226.000,0.000,348.000,255.000,354,263,-0.102033,-0.147957,0.983716,56.133,75.773,167.966,2890.5
grabacion_experimento_ESP32CAM_1_ROI_640x480.mp4,314,10466.667,True,362.000,226.000,0.000,348.000,255.000,353,264,-0.102033,-0.147957,0.983716,52.259,76.277,164.313,2827.0
grabacion_experimento_ESP32CAM_1_ROI_640x480.mp4,315,10500.000,True,362.000,226.000,0.000,348.000,255.000,353,264,-0.102033,-0.147957,0.983716,54.142,76.321,166.388,2847.0
grabacion_experimento_ESP32CAM_1_ROI_640x480.mp4,316,10533.333,True,362.000,226.000,0.000,348.000,255.000,354,265,-0.102033,-0.147957,0.983716,54.221,76.080,165.025,2874.5
grabacion_experimento_ESP32CAM_1_ROI_640x480.mp4,317,10566.667,True,362.000,226.000,0.000,348.000,255.000,353,264,-0.102033,-0.147957,0.983716,55.428,76.849,170.138,2894.5
grabacion_experimento_ESP32CAM_1_ROI_640x480.mp4,318,10600.000,True,362.000,226.000,0.000,348.000,255.000,353,264,-0.102033,-0.147957,0.983716,53.006,76.355,169.174,2913.0
grabacion_experimento_ESP32CAM_1_ROI_640x480.mp4,319,10633.333,True,362.000,226.000,0.000,348.000,255.000,354,263,-0.102033,-0.147957,0.983716,54.263,76.782,167.764,2939.5
grabacion_experimento_ESP32CAM_1_ROI_640x480.mp4,320,10666.667,True,362.000,226.000,0.000,348.000,255.000,350,273,-0.102033,-0.147957,0.983716,53.449,78.614,168.123,2986.5
grabacion_experimento_ESP32CAM_1_ROI_640x480.mp4,321,10700.000,True,362.000,226.000,0.000,348.000,256.000,350,273,-0.102006,-0.151711,0.983147,55.111,77.203,165.855,3018.5
grabacion_experimento_ESP32CAM_1_ROI_640x480.mp4,322,10733.333,True,362.000,226.000,0.000,348.000,256.000,352,253,-0.102006,-0.151711,0.983147,56.508,79.285,164.622,3186.0
grabacion_experimento_ESP32CAM_1_ROI_640x480.mp4,323,10766.667,True,362.000,226.000,0.000,348.000,256.000,352,255,-0.102006,-0.151711,0.983147,55.985,79.421,163.429,3152.5
grabacion_experimento_ESP32CAM_1_ROI_640x480.mp4,324,10800.000,True,362.000,226.000,0.000,348.000,256.000,352,255,-0.102006,-0.151711,0.983147,56.122,80.124,165.457,3230.0
grabacion_experimento_ESP32CAM_1_ROI_640x480.mp4,325,10833.333,True,362.000,226.000,0.000,348.000,256.000,352,269,-0.102006,-0.151711,0.983147,58.488,82.027,170.682,3425.0
grabacion_experimento_ESP32CAM_1_ROI_640x480.mp4,326,10866.667,True,362.000,226.000,0.000,348.000,256.000,352,255,-0.102006,-0.151711,0.983147,56.982,79.648,169.817,3276.0
grabacion_experimento_ESP32CAM_1_ROI_640x480.mp4,327,10900.000,True,362.000,226.000,0.000,348.000,256.000,351,270,-0.102006,-0.151711,0.983147,59.052,83.674,171.661,3559.5
grabacion_experimento_ESP32CAM_1_ROI_640x480.mp4,328,10933.333,True,362.000,226.000,0.000,347.000,256.000,349,258,-0.105727,-0.151722,0.982752,58.811,82.548,169.288,3432.5
grabacion_experimento_ESP32CAM_1_ROI_640x480.mp4,329,10966.667,True,362.000,226.000,0.000,347.000,256.000,349,258,-0.105727,-0.151722,0.982752,57.610,81.517,169.734,3395.0
grabacion_experimento_ESP32CAM_1_ROI_640x480.mp4,330,11000.000,True,362.000,226.000,0.000,347.000,256.000,349,258,-0.105727,-0.151722,0.982752,56.280,79.329,170.362,3202.5
grabacion_experimento_ESP32CAM_1_ROI_640x480.mp4,331,11033.333,True,362.000,226.000,0.000,347.000,256.000,349,258,-0.105727,-0.151722,0.982752,55.646,80.161,170.174,3182.0
grabacion_experimento_ESP32CAM_1_ROI_640x480.mp4,332,11066.667,True,362.000,226.000,0.000,347.000,255.000,346,254,-0.105754,-0.147967,0.983322,55.464,79.732,171.880,3010.5
grabacion_experimento_ESP32CAM_1_ROI_640x480.mp4,333,11100.000,True,362.000,226.000,0.000,347.000,255.000,346,253,-0.105754,-0.147967,0.983322,56.589,80.683,171.625,3119.5
grabacion_experimento_ESP32CAM_1_ROI_640x480.mp4,334,11133.333,True,362.000,226.000,0.000,347.000,255.000,346,253,-0.105754,-0.147967,0.983322,56.327,79.514,171.888,3171.5
grabacion_experimento_ESP32CAM_1_ROI_640x480.mp4,335,11166.667,False,362.000,226.000,,,,,,,,,,,,
grabacion_experimento_ESP32CAM_1_ROI_640x480.mp4,336,11200.000,True,362.000,226.000,0.000,343.000,245.000,324,226,-0.120838,-0.110545,0.986498,68.019,141.088,18.249,6279.0
grabacion_experimento_ESP32CAM_1_ROI_640x480.mp4,337,11233.333,False,362.000,226.000,,,,,,,,,,,,
grabacion_experimento_ESP32CAM_1_ROI_640x480.mp4,338,11266.667,False,362.000,226.000,,,,,,,,,,,,
grabacion_experimento_ESP32CAM_1_ROI_640x480.mp4,339,11300.000,False,362.000,226.000,,,,,,,,,,,,
grabacion_experimento_ESP32CAM_1_ROI_640x480.mp4,340,11333.333,True,362.000,226.000,0.000,338.000,235.000,312,248,-0.139539,-0.073214,0.987506,72.273,139.436,24.771,6512.5
grabacion_experimento_ESP32CAM_1_ROI_640x480.mp4,341,11366.667,True,362.000,226.000,0.000,333.000,224.000,309,248,-0.158186,-0.032142,0.986886,71.029,140.002,25.816,6549.5
grabacion_experimento_ESP32CAM_1_ROI_640x480.mp4,342,11400.000,True,362.000,226.000,0.000,328.000,215.000,313,248,-0.176816,0.001571,0.984243,73.876,138.311,25.924,6478.5
grabacion_experimento_ESP32CAM_1_ROI_640x480.mp4,343,11433.333,True,362.000,226.000,0.000,323.000,205.000,310,249,-0.195483,0.039211,0.979923,73.104,141.896,25.316,6706.5
grabacion_experimento_ESP32CAM_1_ROI_640x480.mp4,344,11466.667,True,362.000,226.000,0.000,359.000,221.000,494,281,-0.061859,-0.021302,0.997858,33.628,88.347,143.135,1580.0
grabacion_experimento_ESP32CAM_1_ROI_640x480.mp4,345,11500.000,True,362.000,226.000,0.000,359.000,221.000,318,211,-0.061859,-0.021302,0.997858,72.014,138.249,24.079,6335.5
grabacion_experimento_ESP32CAM_1_ROI_640x480.mp4,346,11533.333,False,362.000,226.000,,,,,,,,,,,,
grabacion_experimento_ESP32CAM_1_ROI_640x480.mp4,347,11566.667,True,362.000,226.000,0.000,359.000,222.000,317,248,-0.061853,-0.025014,0.997772,69.745,140.815,23.433,6357.5
grabacion_experimento_ESP32CAM_1_ROI_640x480.mp4,348,11600.000,True,362.000,226.000,0.000,350.000,194.000,276,56,-0.095000,0.079427,0.992304,41.532,93.976,25.069,2140.5
grabacion_experimento_ESP32CAM_1_ROI_640x480.mp4,349,11633.333,False,362.000,226.000,,,,,,,,,,,,
grabacion_experimento_ESP32CAM_1_ROI_640x480.mp4,350,11666.667,True,362.000,226.000,0.000,342.000,168.000,281,52,-0.124177,0.178261,0.976116,54.912,114.074,14.037,3679.5
grabacion_experimento_ESP32CAM_1_ROI_640x480.mp4,351,11700.000,False,362.000,226.000,,,,,,,,,,,,
grabacion_experimento_ESP32CAM_1_ROI_640x480.mp4,352,11733.333,False,362.000,226.000,,,,,,,,,,,,
grabacion_experimento_ESP32CAM_1_ROI_640x480.mp4,353,11766.667,True,362.000,226.000,0.000,298.000,125.000,289,52,-0.292645,0.357286,0.886964,52.755,114.215,11.179,3884.5
grabacion_experimento_ESP32CAM_1_ROI_640x480.mp4,354,11800.000,True,362.000,226.000,0.000,291.000,98.000,281,50,-0.323576,0.480324,0.815222,50.477,108.833,12.918,3561.5
grabacion_experimento_ESP32CAM_1_ROI_640x480.mp4,355,11833.333,True,362.000,226.000,0.000,283.000,71.000,278,47,-0.363802,0.625614,0.690113,49.964,113.668,12.131,3699.5
grabacion_experimento_ESP32CAM_1_ROI_640x480.mp4,356,11866.667,False,362.000,226.000,,,,,,,,,,,,
grabacion_experimento_ESP32CAM_1_ROI_640x480.mp4,357,11900.000,False,362.000,226.000,,,,,,,,,,,,
grabacion_experimento_ESP32CAM_1_ROI_640x480.mp4,358,11933.333,False,362.000,226.000,,,,,,,,,,,,
grabacion_experimento_ESP32CAM_1_ROI_640x480.mp4,359,11966.667,False,362.000,226.000,,,,,,,,,,,,
grabacion_experimento_ESP32CAM_1_ROI_640x480.mp4,360,12000.000,False,362.000,226.000,,,,,,,,,,,,
grabacion_experimento_ESP32CAM_1_ROI_640x480.mp4,361,12033.333,False,362.000,226.000,,,,,,,,,,,,
grabacion_experimento_ESP32CAM_1_ROI_640x480.mp4,362,12066.667,False,362.000,226.000,,,,,,,,,,,,
grabacion_experimento_ESP32CAM_1_ROI_640x480.mp4,363,12100.000,False,362.000,226.000,,,,,,,,,,,,
