video_name,frame_number,timestamp_ms,valid_deteccion,sphere_center_x,sphere_center_y,sphere_center_z,pupil_center_x,pupil_center_y,gaze_x,gaze_y,gaze_z,ellipse_width,ellipse_height,ellipse_angle,contour_area
Victoria_intento_5_ROI_640x480.mp4,1,33.333,True,320.000,240.000,0.000,391.000,277.000,0.295833,-0.154167,-0.942717,30.513,55.668,154.814,1110.0
Victoria_intento_5_ROI_640x480.mp4,2,66.667,True,320.000,240.000,0.000,390.000,289.000,0.291667,-0.204167,-0.934477,34.331,56.198,174.294,1337.0
Victoria_intento_5_ROI_640x480.mp4,3,100.000,True,325.000,309.000,0.000,389.000,293.000,0.266667,0.066667,-0.961480,33.344,55.072,175.588,1296.5
Victoria_intento_5_ROI_640x480.mp4,4,133.333,True,325.000,308.000,0.000,389.000,302.000,0.266667,0.025000,-0.963465,34.045,55.263,177.493,1352.0
Victoria_intento_5_ROI_640x480.mp4,5,166.667,True,328.000,308.000,0.000,389.000,302.000,0.254167,0.025000,-0.966837,33.895,54.017,175.572,1298.0
Victoria_intento_5_ROI_640x480.mp4,6,200.000,True,329.000,307.000,0.000,388.000,302.000,0.245833,0.020833,-0.969088,35.512,55.895,174.033,1472.0
Victoria_intento_5_ROI_640x480.mp4,7,233.333,True,329.000,307.000,0.000,388.000,302.000,0.245833,0.020833,-0.969088,36.024,56.456,174.773,1505.5
Victoria_intento_5_ROI_640x480.mp4,8,266.667,True,329.000,307.000,0.000,388.000,302.000,0.245833,0.020833,-0.969088,35.593,56.785,174.080,1454.5
Victoria_intento_5_ROI_640x480.mp4,9,300.000,True,330.000,307.000,0.000,390.000,303.000,0.250000,0.016667,-0.968102,32.026,57.014,175.437,1346.5
Victoria_intento_5_ROI_640x480.mp4,10,333.333,True,331.000,307.000,0.000,393.000,304.000,0.258333,0.012500,-0.965975,32.140,57.653,176.293,1375.5
Victoria_intento_5_ROI_640x480.mp4,11,366.667,True,331.000,307.000,0.000,395.000,305.000,0.266667,0.008333,-0.963753,32.022,57.411,175.698,1375.5
Victoria_intento_5_ROI_640x480.mp4,12,400.000,True,332.000,307.000,0.000,400.000,306.000,0.283333,0.004167,-0.959012,29.931,59.031,171.101,1282.0
Victoria_intento_5_ROI_640x480.mp4,13,433.333,True,332.000,307.000,0.000,405.000,307.000,0.304167,-0.000000,-0.952619,28.759,57.430,175.342,1222.5
Victoria_intento_5_ROI_640x480.mp4,14,466.667,True,332.000,307.000,0.000,403.000,308.000,0.295833,-0.004167,-0.955230,37.602,57.379,0.215,1644.0
Victoria_intento_5_ROI_640x480.mp4,15,500.000,True,332.000,307.000,0.000,396.000,308.000,0.266667,-0.004167,-0.963780,39.381,58.531,175.733,1760.0
Victoria_intento_5_ROI_640x480.mp4,16,533.333,True,332.000,307.000,0.000,386.000,307.000,0.225000,-0.000000,-0.974359,40.891,58.209,174.634,1790.5
Victoria_intento_5_ROI_640x480.mp4,17,566.667,True,332.000,307.000,0.000,384.000,302.000,0.216667,0.020833,-0.976023,44.491,62.204,166.637,2062.5
Victoria_intento_5_ROI_640x480.mp4,18,600.000,True,332.000,307.000,0.000,383.000,300.000,0.212500,0.029167,-0.976726,40.761,63.404,172.838,1969.5
Victoria_intento_5_ROI_640x480.mp4,19,633.333,True,332.000,307.000,0.000,385.000,299.000,0.220833,0.033333,-0.974742,41.582,63.822,171.697,2006.5
Victoria_intento_5_ROI_640x480.mp4,20,666.667,True,333.000,307.000,0.000,386.000,303.000,0.220833,0.016667,-0.975169,40.765,64.638,171.700,2010.5
Victoria_intento_5_ROI_640x480.mp4,21,700.000,True,333.000,307.000,0.000,387.000,304.000,0.225000,0.012500,-0.974279,41.180,62.900,173.401,1981.5
Victoria_intento_5_ROI_640x480.mp4,22,733.333,True,333.000,307.000,0.000,388.000,304.000,0.229167,0.012500,-0.973307,40.761,65.675,172.025,2031.0
Victoria_intento_5_ROI_640x480.mp4,23,766.667,True,333.000,307.000,0.000,389.000,304.000,0.233333,0.012500,-0.972316,38.894,62.557,171.954,1841.5
Victoria_intento_5_ROI_640x480.mp4,24,800.000,True,333.000,307.000,0.000,391.000,304.000,0.241667,0.012500,-0.970279,39.841,64.425,173.164,1931.0
Victoria_intento_5_ROI_640x480.mp4,25,833.333,True,333.000,307.000,0.000,391.000,304.000,0.241667,0.012500,-0.970279,38.528,61.895,174.554,1822.5
Victoria_intento_5_ROI_640x480.mp4,26,866.667,True,333.000,307.000,0.000,391.000,305.000,0.241667,0.008333,-0.970324,39.150,61.682,173.283,1861.0
Victoria_intento_5_ROI_640x480.mp4,27,900.000,True,333.000,307.000,0.000,391.000,305.000,0.241667,0.008333,-0.970324,40.260,60.731,174.230,1864.0
Victoria_intento_5_ROI_640x480.mp4,28,933.333,True,333.000,307.000,0.000,389.000,305.000,0.233333,0.008333,-0.972361,40.175,61.528,172.323,1887.5
Victoria_intento_5_ROI_640x480.mp4,29,966.667,True,333.000,307.000,0.000,388.000,306.000,0.229167,0.004167,-0.973378,41.294,61.472,172.295,1950.0
Victoria_intento_5_ROI_640x480.mp4,30,1000.000,True,333.000,307.000,0.000,388.000,306.000,0.229167,0.004167,-0.973378,39.669,62.428,173.452,1908.0
Victoria_intento_5_ROI_640x480.mp4,31,1033.333,True,333.000,307.000,0.000,387.000,307.000,0.225000,-0.000000,-0.974359,39.983,61.268,173.323,1856.0
Victoria_intento_5_ROI_640x480.mp4,32,1066.667,True,333.000,307.000,0.000,388.000,304.000,0.229167,0.012500,-0.973307,39.124,61.855,170.417,1846.0
Victoria_intento_5_ROI_640x480.mp4,33,1100.000,True,333.000,307.000,0.000,389.000,302.000,0.233333,0.020833,-0.972174,39.572,61.618,171.311,1848.0
Victoria_intento_5_ROI_640x480.mp4,34,1133.333,True,333.000,307.000,0.000,390.000,299.000,0.237500,0.033333,-0.970815,39.692,61.222,172.445,1831.0
Victoria_intento_5_ROI_640x480.mp4,35,1166.667,True,333.000,307.000,0.000,390.000,300.000,0.237500,0.029167,-0.970950,38.653,61.711,172.204,1796.0
Victoria_intento_5_ROI_640x480.mp4,36,1200.000,True,333.000,307.000,0.000,390.000,300.000,0.237500,0.029167,-0.970950,39.072,63.385,171.294,1904.5
Victoria_intento_5_ROI_640x480.mp4,37,1233.333,True,333.000,307.000,0.000,389.000,301.000,0.233333,0.025000,-0.972075,40.959,62.775,170.054,1925.5
Victoria_intento_5_ROI_640x480.mp4,38,1266.667,True,333.000,307.000,0.000,389.000,302.000,0.233333,0.020833,-0.972174,40.770,63.952,172.396,1993.5
Victoria_intento_5_ROI_640x480.mp4,39,1300.000,True,333.000,307.000,0.000,388.000,303.000,0.229167,0.016667,-0.973245,41.296,63.832,173.348,1999.0
Victoria_intento_5_ROI_640x480.mp4,40,1333.333,True,333.000,307.000,0.000,388.000,303.000,0.229167,0.016667,-0.973245,41.780,64.162,174.909,2040.5
Victoria_intento_5_ROI_640x480.mp4,41,1366.667,True,333.000,307.000,0.000,386.000,305.000,0.220833,0.008333,-0.975276,45.098,63.770,179.346,2193.5
Victoria_intento_5_ROI_640x480.mp4,42,1400.000,True,333.000,307.000,0.000,385.000,307.000,0.216667,-0.000000,-0.976246,43.734,64.850,177.078,2150.5
Victoria_intento_5_ROI_640x480.mp4,43,1433.333,True,333.000,307.000,0.000,386.000,308.000,0.220833,-0.004167,-0.975303,38.456,63.086,172.429,1837.0
Victoria_intento_5_ROI_640x480.mp4,44,1466.667,True,333.000,307.000,0.000,391.000,305.000,0.241667,0.008333,-0.970324,36.099,63.660,171.747,1746.0
Victoria_intento_5_ROI_640x480.mp4,45,1500.000,True,333.000,307.000,0.000,396.000,303.000,0.262500,0.016667,-0.964788,37.326,63.457,173.751,1809.0
Victoria_intento_5_ROI_640x480.mp4,46,1533.333,True,333.000,307.000,0.000,398.000,303.000,0.270833,0.016667,-0.962482,37.818,64.617,172.878,1855.0
Victoria_intento_5_ROI_640x480.mp4,47,1566.667,True,333.000,307.000,0.000,398.000,303.000,0.270833,0.016667,-0.962482,36.712,64.824,172.457,1816.0
Victoria_intento_5_ROI_640x480.mp4,48,1600.000,True,333.000,307.000,0.000,398.000,304.000,0.270833,0.012500,-0.962545,36.895,65.130,173.170,1826.5
Victoria_intento_5_ROI_640x480.mp4,49,1633.333,True,333.000,308.000,0.000,398.000,302.000,0.270833,0.025000,-0.962302,36.319,63.248,170.689,1724.5
Victoria_intento_5_ROI_640x480.mp4,50,1666.667,True,333.000,308.000,0.000,398.000,301.000,0.270833,0.029167,-0.962184,34.740,61.779,171.205,1594.0
Victoria_intento_5_ROI_640x480.mp4,51,1700.000,True,333.000,308.000,0.000,398.000,299.000,0.270833,0.037500,-0.961896,34.707,59.271,168.242,1551.5
Victoria_intento_5_ROI_640x480.mp4,52,1733.333,True,333.000,308.000,0.000,400.000,308.000,0.279167,-0.000000,-0.960243,32.353,59.821,2.848,1481.0
Victoria_intento_5_ROI_640x480.mp4,53,1766.667,True,333.000,308.000,0.000,401.000,316.000,0.283333,-0.033333,-0.958442,32.410,58.833,2.780,1453.0
Victoria_intento_5_ROI_640x480.mp4,54,1800.000,True,333.000,308.000,0.000,402.000,325.000,0.287500,-0.070833,-0.955158,32.951,58.835,4.419,1473.0
Victoria_intento_5_ROI_640x480.mp4,55,1833.333,True,333.000,308.000,0.000,402.000,325.000,0.287500,-0.070833,-0.955158,31.854,58.314,4.003,1405.5
Victoria_intento_5_ROI_640x480.mp4,56,1866.667,True,333.000,308.000,0.000,402.000,325.000,0.287500,-0.070833,-0.955158,31.203,56.658,5.050,1350.5
Victoria_intento_5_ROI_640x480.mp4,57,1900.000,True,333.000,308.000,0.000,403.000,325.000,0.291667,-0.070833,-0.953894,31.622,56.980,2.816,1373.5
Victoria_intento_5_ROI_640x480.mp4,58,1933.333,True,333.000,308.000,0.000,401.000,321.000,0.283333,-0.054167,-0.957491,33.982,59.377,179.056,1535.0
Victoria_intento_5_ROI_640x480.mp4,59,1966.667,True,333.000,308.000,0.000,399.000,317.000,0.275000,-0.037500,-0.960713,33.638,58.606,178.494,1517.0
Victoria_intento_5_ROI_640x480.mp4,60,2000.000,True,333.000,308.000,0.000,398.000,314.000,0.270833,-0.025000,-0.962302,33.400,58.470,177.085,1490.5
Victoria_intento_5_ROI_640x480.mp4,61,2033.333,True,333.000,308.000,0.000,398.000,314.000,0.270833,-0.025000,-0.962302,34.406,59.112,177.602,1550.5
Victoria_intento_5_ROI_640x480.mp4,62,2066.667,True,333.000,308.000,0.000,399.000,314.000,0.275000,-0.025000,-0.961119,33.898,57.517,177.279,1501.0
Victoria_intento_5_ROI_640x480.mp4,63,2100.000,True,333.000,308.000,0.000,398.000,314.000,0.270833,-0.025000,-0.962302,36.455,58.794,178.106,1635.0
Victoria_intento_5_ROI_640x480.mp4,64,2133.333,True,333.000,308.000,0.000,402.000,315.000,0.287500,-0.029167,-0.957336,29.176,59.997,177.482,1314.0
Victoria_intento_5_ROI_640x480.mp4,65,2166.667,True,332.000,308.000,0.000,409.000,317.000,0.320833,-0.037500,-0.946393,25.574,58.305,176.816,1089.0
Victoria_intento_5_ROI_640x480.mp4,66,2200.000,True,332.000,308.000,0.000,416.000,318.000,0.350000,-0.041667,-0.935823,25.999,58.221,175.991,1097.0
Victoria_intento_5_ROI_640x480.mp4,67,2233.333,True,332.000,308.000,0.000,420.000,319.000,0.366667,-0.045833,-0.929223,21.279,55.172,178.490,863.0
Victoria_intento_5_ROI_640x480.mp4,68,2266.667,True,332.000,308.000,0.000,421.000,319.000,0.370833,-0.045833,-0.927568,21.677,57.709,178.865,867.5
Victoria_intento_5_ROI_640x480.mp4,69,2300.000,True,332.000,308.000,0.000,423.000,320.000,0.379167,-0.050000,-0.923977,21.805,55.323,177.126,876.5
Victoria_intento_5_ROI_640x480.mp4,70,2333.333,True,332.000,308.000,0.000,423.000,320.000,0.379167,-0.050000,-0.923977,22.675,57.151,177.708,941.0
Victoria_intento_5_ROI_640x480.mp4,71,2366.667,True,332.000,308.000,0.000,423.000,321.000,0.379167,-0.054167,-0.923742,22.563,54.848,176.880,880.5
Victoria_intento_5_ROI_640x480.mp4,72,2400.000,True,332.000,308.000,0.000,423.000,321.000,0.379167,-0.054167,-0.923742,22.908,55.535,179.407,881.5
Victoria_intento_5_ROI_640x480.mp4,73,2433.333,True,332.000,308.000,0.000,423.000,321.000,0.379167,-0.054167,-0.923742,21.473,57.672,179.747,907.5
Victoria_intento_5_ROI_640x480.mp4,74,2466.667,True,332.000,308.000,0.000,423.000,321.000,0.379167,-0.054167,-0.923742,22.238,55.585,0.446,886.0
Victoria_intento_5_ROI_640x480.mp4,75,2500.000,True,332.000,308.000,0.000,423.000,321.000,0.379167,-0.054167,-0.923742,19.925,55.087,178.916,822.0
Victoria_intento_5_ROI_640x480.mp4,76,2533.333,True,332.000,308.000,0.000,423.000,320.000,0.379167,-0.050000,-0.923977,20.064,55.494,179.071,821.0
Victoria_intento_5_ROI_640x480.mp4,77,2566.667,False,332.000,308.000,,,,,,,,,,
Victoria_intento_5_ROI_640x480.mp4,78,2600.000,True,332.000,308.000,0.000,423.000,319.000,0.379167,-0.045833,-0.924193,20.398,53.815,179.799,814.0
Victoria_intento_5_ROI_640x480.mp4,79,2633.333,False,332.000,308.000,,,,,,,,,,
Victoria_intento_5_ROI_640x480.mp4,80,2666.667,False,331.000,308.000,,,,,,,,,,
Victoria_intento_5_ROI_640x480.mp4,81,2700.000,False,331.000,308.000,,,,,,,,,,
Victoria_intento_5_ROI_640x480.mp4,82,2733.333,True,331.000,309.000,0.000,423.000,319.000,0.383333,-0.041667,-0.922670,21.198,56.111,0.383,885.5
Victoria_intento_5_ROI_640x480.mp4,83,2766.667,True,331.000,309.000,0.000,423.000,319.000,0.383333,-0.041667,-0.922670,22.800,54.671,0.298,873.5
Victoria_intento_5_ROI_640x480.mp4,84,2800.000,True,331.000,309.000,0.000,423.000,320.000,0.383333,-0.045833,-0.922472,22.107,58.280,179.187,931.0
Victoria_intento_5_ROI_640x480.mp4,85,2833.333,True,331.000,309.000,0.000,423.000,320.000,0.383333,-0.045833,-0.922472,23.045,58.237,177.897,980.5
Victoria_intento_5_ROI_640x480.mp4,86,2866.667,True,331.000,309.000,0.000,423.000,320.000,0.383333,-0.045833,-0.922472,23.382,61.468,179.279,1068.0
Victoria_intento_5_ROI_640x480.mp4,87,2900.000,True,331.000,309.000,0.000,423.000,320.000,0.383333,-0.045833,-0.922472,21.887,58.410,179.250,885.5
Victoria_intento_5_ROI_640x480.mp4,88,2933.333,True,331.000,309.000,0.000,423.000,321.000,0.383333,-0.050000,-0.922256,24.709,57.312,178.082,966.5
Victoria_intento_5_ROI_640x480.mp4,89,2966.667,True,331.000,309.000,0.000,423.000,320.000,0.383333,-0.045833,-0.922472,21.136,56.184,0.007,871.0
Victoria_intento_5_ROI_640x480.mp4,90,3000.000,True,331.000,309.000,0.000,423.000,320.000,0.383333,-0.045833,-0.922472,20.740,57.272,178.358,860.0
Victoria_intento_5_ROI_640x480.mp4,91,3033.333,True,331.000,309.000,0.000,416.000,315.000,0.354167,-0.025000,-0.934848,24.048,47.851,6.411,801.0
Victoria_intento_5_ROI_640x480.mp4,92,3066.667,True,331.000,309.000,0.000,406.000,307.000,0.312500,0.008333,-0.949881,35.504,60.417,170.460,1594.5
Victoria_intento_5_ROI_640x480.mp4,93,3100.000,True,330.000,309.000,0.000,395.000,298.000,0.270833,0.045833,-0.961535,33.192,59.558,169.977,1485.5
Victoria_intento_5_ROI_640x480.mp4,94,3133.333,True,330.000,309.000,0.000,390.000,292.000,0.250000,0.070833,-0.965651,36.638,61.091,163.506,1692.0
Victoria_intento_5_ROI_640x480.mp4,95,3166.667,True,330.000,309.000,0.000,389.000,289.000,0.245833,0.083333,-0.965723,37.163,62.198,164.119,1769.5
Victoria_intento_5_ROI_640x480.mp4,96,3200.000,True,330.000,309.000,0.000,387.000,285.000,0.237500,0.100000,-0.966227,37.837,62.627,162.735,1798.0
Victoria_intento_5_ROI_640x480.mp4,97,3233.333,True,330.000,309.000,0.000,387.000,284.000,0.237500,0.104167,-0.965786,38.313,62.596,160.924,1826.0
Victoria_intento_5_ROI_640x480.mp4,98,3266.667,True,330.000,309.000,0.000,386.000,283.000,0.233333,0.108333,-0.966343,39.606,63.466,161.830,1901.0
Victoria_intento_5_ROI_640x480.mp4,99,3300.000,True,330.000,309.000,0.000,385.000,282.000,0.229167,0.112500,-0.966864,38.412,63.098,160.431,1861.5
Victoria_intento_5_ROI_640x480.mp4,100,3333.333,True,330.000,309.000,0.000,384.000,282.000,0.225000,0.112500,-0.967842,38.641,63.006,159.181,1860.0
Victoria_intento_5_ROI_640x480.mp4,101,3366.667,True,330.000,309.000,0.000,384.000,281.000,0.225000,0.116667,-0.967349,38.715,63.028,159.540,1858.5
Victoria_intento_5_ROI_640x480.mp4,102,3400.000,True,330.000,309.000,0.000,384.000,281.000,0.225000,0.116667,-0.967349,40.019,65.718,161.393,2025.5
Victoria_intento_5_ROI_640x480.mp4,103,3433.333,True,330.000,309.000,0.000,384.000,282.000,0.225000,0.112500,-0.967842,39.105,65.279,160.328,1952.5
Victoria_intento_5_ROI_640x480.mp4,104,3466.667,True,330.000,309.000,0.000,385.000,283.000,0.229167,0.108333,-0.967340,40.528,66.203,161.162,2061.5
Victoria_intento_5_ROI_640x480.mp4,105,3500.000,True,330.000,309.000,0.000,385.000,283.000,0.229167,0.108333,-0.967340,40.809,68.167,160.135,2142.5
Victoria_intento_5_ROI_640x480.mp4,106,3533.333,True,330.000,309.000,0.000,385.000,283.000,0.229167,0.108333,-0.967340,41.257,67.474,160.945,2158.5
Victoria_intento_5_ROI_640x480.mp4,107,3566.667,True,329.000,309.000,0.000,385.000,283.000,0.233333,0.108333,-0.966343,40.329,65.188,159.955,2026.5
Victoria_intento_5_ROI_640x480.mp4,108,3600.000,True,329.000,309.000,0.000,385.000,283.000,0.233333,0.108333,-0.966343,41.606,67.291,161.732,2169.5
Victoria_intento_5_ROI_640x480.mp4,109,3633.333,True,329.000,309.000,0.000,384.000,283.000,0.229167,0.108333,-0.967340,41.238,65.696,160.027,2081.5
Victoria_intento_5_ROI_640x480.mp4,110,3666.667,True,329.000,309.000,0.000,384.000,282.000,0.229167,0.112500,-0.966864,40.559,65.011,160.572,2040.0
Victoria_intento_5_ROI_640x480.mp4,111,3700.000,True,329.000,309.000,0.000,367.000,272.000,0.158333,0.154167,-0.975276,50.616,68.442,136.185,2653.0
Victoria_intento_5_ROI_640x480.mp4,112,3733.333,True,329.000,309.000,0.000,351.000,263.000,0.091667,0.191667,-0.977170,50.702,69.254,135.747,2703.5
Victoria_intento_5_ROI_640x480.mp4,113,3766.667,True,329.000,309.000,0.000,337.000,254.000,0.033333,0.229167,-0.972816,50.505,69.378,136.523,2701.5
Victoria_intento_5_ROI_640x480.mp4,114,3800.000,True,329.000,309.000,0.000,338.000,255.000,0.037500,0.225000,-0.973637,52.550,72.310,137.699,2931.5
Victoria_intento_5_ROI_640x480.mp4,115,3833.333,True,329.000,310.000,0.000,339.000,256.000,0.041667,0.225000,-0.973467,52.203,72.026,136.783,2902.0
Victoria_intento_5_ROI_640x480.mp4,116,3866.667,True,329.000,310.000,0.000,338.000,257.000,0.037500,0.220833,-0.974590,53.050,71.365,137.504,2927.5
Victoria_intento_5_ROI_640x480.mp4,117,3900.000,True,329.000,310.000,0.000,338.000,257.000,0.037500,0.220833,-0.974590,52.797,71.159,139.783,2886.0
Victoria_intento_5_ROI_640x480.mp4,118,3933.333,True,329.000,310.000,0.000,338.000,257.000,0.037500,0.220833,-0.974590,53.962,71.975,138.034,2995.0
Victoria_intento_5_ROI_640x480.mp4,119,3966.667,True,329.000,310.000,0.000,338.000,257.000,0.037500,0.220833,-0.974590,54.515,72.611,137.874,3018.0
Victoria_intento_5_ROI_640x480.mp4,120,4000.000,True,328.000,310.000,0.000,338.000,258.000,0.041667,0.216667,-0.975356,53.702,72.752,139.824,2981.0
Victoria_intento_5_ROI_640x480.mp4,121,4033.333,True,328.000,310.000,0.000,337.000,258.000,0.037500,0.216667,-0.975525,53.226,71.867,139.845,2912.0
Victoria_intento_5_ROI_640x480.mp4,122,4066.667,True,328.000,310.000,0.000,346.000,263.000,0.075000,0.195833,-0.977765,33.363,46.558,176.518,1114.0
Victoria_intento_5_ROI_640x480.mp4,123,4100.000,True,328.000,310.000,0.000,367.000,286.000,0.162500,0.100000,-0.981628,30.949,49.884,5.945,1146.0
Victoria_intento_5_ROI_640x480.mp4,124,4133.333,True,328.000,310.000,0.000,392.000,313.000,0.266667,-0.012500,-0.963708,32.419,57.375,6.607,1407.5
Victoria_intento_5_ROI_640x480.mp4,125,4166.667,True,328.000,310.000,0.000,409.000,335.000,0.337500,-0.104167,-0.935544,31.245,54.714,6.805,1312.5
Victoria_intento_5_ROI_640x480.mp4,126,4200.000,True,328.000,310.000,0.000,413.000,341.000,0.354167,-0.129167,-0.926219,30.994,55.265,5.497,1296.0
Victoria_intento_5_ROI_640x480.mp4,127,4233.333,True,328.000,310.000,0.000,415.000,341.000,0.362500,-0.129167,-0.922990,27.774,54.571,5.741,1159.5
Victoria_intento_5_ROI_640x480.mp4,128,4266.667,True,328.000,310.000,0.000,416.000,341.000,0.366667,-0.129167,-0.921342,27.809,55.016,3.529,1157.0
Victoria_intento_5_ROI_640x480.mp4,129,4300.000,True,328.000,310.000,0.000,417.000,340.000,0.370833,-0.125000,-0.920249,25.746,55.024,6.198,1071.0
Victoria_intento_5_ROI_640x480.mp4,130,4333.333,True,328.000,310.000,0.000,417.000,340.000,0.370833,-0.125000,-0.920249,26.907,55.905,5.666,1131.0
Victoria_intento_5_ROI_640x480.mp4,131,4366.667,True,327.000,310.000,0.000,417.000,340.000,0.375000,-0.125000,-0.918559,27.348,55.930,3.548,1144.5
Victoria_intento_5_ROI_640x480.mp4,132,4400.000,True,327.000,310.000,0.000,418.000,340.000,0.379167,-0.125000,-0.916847,27.360,56.745,4.461,1160.0
Victoria_intento_5_ROI_640x480.mp4,133,4433.333,True,327.000,310.000,0.000,418.000,340.000,0.379167,-0.125000,-0.916847,25.848,57.954,4.638,1119.0
Victoria_intento_5_ROI_640x480.mp4,134,4466.667,True,327.000,310.000,0.000,418.000,340.000,0.379167,-0.125000,-0.916847,27.246,56.325,5.264,1159.5
Victoria_intento_5_ROI_640x480.mp4,135,4500.000,True,327.000,310.000,0.000,417.000,340.000,0.375000,-0.125000,-0.918559,27.169,54.644,5.753,1125.5
Victoria_intento_5_ROI_640x480.mp4,136,4533.333,True,327.000,310.000,0.000,417.000,340.000,0.375000,-0.125000,-0.918559,27.733,54.231,7.065,1125.5
Victoria_intento_5_ROI_640x480.mp4,137,4566.667,True,327.000,310.000,0.000,417.000,340.000,0.375000,-0.125000,-0.918559,25.968,54.696,7.638,1071.5
Victoria_intento_5_ROI_640x480.mp4,138,4600.000,True,327.000,310.000,0.000,416.000,340.000,0.370833,-0.125000,-0.920249,26.750,54.581,6.189,1104.0
Victoria_intento_5_ROI_640x480.mp4,139,4633.333,True,327.000,310.000,0.000,416.000,341.000,0.370833,-0.129167,-0.919673,26.640,54.506,6.129,1088.0
Victoria_intento_5_ROI_640x480.mp4,140,4666.667,True,326.000,310.000,0.000,416.000,341.000,0.375000,-0.129167,-0.917982,26.075,53.791,4.623,1044.5
Victoria_intento_5_ROI_640x480.mp4,141,4700.000,True,326.000,310.000,0.000,416.000,341.000,0.375000,-0.129167,-0.917982,26.434,53.276,6.480,1072.0
Victoria_intento_5_ROI_640x480.mp4,142,4733.333,True,326.000,310.000,0.000,417.000,341.000,0.379167,-0.129167,-0.916269,27.555,54.252,5.345,1120.5
Victoria_intento_5_ROI_640x480.mp4,143,4766.667,False,326.000,310.000,,,,,,,,,,
Victoria_intento_5_ROI_640x480.mp4,144,4800.000,True,326.000,310.000,0.000,403.000,330.000,0.320833,-0.083333,-0.943463,44.997,61.974,170.852,2134.0
Victoria_intento_5_ROI_640x480.mp4,145,4833.333,True,326.000,310.000,0.000,390.000,318.000,0.266667,-0.033333,-0.963212,45.195,64.149,172.928,2222.5
Victoria_intento_5_ROI_640x480.mp4,146,4866.667,True,326.000,310.000,0.000,377.000,307.000,0.212500,0.012500,-0.977081,44.899,64.569,173.917,2226.5
Victoria_intento_5_ROI_640x480.mp4,147,4900.000,True,326.000,310.000,0.000,379.000,308.000,0.220833,0.008333,-0.975276,44.137,62.799,175.899,2118.0
Victoria_intento_5_ROI_640x480.mp4,148,4933.333,True,326.000,310.000,0.000,380.000,310.000,0.225000,-0.000000,-0.974359,43.799,63.143,176.902,2124.5
Victoria_intento_5_ROI_640x480.mp4,149,4966.667,True,325.000,311.000,0.000,381.000,311.000,0.233333,-0.000000,-0.972397,44.537,62.604,179.051,2152.0
Victoria_intento_5_ROI_640x480.mp4,150,5000.000,True,325.000,311.000,0.000,381.000,311.000,0.233333,-0.000000,-0.972397,45.021,63.224,175.940,2174.0
Victoria_intento_5_ROI_640x480.mp4,151,5033.333,True,325.000,311.000,0.000,381.000,312.000,0.233333,-0.004167,-0.972388,44.503,63.279,176.192,2171.0
Victoria_intento_5_ROI_640x480.mp4,152,5066.667,True,325.000,311.000,0.000,381.000,311.000,0.233333,-0.000000,-0.972397,44.445,64.547,176.980,2201.5
Victoria_intento_5_ROI_640x480.mp4,153,5100.000,True,325.000,311.000,0.000,381.000,311.000,0.233333,-0.000000,-0.972397,44.560,63.888,176.135,2182.0
Victoria_intento_5_ROI_640x480.mp4,154,5133.333,True,325.000,311.000,0.000,381.000,311.000,0.233333,-0.000000,-0.972397,45.111,64.742,176.303,2254.0
Victoria_intento_5_ROI_640x480.mp4,155,5166.667,True,325.000,311.000,0.000,381.000,311.000,0.233333,-0.000000,-0.972397,45.084,64.953,174.503,2247.5
Victoria_intento_5_ROI_640x480.mp4,156,5200.000,True,325.000,311.000,0.000,381.000,311.000,0.233333,-0.000000,-0.972397,45.560,65.353,175.019,2291.5
Victoria_intento_5_ROI_640x480.mp4,157,5233.333,True,324.000,311.000,0.000,382.000,311.000,0.241667,-0.000000,-0.970359,45.649,64.459,173.987,2251.5
Victoria_intento_5_ROI_640x480.mp4,158,5266.667,True,324.000,311.000,0.000,382.000,311.000,0.241667,-0.000000,-0.970359,45.782,64.155,173.630,2250.0
Victoria_intento_5_ROI_640x480.mp4,159,5300.000,True,324.000,311.000,0.000,382.000,311.000,0.241667,-0.000000,-0.970359,44.164,63.139,172.943,2129.0
Victoria_intento_5_ROI_640x480.mp4,160,5333.333,True,324.000,311.000,0.000,383.000,311.000,0.245833,-0.000000,-0.969312,44.900,63.379,174.007,2177.5
Victoria_intento_5_ROI_640x480.mp4,161,5366.667,True,324.000,311.000,0.000,383.000,312.000,0.245833,-0.004167,-0.969303,44.330,63.111,173.966,2141.5
Victoria_intento_5_ROI_640x480.mp4,162,5400.000,True,324.000,311.000,0.000,383.000,312.000,0.245833,-0.004167,-0.969303,44.785,64.244,175.511,2209.5
Victoria_intento_5_ROI_640x480.mp4,163,5433.333,True,324.000,311.000,0.000,383.000,312.000,0.245833,-0.004167,-0.969303,44.733,62.459,173.079,2130.5
Victoria_intento_5_ROI_640x480.mp4,164,5466.667,True,324.000,311.000,0.000,382.000,312.000,0.241667,-0.004167,-0.970350,44.479,63.084,175.458,2161.0
Victoria_intento_5_ROI_640x480.mp4,165,5500.000,True,323.000,311.000,0.000,381.000,311.000,0.241667,-0.000000,-0.970359,47.437,65.831,172.830,2418.0
Victoria_intento_5_ROI_640x480.mp4,166,5533.333,True,323.000,311.000,0.000,380.000,310.000,0.237500,0.004167,-0.971379,48.364,65.954,174.074,2446.5
Victoria_intento_5_ROI_640x480.mp4,167,5566.667,True,323.000,311.000,0.000,379.000,309.000,0.233333,0.008333,-0.972361,46.268,64.856,174.471,2300.0
Victoria_intento_5_ROI_640x480.mp4,168,5600.000,True,323.000,311.000,0.000,379.000,309.000,0.233333,0.008333,-0.972361,46.818,64.924,174.820,2347.0
Victoria_intento_5_ROI_640x480.mp4,169,5633.333,True,323.000,311.000,0.000,379.000,310.000,0.233333,0.004167,-0.972388,46.100,66.483,176.217,2353.0
Victoria_intento_5_ROI_640x480.mp4,170,5666.667,True,323.000,311.000,0.000,367.000,303.000,0.183333,0.033333,-0.982486,46.897,60.092,175.501,2127.0
Victoria_intento_5_ROI_640x480.mp4,171,5700.000,True,323.000,311.000,0.000,352.000,294.000,0.120833,0.070833,-0.990142,51.226,67.441,154.841,2633.5
Victoria_intento_5_ROI_640x480.mp4,172,5733.333,True,323.000,311.000,0.000,337.000,285.000,0.058333,0.108333,-0.992402,49.348,66.300,153.334,2527.0
Victoria_intento_5_ROI_640x480.mp4,173,5766.667,True,323.000,311.000,0.000,334.000,283.000,0.045833,0.116667,-0.992113,48.479,66.072,152.455,2442.0
Victoria_intento_5_ROI_640x480.mp4,174,5800.000,True,322.000,311.000,0.000,335.000,283.000,0.054167,0.116667,-0.991693,49.770,66.222,152.698,2529.5
Victoria_intento_5_ROI_640x480.mp4,175,5833.333,True,322.000,311.000,0.000,334.000,282.000,0.050000,0.120833,-0.991413,47.629,63.815,155.853,2322.0
Victoria_intento_5_ROI_640x480.mp4,176,5866.667,True,322.000,311.000,0.000,332.000,281.000,0.041667,0.125000,-0.991281,48.359,64.582,155.609,2362.5
Victoria_intento_5_ROI_640x480.mp4,177,5900.000,True,322.000,311.000,0.000,331.000,280.000,0.037500,0.129167,-0.990914,46.566,64.443,158.437,2278.0
Victoria_intento_5_ROI_640x480.mp4,178,5933.333,True,322.000,311.000,0.000,331.000,280.000,0.037500,0.129167,-0.990914,48.391,66.308,152.806,2417.5
Victoria_intento_5_ROI_640x480.mp4,179,5966.667,True,322.000,311.000,0.000,331.000,280.000,0.037500,0.129167,-0.990914,48.670,66.095,153.451,2407.5
Victoria_intento_5_ROI_640x480.mp4,180,6000.000,True,322.000,311.000,0.000,332.000,281.000,0.041667,0.125000,-0.991281,49.804,66.858,153.567,2551.5
Victoria_intento_5_ROI_640x480.mp4,181,6033.333,True,322.000,311.000,0.000,331.000,280.000,0.037500,0.129167,-0.990914,50.310,65.638,152.962,2505.5
Victoria_intento_5_ROI_640x480.mp4,182,6066.667,True,322.000,311.000,0.000,331.000,280.000,0.037500,0.129167,-0.990914,51.528,65.729,151.357,2570.0
Victoria_intento_5_ROI_640x480.mp4,183,6100.000,True,321.000,311.000,0.000,332.000,280.000,0.045833,0.129167,-0.990563,49.975,66.065,150.775,2507.0
Victoria_intento_5_ROI_640x480.mp4,184,6133.333,True,321.000,311.000,0.000,334.000,281.000,0.054167,0.125000,-0.990677,50.071,67.511,149.438,2574.0
Victoria_intento_5_ROI_640x480.mp4,185,6166.667,True,321.000,311.000,0.000,335.000,281.000,0.058333,0.125000,-0.990440,49.300,66.454,152.183,2493.5
Victoria_intento_5_ROI_640x480.mp4,186,6200.000,True,321.000,311.000,0.000,336.000,282.000,0.062500,0.120833,-0.990703,50.345,67.110,151.284,2603.0
Victoria_intento_5_ROI_640x480.mp4,187,6233.333,True,321.000,312.000,0.000,337.000,283.000,0.066667,0.120833,-0.990432,49.161,66.503,151.374,2505.0
Victoria_intento_5_ROI_640x480.mp4,188,6266.667,True,321.000,312.000,0.000,339.000,284.000,0.075000,0.116667,-0.990335,49.319,66.454,152.302,2527.0
Victoria_intento_5_ROI_640x480.mp4,189,6300.000,True,321.000,312.000,0.000,339.000,284.000,0.075000,0.116667,-0.990335,49.099,66.159,151.938,2474.0
Victoria_intento_5_ROI_640x480.mp4,190,6333.333,True,321.000,312.000,0.000,340.000,285.000,0.079167,0.112500,-0.990493,50.179,66.426,151.432,2521.5
Victoria_intento_5_ROI_640x480.mp4,191,6366.667,True,321.000,312.000,0.000,340.000,285.000,0.079167,0.112500,-0.990493,51.448,67.345,149.197,2586.5
Victoria_intento_5_ROI_640x480.mp4,192,6400.000,True,320.000,312.000,0.000,340.000,285.000,0.083333,0.112500,-0.990151,51.693,67.880,151.274,2660.0
Victoria_intento_5_ROI_640x480.mp4,193,6433.333,True,320.000,312.000,0.000,355.000,299.000,0.145833,0.054167,-0.987825,33.357,44.301,16.907,1072.5
Victoria_intento_5_ROI_640x480.mp4,194,6466.667,True,320.000,312.000,0.000,376.000,323.000,0.233333,-0.045833,-0.971316,31.274,50.014,11.865,1171.0
Victoria_intento_5_ROI_640x480.mp4,195,6500.000,True,320.000,312.000,0.000,399.000,348.000,0.329167,-0.150000,-0.932282,31.744,48.366,14.108,1152.5
Victoria_intento_5_ROI_640x480.mp4,196,6533.333,True,320.000,312.000,0.000,406.000,360.000,0.358333,-0.200000,-0.911920,31.624,49.530,16.100,1169.0
Victoria_intento_5_ROI_640x480.mp4,197,6566.667,True,320.000,312.000,0.000,408.000,362.000,0.366667,-0.208333,-0.906726,29.530,44.879,10.540,993.0
Victoria_intento_5_ROI_640x480.mp4,198,6600.000,True,320.000,312.000,0.000,409.000,364.000,0.370833,-0.216667,-0.903072,29.324,44.569,19.113,966.0
Victoria_intento_5_ROI_640x480.mp4,199,6633.333,True,320.000,312.000,0.000,410.000,365.000,0.375000,-0.220833,-0.900338,27.483,43.297,16.413,910.5
Victoria_intento_5_ROI_640x480.mp4,200,6666.667,True,320.000,312.000,0.000,410.000,365.000,0.375000,-0.220833,-0.900338,30.522,42.916,22.581,975.5
Victoria_intento_5_ROI_640x480.mp4,201,6700.000,True,320.000,312.000,0.000,410.000,365.000,0.375000,-0.220833,-0.900338,28.978,43.801,18.462,939.0
Victoria_intento_5_ROI_640x480.mp4,202,6733.333,True,319.000,312.000,0.000,410.000,365.000,0.379167,-0.220833,-0.898591,32.214,46.328,17.250,1119.5
Victoria_intento_5_ROI_640x480.mp4,203,6766.667,True,319.000,312.000,0.000,410.000,365.000,0.379167,-0.220833,-0.898591,30.702,44.768,17.389,1029.0
Victoria_intento_5_ROI_640x480.mp4,204,6800.000,True,319.000,312.000,0.000,409.000,364.000,0.375000,-0.216667,-0.901349,31.346,46.877,14.628,1102.5
Victoria_intento_5_ROI_640x480.mp4,205,6833.333,True,319.000,312.000,0.000,409.000,364.000,0.375000,-0.216667,-0.901349,32.912,46.375,13.201,1140.5
Victoria_intento_5_ROI_640x480.mp4,206,6866.667,True,319.000,312.000,0.000,409.000,365.000,0.375000,-0.220833,-0.900338,32.700,46.217,12.397,1133.5
Victoria_intento_5_ROI_640x480.mp4,207,6900.000,True,319.000,312.000,0.000,409.000,365.000,0.375000,-0.220833,-0.900338,30.179,45.519,13.967,1023.5
Victoria_intento_5_ROI_640x480.mp4,208,6933.333,True,319.000,312.000,0.000,410.000,366.000,0.379167,-0.225000,-0.897556,30.099,45.222,14.744,1027.5
Victoria_intento_5_ROI_640x480.mp4,209,6966.667,True,319.000,312.000,0.000,411.000,366.000,0.383333,-0.225000,-0.895785,31.583,44.778,15.018,1057.0
Victoria_intento_5_ROI_640x480.mp4,210,7000.000,True,319.000,312.000,0.000,411.000,366.000,0.383333,-0.225000,-0.895785,30.952,46.622,11.173,1083.5
Victoria_intento_5_ROI_640x480.mp4,211,7033.333,True,318.000,312.000,0.000,411.000,365.000,0.387500,-0.220833,-0.895029,29.737,44.584,9.863,989.5
Victoria_intento_5_ROI_640x480.mp4,212,7066.667,True,318.000,312.000,0.000,411.000,365.000,0.387500,-0.220833,-0.895029,29.913,46.102,10.356,1004.0
Victoria_intento_5_ROI_640x480.mp4,213,7100.000,True,318.000,312.000,0.000,411.000,364.000,0.387500,-0.216667,-0.896046,28.540,42.484,10.594,880.5
Victoria_intento_5_ROI_640x480.mp4,214,7133.333,True,318.000,312.000,0.000,411.000,364.000,0.387500,-0.216667,-0.896046,29.764,43.193,13.413,949.0
Victoria_intento_5_ROI_640x480.mp4,215,7166.667,True,318.000,312.000,0.000,411.000,365.000,0.387500,-0.220833,-0.895029,27.854,43.390,15.679,915.0
Victoria_intento_5_ROI_640x480.mp4,216,7200.000,True,318.000,312.000,0.000,410.000,364.000,0.383333,-0.216667,-0.897837,28.933,42.579,19.198,881.0
Victoria_intento_5_ROI_640x480.mp4,217,7233.333,True,318.000,312.000,0.000,397.000,354.000,0.329167,-0.175000,-0.927914,47.804,60.936,5.505,2243.5
Victoria_intento_5_ROI_640x480.mp4,218,7266.667,True,318.000,312.000,0.000,385.000,345.000,0.279167,-0.137500,-0.950347,47.798,60.028,5.133,2211.5
Victoria_intento_5_ROI_640x480.mp4,219,7300.000,True,318.000,312.000,0.000,374.000,336.000,0.233333,-0.100000,-0.967241,45.503,59.372,4.866,2061.5
Victoria_intento_5_ROI_640x480.mp4,220,7333.333,True,318.000,312.000,0.000,374.000,336.000,0.233333,-0.100000,-0.967241,45.644,59.558,7.386,2090.5
Victoria_intento_5_ROI_640x480.mp4,221,7366.667,True,318.000,312.000,0.000,375.000,336.000,0.237500,-0.100000,-0.966227,44.590,57.646,3.745,1970.0
Victoria_intento_5_ROI_640x480.mp4,222,7400.000,True,317.000,312.000,0.000,375.000,336.000,0.241667,-0.100000,-0.965193,46.552,59.215,4.746,2131.0
Victoria_intento_5_ROI_640x480.mp4,223,7433.333,True,317.000,312.000,0.000,375.000,336.000,0.241667,-0.100000,-0.965193,45.495,59.421,3.042,2074.5
Victoria_intento_5_ROI_640x480.mp4,224,7466.667,True,317.000,312.000,0.000,375.000,336.000,0.241667,-0.100000,-0.965193,46.180,60.355,6.832,2140.0
Victoria_intento_5_ROI_640x480.mp4,225,7500.000,True,317.000,312.000,0.000,375.000,337.000,0.241667,-0.104167,-0.964752,46.118,60.279,5.134,2148.0
Victoria_intento_5_ROI_640x480.mp4,226,7533.333,True,317.000,312.000,0.000,375.000,337.000,0.241667,-0.104167,-0.964752,46.807,60.455,7.690,2177.0
Victoria_intento_5_ROI_640x480.mp4,227,7566.667,True,317.000,312.000,0.000,375.000,337.000,0.241667,-0.104167,-0.964752,47.412,61.025,6.846,2222.0
Victoria_intento_5_ROI_640x480.mp4,228,7600.000,True,317.000,312.000,0.000,375.000,337.000,0.241667,-0.104167,-0.964752,48.596,61.855,6.710,2312.0
Victoria_intento_5_ROI_640x480.mp4,229,7633.333,True,317.000,312.000,0.000,375.000,338.000,0.241667,-0.108333,-0.964293,47.777,61.743,5.354,2253.0
Victoria_intento_5_ROI_640x480.mp4,230,7666.667,True,317.000,312.000,0.000,375.000,338.000,0.241667,-0.108333,-0.964293,47.552,61.504,9.179,2202.5
Victoria_intento_5_ROI_640x480.mp4,231,7700.000,True,317.000,312.000,0.000,375.000,338.000,0.241667,-0.108333,-0.964293,46.194,61.249,7.610,2163.0
Victoria_intento_5_ROI_640x480.mp4,232,7733.333,True,316.000,312.000,0.000,375.000,338.000,0.245833,-0.108333,-0.963239,48.754,61.923,7.371,2294.0
Victoria_intento_5_ROI_640x480.mp4,233,7766.667,True,316.000,313.000,0.000,375.000,338.000,0.245833,-0.104167,-0.963699,47.401,61.237,9.491,2199.0
Victoria_intento_5_ROI_640x480.mp4,234,7800.000,True,316.000,313.000,0.000,376.000,338.000,0.250000,-0.104167,-0.962626,47.905,61.821,6.620,2251.5
Victoria_intento_5_ROI_640x480.mp4,235,7833.333,True,316.000,313.000,0.000,376.000,338.000,0.250000,-0.104167,-0.962626,47.706,60.517,8.885,2196.0
Victoria_intento_5_ROI_640x480.mp4,236,7866.667,True,316.000,313.000,0.000,377.000,338.000,0.254167,-0.104167,-0.961535,47.808,60.682,6.900,2225.0
Victoria_intento_5_ROI_640x480.mp4,237,7900.000,True,316.000,313.000,0.000,377.000,338.000,0.254167,-0.104167,-0.961535,47.310,60.653,8.114,2220.5
Victoria_intento_5_ROI_640x480.mp4,238,7933.333,True,316.000,313.000,0.000,377.000,338.000,0.254167,-0.104167,-0.961535,47.369,60.418,8.683,2204.5
Victoria_intento_5_ROI_640x480.mp4,239,7966.667,True,316.000,313.000,0.000,373.000,335.000,0.237500,-0.091667,-0.967053,48.002,60.505,3.865,2209.5
Victoria_intento_5_ROI_640x480.mp4,240,8000.000,True,316.000,313.000,0.000,370.000,333.000,0.225000,-0.083333,-0.970789,48.620,62.303,1.820,2322.5
Victoria_intento_5_ROI_640x480.mp4,241,8033.333,True,316.000,313.000,0.000,367.000,329.000,0.212500,-0.066667,-0.974884,48.902,63.856,1.146,2385.0
Victoria_intento_5_ROI_640x480.mp4,242,8066.667,True,316.000,313.000,0.000,367.000,329.000,0.212500,-0.066667,-0.974884,49.990,65.055,1.811,2482.0
Victoria_intento_5_ROI_640x480.mp4,243,8100.000,True,316.000,313.000,0.000,367.000,329.000,0.212500,-0.066667,-0.974884,49.997,63.830,3.741,2422.5
Victoria_intento_5_ROI_640x480.mp4,244,8133.333,True,315.000,313.000,0.000,367.000,330.000,0.216667,-0.070833,-0.973673,50.145,65.365,5.648,2517.0
Victoria_intento_5_ROI_640x480.mp4,245,8166.667,True,315.000,313.000,0.000,367.000,330.000,0.216667,-0.070833,-0.973673,51.060,64.703,5.889,2524.0
Victoria_intento_5_ROI_640x480.mp4,246,8200.000,True,315.000,313.000,0.000,366.000,330.000,0.212500,-0.070833,-0.974590,50.344,63.799,6.444,2463.0
Victoria_intento_5_ROI_640x480.mp4,247,8233.333,True,315.000,313.000,0.000,366.000,330.000,0.212500,-0.070833,-0.974590,50.293,64.165,3.570,2446.0
Victoria_intento_5_ROI_640x480.mp4,248,8266.667,True,315.000,313.000,0.000,366.000,329.000,0.212500,-0.066667,-0.974884,49.422,65.153,2.217,2444.5
Victoria_intento_5_ROI_640x480.mp4,249,8300.000,True,315.000,313.000,0.000,366.000,329.000,0.212500,-0.066667,-0.974884,49.402,64.242,2.905,2437.5
Victoria_intento_5_ROI_640x480.mp4,250,8333.333,True,315.000,313.000,0.000,355.000,322.000,0.166667,-0.037500,-0.985300,55.509,67.921,169.359,2742.0
Victoria_intento_5_ROI_640x480.mp4,251,8366.667,True,315.000,313.000,0.000,344.000,316.000,0.120833,-0.012500,-0.992594,54.361,69.197,171.722,2786.0
Victoria_intento_5_ROI_640x480.mp4,252,8400.000,True,315.000,313.000,0.000,333.000,309.000,0.075000,0.016667,-0.997044,55.655,69.388,169.346,2890.5
Victoria_intento_5_ROI_640x480.mp4,253,8433.333,True,315.000,313.000,0.000,333.000,309.000,0.075000,0.016667,-0.997044,55.505,69.461,171.221,2847.0
Victoria_intento_5_ROI_640x480.mp4,254,8466.667,True,315.000,313.000,0.000,331.000,308.000,0.066667,0.020833,-0.997558,55.095,69.145,172.492,2714.0
Victoria_intento_5_ROI_640x480.mp4,255,8500.000,True,314.000,313.000,0.000,329.000,307.000,0.062500,0.025000,-0.997732,56.187,68.316,169.522,2716.0
Victoria_intento_5_ROI_640x480.mp4,256,8533.333,True,314.000,313.000,0.000,328.000,307.000,0.058333,0.025000,-0.997984,54.198,69.312,168.997,2722.0
Victoria_intento_5_ROI_640x480.mp4,257,8566.667,True,314.000,313.000,0.000,328.000,307.000,0.058333,0.025000,-0.997984,54.630,69.283,168.452,2742.5
Victoria_intento_5_ROI_640x480.mp4,258,8600.000,True,314.000,313.000,0.000,328.000,307.000,0.058333,0.025000,-0.997984,56.868,69.863,167.843,2822.5
Victoria_intento_5_ROI_640x480.mp4,259,8633.333,True,314.000,313.000,0.000,328.000,307.000,0.058333,0.025000,-0.997984,57.324,68.362,166.941,2786.0
Victoria_intento_5_ROI_640x480.mp4,260,8666.667,True,314.000,313.000,0.000,328.000,307.000,0.058333,0.025000,-0.997984,57.080,69.999,166.625,2853.5
Victoria_intento_5_ROI_640x480.mp4,261,8700.000,True,314.000,313.000,0.000,328.000,307.000,0.058333,0.025000,-0.997984,56.151,69.657,169.929,2838.0
Victoria_intento_5_ROI_640x480.mp4,262,8733.333,True,314.000,313.000,0.000,328.000,308.000,0.058333,0.020833,-0.998080,57.766,69.841,167.387,2904.5
Victoria_intento_5_ROI_640x480.mp4,263,8766.667,True,314.000,313.000,0.000,328.000,308.000,0.058333,0.020833,-0.998080,57.506,68.980,171.065,2816.5
Victoria_intento_5_ROI_640x480.mp4,264,8800.000,True,314.000,313.000,0.000,328.000,308.000,0.058333,0.020833,-0.998080,58.869,70.283,173.379,2940.5
Victoria_intento_5_ROI_640x480.mp4,265,8833.333,True,314.000,313.000,0.000,328.000,308.000,0.058333,0.020833,-0.998080,55.999,69.586,171.957,2812.0
Victoria_intento_5_ROI_640x480.mp4,266,8866.667,True,314.000,313.000,0.000,328.000,308.000,0.058333,0.020833,-0.998080,59.243,70.070,171.495,2913.0
Victoria_intento_5_ROI_640x480.mp4,267,8900.000,True,314.000,313.000,0.000,329.000,309.000,0.062500,0.016667,-0.997906,57.790,69.779,172.362,2960.5
Victoria_intento_5_ROI_640x480.mp4,268,8933.333,True,313.000,313.000,0.000,330.000,309.000,0.070833,0.016667,-0.997349,57.301,69.779,167.978,2928.0
Victoria_intento_5_ROI_640x480.mp4,269,8966.667,True,313.000,313.000,0.000,331.000,309.000,0.075000,0.016667,-0.997044,57.028,70.537,169.281,2883.0
Victoria_intento_5_ROI_640x480.mp4,270,9000.000,True,313.000,313.000,0.000,331.000,309.000,0.075000,0.016667,-0.997044,55.924,71.027,172.133,2915.0
Victoria_intento_5_ROI_640x480.mp4,271,9033.333,True,313.000,313.000,0.000,331.000,309.000,0.075000,0.016667,-0.997044,55.924,68.912,169.412,2811.0
Victoria_intento_5_ROI_640x480.mp4,272,9066.667,True,313.000,313.000,0.000,331.000,309.000,0.075000,0.016667,-0.997044,56.770,69.118,167.515,2849.0
Victoria_intento_5_ROI_640x480.mp4,273,9100.000,True,313.000,313.000,0.000,331.000,310.000,0.075000,0.012500,-0.997105,57.851,68.008,172.712,2812.5
Victoria_intento_5_ROI_640x480.mp4,274,9133.333,True,313.000,313.000,0.000,331.000,310.000,0.075000,0.012500,-0.997105,55.731,69.015,172.509,2811.0
